{
"type": "FeatureCollection",
"name": "barrios",
"crs": { "type": "name", "properties": { "name": "urn:ogc:def:crs:OGC:1.3:CRS84" } },
"features": [
{ "type": "Feature", "properties": { "FID_": 0, "NOM_BARRIO": "Montecarlo", "PK_BARRIO": null }, "geometry": { "type": "MultiPolygon", "coordinates": [ [ [ [ -75.442877628801213, 6.379792654689089, 0.0 ], [ -75.443087968940802, 6.379713679999191, 0.0 ], [ -75.44382442337546, 6.379461082803186, 0.0 ], [ -75.443824114412195, 6.379461188775037, 0.0 ], [ -75.443846865225353, 6.379452674933721, 0.0 ], [ -75.443858411209533, 6.379444960337175, 0.0 ], [ -75.443865217494036, 6.379455971195533, 0.0 ], [ -75.443962412682552, 6.379579562764311, 0.0 ], [ -75.444139552028588, 6.379453889242487, 0.0 ], [ -75.444152070228554, 6.379472117022557, 0.0 ], [ -75.444267236679522, 6.379386564515486, 0.0 ], [ -75.444249824126999, 6.379362744858903, 0.0 ], [ -75.444417298208748, 6.379238452858822, 0.0 ], [ -75.444423467664976, 6.379247838184006, 0.0 ], [ -75.444485431352618, 6.379204281912275, 0.0 ], [ -75.444477815153604, 6.379194538815389, 0.0 ], [ -75.444584421756787, 6.379118320172796, 0.0 ], [ -75.44459530508162, 6.37913338825016, 0.0 ], [ -75.444742074021661, 6.379038711956425, 0.0 ], [ -75.444763072627893, 6.379067678669653, 0.0 ], [ -75.444782322532987, 6.379093171230354, 0.0 ], [ -75.444796248229281, 6.379080000225556, 0.0 ], [ -75.444842174604318, 6.379056893810812, 0.0 ], [ -75.4449340623746, 6.379023815013487, 0.0 ], [ -75.445209747317946, 6.378932787436629, 0.0 ], [ -75.445288554247668, 6.378921907179119, 0.0 ], [ -75.445350733211697, 6.378916064806488, 0.0 ], [ -75.445604250781713, 6.378923283866929, 0.0 ], [ -75.445786731710754, 6.378907924277661, 0.0 ], [ -75.445803060469601, 6.378952823892107, 0.0 ], [ -75.445871338684725, 6.379041777856991, 0.0 ], [ -75.445876750326363, 6.379037966697832, 0.0 ], [ -75.445871338684725, 6.379041777856991, 0.0 ], [ -75.445876750326363, 6.379037966697832, 0.0 ], [ -75.445897056891411, 6.379062682622592, 0.0 ], [ -75.445938633630888, 6.379032378695022, 0.0 ], [ -75.445986232611119, 6.379092368881004, 0.0 ], [ -75.446033996644644, 6.379180563570111, 0.0 ], [ -75.446165446255705, 6.379078080758744, 0.0 ], [ -75.446168789892397, 6.379136181317821, 0.0 ], [ -75.446186089547851, 6.379253836876194, 0.0 ], [ -75.44617684574277, 6.379277817499236, 0.0 ], [ -75.446187413038643, 6.379344143434277, 0.0 ], [ -75.446181008117463, 6.379655318813371, 0.0 ], [ -75.446150391556827, 6.379661456793395, 0.0 ], [ -75.446152814694855, 6.379689293714595, 0.0 ], [ -75.446152925545874, 6.379781229297032, 0.0 ], [ -75.446163839628028, 6.379878370531719, 0.0 ], [ -75.446102805791753, 6.379963700176087, 0.0 ], [ -75.446033226092609, 6.379997604021525, 0.0 ], [ -75.445970530278316, 6.380003555824311, 0.0 ], [ -75.445940860825047, 6.380025868773467, 0.0 ], [ -75.445916261559972, 6.380195791924854, 0.0 ], [ -75.445903410294164, 6.38024633280993, 0.0 ], [ -75.445851429848915, 6.380309696761829, 0.0 ], [ -75.44581927464499, 6.380383187282536, 0.0 ], [ -75.445810390897037, 6.380440429514905, 0.0 ], [ -75.445823166313858, 6.380487860890054, 0.0 ], [ -75.445866941487409, 6.380571094249133, 0.0 ], [ -75.445894220396426, 6.380601215758541, 0.0 ], [ -75.445885306175285, 6.380681424733782, 0.0 ], [ -75.445884310645624, 6.380714966002088, 0.0 ], [ -75.445799502856318, 6.380901898538905, 0.0 ], [ -75.445776025811412, 6.380884282531202, 0.0 ], [ -75.445555425395781, 6.38082857921796, 0.0 ], [ -75.445125788493598, 6.380780507224689, 0.0 ], [ -75.444568963872769, 6.380720180583319, 0.0 ], [ -75.44395798176005, 6.380636814733814, 0.0 ], [ -75.442840536475515, 6.380493294007647, 0.0 ], [ -75.442919191377783, 6.379873046453493, 0.0 ], [ -75.442877628801213, 6.379792654689089, 0.0 ] ] ] ] } },
{ "type": "Feature", "properties": { "FID_": 0, "NOM_BARRIO": "San Jose", "PK_BARRIO": null }, "geometry": { "type": "MultiPolygon", "coordinates": [ [ [ [ -75.441673508751293, 6.377705015155105, 0.0 ], [ -75.441299440227368, 6.37697935743809, 0.0 ], [ -75.441859086151879, 6.377016899547289, 0.0 ], [ -75.441875547313543, 6.37682686716725, 0.0 ], [ -75.442009661638664, 6.376833383401252, 0.0 ], [ -75.442227209751607, 6.376851160078854, 0.0 ], [ -75.442293623643465, 6.376850351824986, 0.0 ], [ -75.44229176319115, 6.376932892503897, 0.0 ], [ -75.442418672723704, 6.376948558120298, 0.0 ], [ -75.442419265638407, 6.376933550052026, 0.0 ], [ -75.442632027486326, 6.376952423999739, 0.0 ], [ -75.442716222626572, 6.376944020250848, 0.0 ], [ -75.442839338413648, 6.376853093584778, 0.0 ], [ -75.443219987122816, 6.377341108135282, 0.0 ], [ -75.443058857908582, 6.377398140786751, 0.0 ], [ -75.442978791887967, 6.377430354246766, 0.0 ], [ -75.44294342489971, 6.377451149469846, 0.0 ], [ -75.442908937511916, 6.37746498159259, 0.0 ], [ -75.442874977330135, 6.377471037806258, 0.0 ], [ -75.442834937873513, 6.377465448317801, 0.0 ], [ -75.442760648618204, 6.377429032439151, 0.0 ], [ -75.442685876331723, 6.377376345689145, 0.0 ], [ -75.442615287414199, 6.377301770936922, 0.0 ], [ -75.442572540895029, 6.37726554285484, 0.0 ], [ -75.442504468471611, 6.377254241856765, 0.0 ], [ -75.442477438367987, 6.377252143391269, 0.0 ], [ -75.442444302897911, 6.377262536631855, 0.0 ], [ -75.442378234674052, 6.377289198836084, 0.0 ], [ -75.442333614411041, 6.377298718192661, 0.0 ], [ -75.442288060268908, 6.377298084234156, 0.0 ], [ -75.442187172777949, 6.377306736269044, 0.0 ], [ -75.442103049894939, 6.377306958498273, 0.0 ], [ -75.442052694907574, 6.377344916022783, 0.0 ], [ -75.441989825309449, 6.377424936681147, 0.0 ], [ -75.441922758213408, 6.377509148351897, 0.0 ], [ -75.441847307436987, 6.377606024523358, 0.0 ], [ -75.441742399874855, 6.377686130553592, 0.0 ], [ -75.441673508751293, 6.377705015155105, 0.0 ] ] ] ] } },
{ "type": "Feature", "properties": { "FID_": 0, "NOM_BARRIO": "El Salado", "PK_BARRIO": null }, "geometry": { "type": "MultiPolygon", "coordinates": [ [ [ [ -75.441418398547, 6.375018370238936, 1433.832284687233368 ], [ -75.440991423791402, 6.374489568975803, 1433.832284687233368 ], [ -75.441169383661759, 6.374134195969903, 1433.832284687233368 ], [ -75.441378417433995, 6.37376633925464, 1433.832284687233368 ], [ -75.441405043898811, 6.373717211728784, 1433.832284687233368 ], [ -75.441521981228064, 6.373752144610435, 1433.832284687233368 ], [ -75.441638918568003, 6.373787077462141, 1433.832284687233368 ], [ -75.441639800851391, 6.373886316445312, 1433.832284687233368 ], [ -75.441656228314983, 6.373939495037121, 1433.832284687233368 ], [ -75.441719226336517, 6.374104472698603, 1433.832284687233368 ], [ -75.441750267383938, 6.374142070046852, 1433.832284687233368 ], [ -75.442208820546625, 6.373747501378653, 1433.832284687233368 ], [ -75.442395183054131, 6.373917123914158, 1433.832284687233368 ], [ -75.441985454946703, 6.374417284035496, 1433.832284687233368 ], [ -75.441418398547, 6.375018370238936, 1433.832284687233368 ] ] ] ] } },
{ "type": "Feature", "properties": { "FID_": 0, "NOM_BARRIO": "El Naranjal", "PK_BARRIO": null }, "geometry": { "type": "MultiPolygon", "coordinates": [ [ [ [ -75.441985803747372, 6.375748628064649, 0.0 ], [ -75.441418398547015, 6.375018370238935, 0.0 ], [ -75.441876139690223, 6.374533159580342, 0.0 ], [ -75.442222856221008, 6.374961808483762, 0.0 ], [ -75.442107442751592, 6.375063297598501, 0.0 ], [ -75.442347448308908, 6.375370664898857, 0.0 ], [ -75.441985803747372, 6.375748628064649, 0.0 ] ] ] ] } },
{ "type": "Feature", "properties": { "FID_": 0, "NOM_BARRIO": "Aurelio Mejia", "PK_BARRIO": null }, "geometry": { "type": "MultiPolygon", "coordinates": [ [ [ [ -75.444267236679522, 6.379386564515486, 0.0 ], [ -75.444267236679508, 6.379386564515479, 0.0 ], [ -75.444152070228554, 6.379472117022557, 0.0 ], [ -75.444139552028588, 6.379453889242487, 0.0 ], [ -75.443962412682552, 6.379579562764311, 0.0 ], [ -75.443865217494036, 6.379455971195533, 0.0 ], [ -75.443858411209533, 6.379444960337175, 0.0 ], [ -75.443846865225353, 6.379452674933721, 0.0 ], [ -75.44382442337546, 6.379461082803186, 0.0 ], [ -75.443087968940802, 6.379713679999191, 0.0 ], [ -75.442877628801213, 6.379792654689089, 0.0 ], [ -75.442919191377783, 6.379873046453502, 0.0 ], [ -75.442879863930813, 6.380183170228813, 0.0 ], [ -75.442840536475515, 6.380493294007653, 0.0 ], [ -75.442621797729188, 6.380445897279015, 0.0 ], [ -75.442455301059184, 6.380368555435096, 0.0 ], [ -75.442117961742568, 6.38020326012077, 0.0 ], [ -75.441898363668884, 6.380115452212791, 0.0 ], [ -75.441749687643991, 6.380087560772186, 0.0 ], [ -75.441557409455456, 6.380144680513713, 0.0 ], [ -75.441313068699188, 6.38023465716768, 0.0 ], [ -75.440003289041016, 6.380807915962107, 0.0 ], [ -75.439900322502979, 6.380840379387055, 0.0 ], [ -75.439887389685651, 6.380818658621678, 0.0 ], [ -75.439814241228504, 6.380694762150102, 0.0 ], [ -75.439690745009401, 6.380463296466228, 0.0 ], [ -75.439726722670144, 6.380436808667113, 0.0 ], [ -75.439755167407512, 6.380429411163964, 0.0 ], [ -75.439879282125105, 6.380416884438369, 0.0 ], [ -75.43991465595208, 6.380398530130526, 0.0 ], [ -75.439958571311891, 6.380329619213208, 0.0 ], [ -75.439957448897289, 6.380246634204693, 0.0 ], [ -75.439985726671281, 6.380206236313868, 0.0 ], [ -75.440109986210132, 6.380145705959514, 0.0 ], [ -75.440154957700116, 6.380134648780486, 0.0 ], [ -75.440207672438774, 6.380112994265584, 0.0 ], [ -75.440250705316529, 6.380086393252828, 0.0 ], [ -75.440325142040194, 6.380039997741133, 0.0 ], [ -75.44037757109237, 6.380016540182472, 0.0 ], [ -75.440402088070073, 6.379993152059495, 0.0 ], [ -75.440530442029143, 6.379905124467765, 0.0 ], [ -75.440622442033558, 6.379840697033056, 0.0 ], [ -75.44066825982911, 6.379804411903147, 0.0 ], [ -75.440719538871292, 6.379752386548193, 0.0 ], [ -75.440763371044056, 6.379720540198335, 0.0 ], [ -75.440802247876789, 6.379697660274176, 0.0 ], [ -75.440844749151225, 6.379671689795948, 0.0 ], [ -75.440883301146343, 6.379662641969463, 0.0 ], [ -75.440928021762531, 6.379655921022972, 0.0 ], [ -75.440966210055777, 6.37964597011788, 0.0 ], [ -75.440997895294032, 6.379630514747028, 0.0 ], [ -75.441023417372563, 6.379611372818577, 0.0 ], [ -75.441043328336647, 6.379557987312142, 0.0 ], [ -75.441068209779402, 6.37948756059764, 0.0 ], [ -75.441078130221399, 6.379422381381504, 0.0 ], [ -75.441092891111253, 6.37936918996987, 0.0 ], [ -75.441115064731292, 6.379310639047779, 0.0 ], [ -75.441144042040563, 6.379234357712518, 0.0 ], [ -75.44116932065316, 6.379157179081461, 0.0 ], [ -75.441197679247992, 6.379079718434396, 0.0 ], [ -75.441225430012352, 6.379014827888868, 0.0 ], [ -75.441233071615571, 6.378968886681384, 0.0 ], [ -75.441254547413422, 6.37892308716876, 0.0 ], [ -75.441292270928869, 6.378870645492798, 0.0 ], [ -75.441359182251674, 6.378781150615136, 0.0 ], [ -75.441454360002865, 6.378657142778932, 0.0 ], [ -75.441509060308846, 6.378597422296745, 0.0 ], [ -75.441567123671703, 6.37854818140052, 0.0 ], [ -75.441626435316067, 6.378495503714972, 0.0 ], [ -75.441683063458498, 6.378450244155784, 0.0 ], [ -75.441764382798198, 6.378376351183133, 0.0 ], [ -75.441796732869861, 6.378345079007514, 0.0 ], [ -75.441822124214809, 6.378310659641299, 0.0 ], [ -75.441836405836725, 6.378278077636666, 0.0 ], [ -75.441846074715073, 6.3782438806027, 0.0 ], [ -75.441831799322799, 6.378173314089504, 0.0 ], [ -75.441810811284299, 6.378129977225232, 0.0 ], [ -75.441782452729456, 6.378101485531096, 0.0 ], [ -75.441741419821241, 6.378066881110143, 0.0 ], [ -75.441711160702837, 6.378034415760083, 0.0 ], [ -75.441693904222419, 6.378001193903114, 0.0 ], [ -75.441686489994382, 6.377965234031691, 0.0 ], [ -75.441685297378541, 6.377927088928441, 0.0 ], [ -75.441689541942253, 6.377891911813601, 0.0 ], [ -75.44168159794026, 6.377860654123192, 0.0 ], [ -75.441665074353779, 6.377831227106875, 0.0 ], [ -75.441636804948232, 6.377802283113622, 0.0 ], [ -75.44160350951239, 6.377783386296066, 0.0 ], [ -75.441575382279964, 6.377774058908808, 0.0 ], [ -75.441562687130244, 6.377760171279901, 0.0 ], [ -75.441575471648051, 6.377739435227213, 0.0 ], [ -75.441604617620897, 6.377723899748464, 0.0 ], [ -75.441742399874855, 6.377686130553592, 0.0 ], [ -75.441847307436987, 6.377606024523353, 0.0 ], [ -75.442052694907574, 6.377344916022785, 0.0 ], [ -75.442103049894939, 6.377306958498273, 0.0 ], [ -75.442187172777949, 6.377306736269044, 0.0 ], [ -75.442287029915306, 6.377298172596603, 0.0 ], [ -75.442333620969791, 6.377298718374942, 0.0 ], [ -75.442378228187593, 6.377289198638375, 0.0 ], [ -75.442444302897869, 6.377262536631861, 0.0 ], [ -75.442477438367973, 6.377252143391268, 0.0 ], [ -75.442504468471611, 6.377254241856765, 0.0 ], [ -75.442572534723325, 6.377265542618809, 0.0 ], [ -75.442615287414284, 6.377301770936997, 0.0 ], [ -75.442685870343624, 6.377376345632631, 0.0 ], [ -75.44276065448517, 6.377429032410321, 0.0 ], [ -75.442834937873513, 6.377465448317801, 0.0 ], [ -75.442908943138633, 6.377464981505523, 0.0 ], [ -75.442978791887981, 6.377430354246762, 0.0 ], [ -75.443058857908611, 6.377398140786748, 0.0 ], [ -75.443224102083505, 6.377338117970234, 0.0 ], [ -75.443277454653852, 6.377317921342549, 0.0 ], [ -75.443394406597704, 6.377301238341974, 0.0 ], [ -75.443581647025511, 6.377319455926049, 0.0 ], [ -75.443667566784384, 6.377331819845502, 0.0 ], [ -75.443758270502727, 6.377371134021454, 0.0 ], [ -75.443798571710417, 6.377378592688895, 0.0 ], [ -75.443821905130051, 6.377385488749617, 0.0 ], [ -75.443862292335069, 6.377393034494563, 0.0 ], [ -75.44390601136547, 6.377387319919678, 0.0 ], [ -75.443932466930434, 6.377374010733686, 0.0 ], [ -75.443983202212777, 6.377359531798135, 0.0 ], [ -75.444070370203548, 6.377348268123501, 0.0 ], [ -75.444126396184259, 6.377351120089361, 0.0 ], [ -75.444339757140753, 6.377374036263006, 0.0 ], [ -75.444591362502052, 6.377363438280175, 0.0 ], [ -75.44477014617074, 6.377332187279274, 0.0 ], [ -75.444809606411724, 6.377317367304945, 0.0 ], [ -75.445008006344906, 6.377599902283449, 0.0 ], [ -75.445425736893952, 6.378213255914281, 0.0 ], [ -75.445782942427684, 6.37863415442294, 0.0 ], [ -75.445934836526519, 6.378823481689583, 0.0 ], [ -75.445786731710754, 6.378907924277661, 0.0 ], [ -75.445604250781713, 6.378923283866929, 0.0 ], [ -75.445350733211697, 6.378916064806488, 0.0 ], [ -75.44524613242433, 6.378927764030576, 0.0 ], [ -75.445209747317946, 6.378932787436629, 0.0 ], [ -75.445054677085835, 6.378984913928296, 0.0 ], [ -75.4449340623746, 6.379023815013487, 0.0 ], [ -75.444796248229281, 6.379080000225556, 0.0 ], [ -75.444782322532987, 6.379093171230354, 0.0 ], [ -75.444742074021661, 6.379038711956425, 0.0 ], [ -75.44459530508162, 6.37913338825016, 0.0 ], [ -75.444584421756787, 6.379118320172796, 0.0 ], [ -75.444477815153604, 6.379194538815389, 0.0 ], [ -75.444485431352618, 6.379204281912275, 0.0 ], [ -75.444423467664976, 6.379247838184006, 0.0 ], [ -75.444417298208748, 6.379238452858822, 0.0 ], [ -75.444249824126999, 6.379362744858903, 0.0 ], [ -75.444267236679522, 6.379386564515486, 0.0 ] ] ] ] } },
{ "type": "Feature", "properties": { "FID_": 0, "NOM_BARRIO": "La Ceiba", "PK_BARRIO": null }, "geometry": { "type": "MultiPolygon", "coordinates": [ [ [ [ -75.442354071132328, 6.376222591253929, 0.0 ], [ -75.442354071132925, 6.376222591253471, 0.0 ], [ -75.442063968231125, 6.375849226517248, 0.0 ], [ -75.442063359409204, 6.375848207148374, 0.0 ], [ -75.442062762638358, 6.375847180671847, 0.0 ], [ -75.44206217800145, 6.375846147230261, 0.0 ], [ -75.442061605579681, 6.375845106967157, 0.0 ], [ -75.442061045452576, 6.375844060027037, 0.0 ], [ -75.442060497697952, 6.375843006555332, 0.0 ], [ -75.44205996239188, 6.375841946698368, 0.0 ], [ -75.442059439608727, 6.375840880603373, 0.0 ], [ -75.44205892942108, 6.375839808418435, 0.0 ], [ -75.442058431899852, 6.375838730292481, 0.0 ], [ -75.442057947114137, 6.375837646375276, 0.0 ], [ -75.442057475131264, 6.375836556817377, 0.0 ], [ -75.442057016016804, 6.37583546177014, 0.0 ], [ -75.44205656983452, 6.375834361385661, 0.0 ], [ -75.442056136646414, 6.375833255816799, 0.0 ], [ -75.442055716512627, 6.375832145217123, 0.0 ], [ -75.442055309491536, 6.3758310297409, 0.0 ], [ -75.442054915639673, 6.375829909543085, 0.0 ], [ -75.442054535011764, 6.375828784779273, 0.0 ], [ -75.442054167660658, 6.375827655605696, 0.0 ], [ -75.442053813637386, 6.375826522179215, 0.0 ], [ -75.442053472991134, 6.375825384657264, 0.0 ], [ -75.442053145769194, 6.375824243197855, 0.0 ], [ -75.442052832017055, 6.37582309795954, 0.0 ], [ -75.442052531778302, 6.375821949101403, 0.0 ], [ -75.442052245094587, 6.375820796783024, 0.0 ], [ -75.442051972005771, 6.375819641164473, 0.0 ], [ -75.442051712549798, 6.375818482406268, 0.0 ], [ -75.442047510617542, 6.375828045413121, 0.0 ], [ -75.441985803747372, 6.375748628064649, 0.0 ], [ -75.442347448308908, 6.37537066489886, 0.0 ], [ -75.442649876866113, 6.375773607810062, 0.0 ], [ -75.442791207041523, 6.375883305457132, 0.0 ], [ -75.443396641715353, 6.375413392316084, 0.0 ], [ -75.444365869912644, 6.376680999963379, 0.0 ], [ -75.444398015402825, 6.376644725213731, 0.0 ], [ -75.44453591142296, 6.376834207957463, 0.0 ], [ -75.444695444365976, 6.377055990281526, 0.0 ], [ -75.444865104134124, 6.37729516330988, 0.0 ], [ -75.444809606411468, 6.377317367304574, 0.0 ], [ -75.444770146170754, 6.37733218727927, 0.0 ], [ -75.444593605102753, 6.37736418390558, 0.0 ], [ -75.444555182074268, 6.377366141229345, 0.0 ], [ -75.444339757140753, 6.377374036263006, 0.0 ], [ -75.444208372625596, 6.377360040394906, 0.0 ], [ -75.444132189507656, 6.377351414994347, 0.0 ], [ -75.444126396184259, 6.377351120089361, 0.0 ], [ -75.444086593727874, 6.377349093972018, 0.0 ], [ -75.44408524008297, 6.377348960607197, 0.0 ], [ -75.444084417934491, 6.377348983214628, 0.0 ], [ -75.444070370203562, 6.377348268123502, 0.0 ], [ -75.444059542699449, 6.377349667232879, 0.0 ], [ -75.444041594636914, 6.37735016076727, 0.0 ], [ -75.44401727187774, 6.377355129385462, 0.0 ], [ -75.443983202212777, 6.377359531798135, 0.0 ], [ -75.443951671081024, 6.377368530215728, 0.0 ], [ -75.443938607746063, 6.37737119877275, 0.0 ], [ -75.44393295838735, 6.377373870480771, 0.0 ], [ -75.443932466930448, 6.377374010733685, 0.0 ], [ -75.443929410422399, 6.377375548392666, 0.0 ], [ -75.443903949504843, 6.377387589428413, 0.0 ], [ -75.443862292335069, 6.377393034494563, 0.0 ], [ -75.443810644136406, 6.377382160626551, 0.0 ], [ -75.443798571710417, 6.377378592688895, 0.0 ], [ -75.443758270502727, 6.377371134021451, 0.0 ], [ -75.443667566784384, 6.377331819845502, 0.0 ], [ -75.443581647025468, 6.377319455926046, 0.0 ], [ -75.44357965490758, 6.377319262103025, 0.0 ], [ -75.443540083280098, 6.377313609501954, 0.0 ], [ -75.44339440659769, 6.377301238341971, 0.0 ], [ -75.443277454653852, 6.377317921342551, 0.0 ], [ -75.443224102083491, 6.377338117970254, 0.0 ], [ -75.443219078193209, 6.377339942834542, 0.0 ], [ -75.442839338413378, 6.376853093584463, 0.0 ], [ -75.442354071132328, 6.376222591253929, 0.0 ] ] ] ] } },
{ "type": "Feature", "properties": { "FID_": 0, "NOM_BARRIO": "Guayacanes", "PK_BARRIO": null }, "geometry": { "type": "MultiPolygon", "coordinates": [ [ [ [ -75.443396641715353, 6.375413392316085, 1433.832284687233368 ], [ -75.442887467718464, 6.374764512363242, 1433.832284687233368 ], [ -75.442963490387299, 6.37471995543985, 1433.832284687233368 ], [ -75.443365681506222, 6.37460126671104, 1433.832284687233368 ], [ -75.443518130165941, 6.374460500654366, 1433.832284687233368 ], [ -75.44367057874102, 6.374319734569582, 1433.832284687233368 ], [ -75.443745580281089, 6.374392993824955, 1433.832284687233368 ], [ -75.444238495380745, 6.37390694000907, 1433.832284687233368 ], [ -75.445143478264853, 6.374797989837874, 1433.832284687233368 ], [ -75.445122149833693, 6.374852251994024, 1433.832284687233368 ], [ -75.445106655056918, 6.374883100295604, 1433.832284687233368 ], [ -75.445102807063421, 6.37491366992385, 1433.832284687233368 ], [ -75.445101716887493, 6.374948800179239, 1433.832284687233368 ], [ -75.445109871373589, 6.375021820837159, 1433.832284687233368 ], [ -75.445126609498431, 6.375147187924338, 1433.832284687233368 ], [ -75.445129414679457, 6.375180717145542, 1433.832284687233368 ], [ -75.445129244635467, 6.375216088485429, 1433.832284687233368 ], [ -75.445087553778762, 6.37540275878609, 1433.832284687233368 ], [ -75.445078901494071, 6.375443201933728, 1433.832284687233368 ], [ -75.445068866929901, 6.375480432605064, 1433.832284687233368 ], [ -75.445050153061842, 6.375542028773597, 1433.832284687233368 ], [ -75.445041967451488, 6.375587064518121, 1433.832284687233368 ], [ -75.445040629941658, 6.375610495005838, 1433.832284687233368 ], [ -75.44504118770233, 6.375669292253519, 1433.832284687233368 ], [ -75.44504033694021, 6.375709258735456, 1433.832284687233368 ], [ -75.445033978673493, 6.375749237432609, 1433.832284687233368 ], [ -75.445029438487751, 6.375778646744743, 1433.832284687233368 ], [ -75.445026717927021, 6.375798405394711, 1433.832284687233368 ], [ -75.44502033881804, 6.375825981332861, 1433.832284687233368 ], [ -75.445018073356366, 6.375843442157678, 1433.832284687233368 ], [ -75.445015842019259, 6.375867762875483, 1433.832284687233368 ], [ -75.445014089772883, 6.375881155463724, 1433.832284687233368 ], [ -75.445009650112453, 6.37592071237632, 1433.832284687233368 ], [ -75.445006200384512, 6.37594818921903, 1433.832284687233368 ], [ -75.445004437268835, 6.375978939169865, 1433.832284687233368 ], [ -75.445004572713003, 6.376030157150358, 1433.832284687233368 ], [ -75.44500041931245, 6.376075387466974, 1433.832284687233368 ], [ -75.444991375705953, 6.376115044649464, 1433.832284687233368 ], [ -75.444976429133234, 6.376156778574163, 1433.832284687233368 ], [ -75.444958833268146, 6.376192922895187, 1433.832284687233368 ], [ -75.444930059874309, 6.376242240077687, 1433.832284687233368 ], [ -75.444896158510261, 6.37626780007743, 1433.832284687233368 ], [ -75.444842881289219, 6.376304559122583, 1433.832284687233368 ], [ -75.444785545348537, 6.376344303540685, 1433.832284687233368 ], [ -75.444735310842844, 6.376382099693197, 1433.832284687233368 ], [ -75.444703489266686, 6.376407706794396, 1433.832284687233368 ], [ -75.444666524002329, 6.376440343624307, 1433.832284687233368 ], [ -75.444647717784321, 6.376451872642074, 1433.832284687233368 ], [ -75.44461585349876, 6.37647378954269, 1433.832284687233368 ], [ -75.444574871909296, 6.376495897693855, 1433.832284687233368 ], [ -75.444528113996881, 6.376520726258327, 1433.832284687233368 ], [ -75.444478552868105, 6.376555588276117, 1433.832284687233368 ], [ -75.444441181620249, 6.376600405066307, 1433.832284687233368 ], [ -75.444365869912644, 6.376680999963379, 1433.832284687233368 ], [ -75.443396641715353, 6.375413392316085, 1433.832284687233368 ] ] ] ] } },
{ "type": "Feature", "properties": { "FID_": null, "NOM_BARRIO": "El Paraiso", "PK_BARRIO": null }, "geometry": { "type": "MultiPolygon", "coordinates": [ [ [ [ -75.438256270096488, 6.373116036489852, 0.0 ], [ -75.438254016050692, 6.373065813812426, 0.0 ], [ -75.438272356246529, 6.372989598593006, 0.0 ], [ -75.438317464423278, 6.372794647562777, 0.0 ], [ -75.438326813358799, 6.372619466916225, 0.0 ], [ -75.438067021747727, 6.371848597519121, 0.0 ], [ -75.438079287094169, 6.371839030457496, 0.0 ], [ -75.438091552440127, 6.371829463395673, 0.0 ], [ -75.438097730328622, 6.371819801200384, 0.0 ], [ -75.438105836755753, 6.371802667907464, 0.0 ], [ -75.438103558978924, 6.371776265946533, 0.0 ], [ -75.438080129844323, 6.371733260168027, 0.0 ], [ -75.438045729554887, 6.371631269176297, 0.0 ], [ -75.438031159016575, 6.371568248293313, 0.0 ], [ -75.438019256774353, 6.371517605883649, 0.0 ], [ -75.438013934590231, 6.371323145417044, 0.0 ], [ -75.438223460668297, 6.371443845271431, 0.0 ], [ -75.438303366943643, 6.371470292847104, 0.0 ], [ -75.438597854263151, 6.37161409706333, 0.0 ], [ -75.438664930834818, 6.371643761401668, 0.0 ], [ -75.438739775219204, 6.371642217256014, 0.0 ], [ -75.438831452124575, 6.371684383020091, 0.0 ], [ -75.439073410700146, 6.371796097236451, 0.0 ], [ -75.439175849716051, 6.371863140770524, 0.0 ], [ -75.439389507196495, 6.371986839794621, 0.0 ], [ -75.43983637981728, 6.372194549319032, 0.0 ], [ -75.439999611070945, 6.372250385784302, 0.0 ], [ -75.440050258432066, 6.372256907152773, 0.0 ], [ -75.440069914937794, 6.372350131214545, 0.0 ], [ -75.440090700549661, 6.372444921541025, 0.0 ], [ -75.439967856053059, 6.372699215576133, 0.0 ], [ -75.43995318928495, 6.372824152576154, 0.0 ], [ -75.43996599374718, 6.372941524450949, 0.0 ], [ -75.439888850487378, 6.373069123692718, 0.0 ], [ -75.439716631527375, 6.373157006169768, 0.0 ], [ -75.439576939303421, 6.373259790793293, 0.0 ], [ -75.439495932136055, 6.373354844417153, 0.0 ], [ -75.439368165324041, 6.373624585788807, 0.0 ], [ -75.439239392872224, 6.373769649089629, 0.0 ], [ -75.439009726629848, 6.373914223808889, 0.0 ], [ -75.438847009098012, 6.373999802901935, 0.0 ], [ -75.438602951280927, 6.374113746542283, 0.0 ], [ -75.438504962317651, 6.374212198260298, 0.0 ], [ -75.43849928722895, 6.374752787879021, 0.0 ], [ -75.438159481515257, 6.374649234363821, 0.0 ], [ -75.438125983162024, 6.374642649467005, 0.0 ], [ -75.438091954815761, 6.37462569997003, 0.0 ], [ -75.438045777328909, 6.37456958638312, 0.0 ], [ -75.438022259419753, 6.374530703513067, 0.0 ], [ -75.437989407351736, 6.374470051066981, 0.0 ], [ -75.437967096476171, 6.374438642541431, 0.0 ], [ -75.437951282830838, 6.374420352670445, 0.0 ], [ -75.437914204883498, 6.374391014166596, 0.0 ], [ -75.437893295997142, 6.374363726803703, 0.0 ], [ -75.437810970359095, 6.374265080145913, 0.0 ], [ -75.437776738355637, 6.374209393339828, 0.0 ], [ -75.437768394416395, 6.374188587330499, 0.0 ], [ -75.437767865181129, 6.374171212221207, 0.0 ], [ -75.437785341784647, 6.374146849979414, 0.0 ], [ -75.437806201447202, 6.374123420104102, 0.0 ], [ -75.437812507830159, 6.374100066330731, 0.0 ], [ -75.437812080725195, 6.374090625738416, 0.0 ], [ -75.437798338086409, 6.37403988786648, 0.0 ], [ -75.437795417441549, 6.374011520835472, 0.0 ], [ -75.437802470498241, 6.373990333204112, 0.0 ], [ -75.437888415746073, 6.373919792036924, 0.0 ], [ -75.437908121783906, 6.373893560767748, 0.0 ], [ -75.437919319192446, 6.373866202372424, 0.0 ], [ -75.437934493341899, 6.373793361466894, 0.0 ], [ -75.437958235392301, 6.373698304430516, 0.0 ], [ -75.43799734451494, 6.373685834998034, 0.0 ], [ -75.438065593820781, 6.373658217315724, 0.0 ], [ -75.438095925299976, 6.373640376995262, 0.0 ], [ -75.438162828918834, 6.373590170247018, 0.0 ], [ -75.438200248802829, 6.373552754302088, 0.0 ], [ -75.438232688361822, 6.373519219807671, 0.0 ], [ -75.438259894898735, 6.373475545732793, 0.0 ], [ -75.438282483642993, 6.373399342089068, 0.0 ], [ -75.438275716679811, 6.373348789286209, 0.0 ], [ -75.43826829117296, 6.373309304085645, 0.0 ], [ -75.438258590198444, 6.373273425343325, 0.0 ], [ -75.438253033911536, 6.373233054795848, 0.0 ], [ -75.438253436879975, 6.373209435985784, 0.0 ], [ -75.438257526174382, 6.373175665943982, 0.0 ], [ -75.438256270096488, 6.373116036489852, 0.0 ] ] ] ] } },
{ "type": "Feature", "properties": { "FID_": null, "NOM_BARRIO": "Centro", "PK_BARRIO": null }, "geometry": { "type": "MultiPolygon", "coordinates": [ [ [ [ -75.445782942427684, 6.37863415442294, 0.0 ], [ -75.445425736893952, 6.378213255914281, 0.0 ], [ -75.445008006344906, 6.377599902283449, 0.0 ], [ -75.444809606411454, 6.377317367304577, 0.0 ], [ -75.444809048530587, 6.377316565083381, 0.0 ], [ -75.444857507876549, 6.37729806435828, 0.0 ], [ -75.444892451737715, 6.377284719123483, 0.0 ], [ -75.444941742216059, 6.377266870116569, 0.0 ], [ -75.444971269122476, 6.377258746294917, 0.0 ], [ -75.445023055304333, 6.377262044429684, 0.0 ], [ -75.44506732977095, 6.377260932813152, 0.0 ], [ -75.445115992251104, 6.377244803066347, 0.0 ], [ -75.44516529801831, 6.377232739642007, 0.0 ], [ -75.445210602531233, 6.377211104337841, 0.0 ], [ -75.445246411200671, 6.377186510951052, 0.0 ], [ -75.445270808741469, 6.377152274906284, 0.0 ], [ -75.445287981433836, 6.37711959480169, 0.0 ], [ -75.445306481564344, 6.377076334305322, 0.0 ], [ -75.445324623833741, 6.377034430767315, 0.0 ], [ -75.445348181325585, 6.376990072072639, 0.0 ], [ -75.445375097968679, 6.376951670926066, 0.0 ], [ -75.445401484637316, 6.376917881615315, 0.0 ], [ -75.445431314361215, 6.376887608812225, 0.0 ], [ -75.445466967866565, 6.376872688696865, 0.0 ], [ -75.445500393668553, 6.376869616963161, 0.0 ], [ -75.445536166233296, 6.376865544605765, 0.0 ], [ -75.445573199071745, 6.376859660895689, 0.0 ], [ -75.445607132594347, 6.376843570118365, 0.0 ], [ -75.445636980001154, 6.376819986907339, 0.0 ], [ -75.445656695934161, 6.376792272097259, 0.0 ], [ -75.445672069020546, 6.376762489573517, 0.0 ], [ -75.445688067219137, 6.376729902974324, 0.0 ], [ -75.445704592035256, 6.376691438938824, 0.0 ], [ -75.445722724933518, 6.376646009795222, 0.0 ], [ -75.44573932718933, 6.376602663920028, 0.0 ], [ -75.445753118675114, 6.376555709463438, 0.0 ], [ -75.44576703826975, 6.376537650408276, 0.0 ], [ -75.445780820738321, 6.376511396295548, 0.0 ], [ -75.445785997935772, 6.376498852354454, 0.0 ], [ -75.445850483145065, 6.376450644794006, 0.0 ], [ -75.4459118000008, 6.376418887367713, 0.0 ], [ -75.445957691752227, 6.376397250463421, 0.0 ], [ -75.446005447496773, 6.376374460239546, 0.0 ], [ -75.446042599055545, 6.376350695236446, 0.0 ], [ -75.44605684203492, 6.376337775418693, 0.0 ], [ -75.446086629095902, 6.376310925191928, 0.0 ], [ -75.446122508877181, 6.376279099526982, 0.0 ], [ -75.446153336561665, 6.376250360865095, 0.0 ], [ -75.446176117789236, 6.376220016306772, 0.0 ], [ -75.446192126231935, 6.37619131690117, 0.0 ], [ -75.446205423598229, 6.3761625342768, 0.0 ], [ -75.446214891577185, 6.376120834508026, 0.0 ], [ -75.446221846191833, 6.376085469441167, 0.0 ], [ -75.446223466865263, 6.37604912409781, 0.0 ], [ -75.446227519154959, 6.376009698691606, 0.0 ], [ -75.446232732261777, 6.37596502697438, 0.0 ], [ -75.446238145950431, 6.375927857977409, 0.0 ], [ -75.446248963840105, 6.375884075418767, 0.0 ], [ -75.446256519860782, 6.375850607172181, 0.0 ], [ -75.446263434173645, 6.375840445580706, 0.0 ], [ -75.446267333500629, 6.375825510895617, 0.0 ], [ -75.446270071791744, 6.375816317557175, 0.0 ], [ -75.4462732667224, 6.375805745115887, 0.0 ], [ -75.446275086323269, 6.375796094454243, 0.0 ], [ -75.446277362563592, 6.375785064689962, 0.0 ], [ -75.446280780595814, 6.375770702009301, 0.0 ], [ -75.446283736190836, 6.375754273222146, 0.0 ], [ -75.446286013203988, 6.375743702819108, 0.0 ], [ -75.446289670184711, 6.375734966803726, 0.0 ], [ -75.446292867433797, 6.375725772446191, 0.0 ], [ -75.446296981826762, 6.375716116689338, 0.0 ], [ -75.446301556724137, 6.375707378635824, 0.0 ], [ -75.446309790147609, 6.375690823289349, 0.0 ], [ -75.446315282961521, 6.375682083197712, 0.0 ], [ -75.446321234733702, 6.375673342086973, 0.0 ], [ -75.446327189597881, 6.375666438421018, 0.0 ], [ -75.446332685503421, 6.37565953577414, 0.0 ], [ -75.446339555965011, 6.375651251986363, 0.0 ], [ -75.446345051097254, 6.375643889978149, 0.0 ], [ -75.446351005960793, 6.375636986312076, 0.0 ], [ -75.446357419009487, 6.375629622265651, 0.0 ], [ -75.446363833604153, 6.3756231769416, 0.0 ], [ -75.446369789240293, 6.375616732636558, 0.0 ], [ -75.446382253117562, 6.375604945270325, 0.0 ], [ -75.446391781361498, 6.375594175020924, 0.0 ], [ -75.446402090530015, 6.375583816463969, 0.0 ], [ -75.446411022823213, 6.375573460964183, 0.0 ], [ -75.446416978458132, 6.375567016658909, 0.0 ], [ -75.446423851236503, 6.375560110954111, 0.0 ], [ -75.446430722468463, 6.375552286526879, 0.0 ], [ -75.446437137061238, 6.375545841202312, 0.0 ], [ -75.446445843352933, 6.375537553337145, 0.0 ], [ -75.446452717676792, 6.375531566354469, 0.0 ], [ -75.446459133042197, 6.375525580390895, 0.0 ], [ -75.446466007365743, 6.37551959340815, 0.0 ], [ -75.446473798059372, 6.375512685664539, 0.0 ], [ -75.446481589525916, 6.375506237282095, 0.0 ], [ -75.446489840723672, 6.375500247241559, 0.0 ], [ -75.446499007518312, 6.375492877079, 0.0 ], [ -75.446507716900726, 6.375486426657895, 0.0 ], [ -75.446524221614453, 6.375475824659554, 0.0 ], [ -75.447043192178711, 6.376128580563858, 0.0 ], [ -75.447595645996387, 6.37567602993498, 0.0 ], [ -75.447758040780684, 6.375875478293205, 0.0 ], [ -75.448491286652796, 6.376761912271216, 0.0 ], [ -75.449138605229464, 6.376246957574065, 0.0 ], [ -75.449968207842787, 6.377129557026212, 0.0 ], [ -75.451068886515017, 6.378464730078586, 0.0 ], [ -75.450236459565517, 6.378647171455975, 0.0 ], [ -75.450160239253094, 6.378680064379892, 0.0 ], [ -75.449469620809197, 6.379281230498566, 0.0 ], [ -75.448969070777352, 6.379693747982074, 0.0 ], [ -75.448740210991687, 6.379881070491783, 0.0 ], [ -75.448766421264594, 6.379913787948738, 0.0 ], [ -75.449114533039264, 6.38035093895061, 0.0 ], [ -75.448587260984326, 6.380770988414473, 0.0 ], [ -75.448557130361792, 6.380790470880958, 0.0 ], [ -75.448434465512221, 6.380839579912872, 0.0 ], [ -75.448378233086984, 6.380652427591794, 0.0 ], [ -75.448290009588362, 6.380520913075253, 0.0 ], [ -75.448259816062858, 6.380516202016698, 0.0 ], [ -75.448218559560644, 6.38049687546387, 0.0 ], [ -75.448157988875735, 6.380452288071511, 0.0 ], [ -75.448087713358802, 6.380414542621157, 0.0 ], [ -75.447923207714453, 6.380367014806386, 0.0 ], [ -75.447797693661784, 6.380221814145395, 0.0 ], [ -75.447686546571703, 6.380162167314565, 0.0 ], [ -75.447573965960871, 6.380173860398122, 0.0 ], [ -75.447523498981838, 6.380204964850267, 0.0 ], [ -75.447238475444749, 6.380329599538329, 0.0 ], [ -75.447170029147628, 6.380344450464751, 0.0 ], [ -75.447129589973898, 6.380341324501337, 0.0 ], [ -75.44710967672664, 6.380336461191392, 0.0 ], [ -75.446957560769775, 6.38015919688258, 0.0 ], [ -75.446929763046072, 6.38012993066787, 0.0 ], [ -75.446573854802793, 6.380414920644536, 0.0 ], [ -75.446314447959139, 6.380068553699251, 0.0 ], [ -75.446167035624484, 6.379906816615423, 0.0 ], [ -75.446163839628028, 6.379878370531719, 0.0 ], [ -75.446152925545874, 6.379781229297015, 0.0 ], [ -75.446152814694855, 6.379689293714595, 0.0 ], [ -75.446150391556827, 6.379661456793395, 0.0 ], [ -75.446181008117463, 6.379655318813371, 0.0 ], [ -75.446187413038643, 6.379344143434277, 0.0 ], [ -75.44617684574277, 6.379277817499236, 0.0 ], [ -75.446186089547851, 6.379253836876194, 0.0 ], [ -75.446168789892397, 6.379136181317821, 0.0 ], [ -75.446165446255705, 6.379078080758744, 0.0 ], [ -75.446033996644644, 6.379180563570111, 0.0 ], [ -75.445986232611119, 6.379092368881004, 0.0 ], [ -75.445954753814348, 6.379052694166782, 0.0 ], [ -75.445938633630888, 6.379032378695022, 0.0 ], [ -75.445897056891411, 6.379062682622592, 0.0 ], [ -75.445876750326363, 6.379037966697832, 0.0 ], [ -75.445871338684725, 6.379041777856991, 0.0 ], [ -75.445803060469615, 6.378952823892091, 0.0 ], [ -75.445786731710754, 6.378907924277661, 0.0 ], [ -75.445934836526519, 6.378823481689583, 0.0 ], [ -75.445782942427684, 6.37863415442294, 0.0 ] ] ] ] } },
{ "type": "Feature", "properties": { "FID_": 0, "NOM_BARRIO": "Santana", "PK_BARRIO": null }, "geometry": { "type": "MultiPolygon", "coordinates": [ [ [ [ -75.44565627358628, 6.372383413597206, 0.0 ], [ -75.445879509117404, 6.372022656034391, 0.0 ], [ -75.444860365361976, 6.371190581233632, 0.0 ], [ -75.446485285310459, 6.370647427252163, 0.0 ], [ -75.446600286699535, 6.370790990225633, 0.0 ], [ -75.446721376681822, 6.370930906644742, 0.0 ], [ -75.446748439854375, 6.370959521654319, 0.0 ], [ -75.447050326558269, 6.371067012201603, 0.0 ], [ -75.447098772641553, 6.371086992656918, 0.0 ], [ -75.447132914679386, 6.371098763738146, 0.0 ], [ -75.447155552270928, 6.371105137563264, 0.0 ], [ -75.447172917530082, 6.371110551463287, 0.0 ], [ -75.447207278626166, 6.371120941548142, 0.0 ], [ -75.447237603958257, 6.371127716428806, 0.0 ], [ -75.447257944168157, 6.371123924927489, 0.0 ], [ -75.447271511284214, 6.371115315652657, 0.0 ], [ -75.447277916216024, 6.37110933334572, 0.0 ], [ -75.44728523723451, 6.371102889271786, 0.0 ], [ -75.447293019494424, 6.371097360122257, 0.0 ], [ -75.447300799195474, 6.371090914326405, 0.0 ], [ -75.44730766408901, 6.371085388620411, 0.0 ], [ -75.447316603582749, 6.371070591821417, 0.0 ], [ -75.447331714697611, 6.371061143513796, 0.0 ], [ -75.447339199514815, 6.371059591067503, 0.0 ], [ -75.447348919759122, 6.371062683071103, 0.0 ], [ -75.447387949968103, 6.371077661346851, 0.0 ], [ -75.447530291258502, 6.37110234988153, 0.0 ], [ -75.447600905676168, 6.371111698605685, 0.0 ], [ -75.447638912516808, 6.371112472131682, 0.0 ], [ -75.447664159836364, 6.371106415616402, 0.0 ], [ -75.447768877860042, 6.371073481199836, 0.0 ], [ -75.447787461773203, 6.37106974480283, 0.0 ], [ -75.447804402983735, 6.371071049827149, 0.0 ], [ -75.447820950867808, 6.371077408926888, 0.0 ], [ -75.447835410448619, 6.371081710427759, 0.0 ], [ -75.44784481197685, 6.371080756788086, 0.0 ], [ -75.44786858689568, 6.371070381290441, 0.0 ], [ -75.447884706829413, 6.371060644187718, 0.0 ], [ -75.447902497446222, 6.371052362933518, 0.0 ], [ -75.447918778231198, 6.371048063716609, 0.0 ], [ -75.447938281337372, 6.371038458687541, 0.0 ], [ -75.447972653848154, 6.371018153034451, 0.0 ], [ -75.448003979858797, 6.371000178458917, 0.0 ], [ -75.44801977177724, 6.370988431796238, 0.0 ], [ -75.448070611122517, 6.370961201960323, 0.0 ], [ -75.448099017453188, 6.370949637087634, 0.0 ], [ -75.448120083144119, 6.37093786819287, 0.0 ], [ -75.448150404366942, 6.370940057333137, 0.0 ], [ -75.448196722838986, 6.370951788530755, 0.0 ], [ -75.448294078581682, 6.370992216486428, 0.0 ], [ -75.448331265196842, 6.371004682635537, 0.0 ], [ -75.448331265196586, 6.371004682635253, 0.0 ], [ -75.448365233908575, 6.371013950754715, 0.0 ], [ -75.448393711846649, 6.371019802042651, 0.0 ], [ -75.448422126162711, 6.371019003622415, 0.0 ], [ -75.448447357294938, 6.371012720433899, 0.0 ], [ -75.448505102400318, 6.371010214025323, 0.0 ], [ -75.448522197905191, 6.371016649629285, 0.0 ], [ -75.448536389262372, 6.371030738576773, 0.0 ], [ -75.44854927528435, 6.371043986076849, 0.0 ], [ -75.448565797666475, 6.371055817130197, 0.0 ], [ -75.448564445292206, 6.371064535104961, 0.0 ], [ -75.448548151837869, 6.371060929693287, 0.0 ], [ -75.448530929455671, 6.371052968977081, 0.0 ], [ -75.448511873623218, 6.371045707307604, 0.0 ], [ -75.448498429398626, 6.371042344443827, 0.0 ], [ -75.44847973512536, 6.371040561971021, 0.0 ], [ -75.448465727285765, 6.371039697933198, 0.0 ], [ -75.44845200400222, 6.371041807241066, 0.0 ], [ -75.448440591106063, 6.371043566077267, 0.0 ], [ -75.448423585103185, 6.371049022765264, 0.0 ], [ -75.448409848730535, 6.371057778342751, 0.0 ], [ -75.448401645626845, 6.371063745392624, 0.0 ], [ -75.448388559301534, 6.371071841511713, 0.0 ], [ -75.448375969229943, 6.371080367850198, 0.0 ], [ -75.44836081409602, 6.371089610277474, 0.0 ], [ -75.448346883246572, 6.371094914398136, 0.0 ], [ -75.448337486951502, 6.371097236708979, 0.0 ], [ -75.448310201711905, 6.37109963082417, 0.0 ], [ -75.448296574216826, 6.371098526882805, 0.0 ], [ -75.448282897096774, 6.371095154724409, 0.0 ], [ -75.448265098202924, 6.37108628419687, 0.0 ], [ -75.448241344484344, 6.371070807461211, 0.0 ], [ -75.448222475432601, 6.371057798837956, 0.0 ], [ -75.448208951392857, 6.371050753624817, 0.0 ], [ -75.448184140278002, 6.3710453388186, 0.0 ], [ -75.448164418869496, 6.37104610037526, 0.0 ], [ -75.448151161052266, 6.371049573869429, 0.0 ], [ -75.448138072121978, 6.371056048664757, 0.0 ], [ -75.448124574970791, 6.3710682497104, 0.0 ], [ -75.448111997601998, 6.371081354617674, 0.0 ], [ -75.448109000543397, 6.371088795869377, 0.0 ], [ -75.448102138220875, 6.371095238229824, 0.0 ], [ -75.448097113189547, 6.371102590346241, 0.0 ], [ -75.448094846655394, 6.371112223742155, 0.0 ], [ -75.448092577561155, 6.371120940492108, 0.0 ], [ -75.448090772269794, 6.371131488811533, 0.0 ], [ -75.448088964418417, 6.37114112048484, 0.0 ], [ -75.448087615249918, 6.371150750435649, 0.0 ], [ -75.448083975226794, 6.371161305645353, 0.0 ], [ -75.448078955314756, 6.371170491053781, 0.0 ], [ -75.448073010356666, 6.371176929969281, 0.0 ], [ -75.44806615187251, 6.371184747298911, 0.0 ], [ -75.448059749511131, 6.371191646259949, 0.0 ], [ -75.448052429783488, 6.371198548666251, 0.0 ], [ -75.448045567458919, 6.371204991026526, 0.0 ], [ -75.448038703854081, 6.371210975063931, 0.0 ], [ -75.448031841528888, 6.371217417424317, 0.0 ], [ -75.448025436606869, 6.371223399739013, 0.0 ], [ -75.448023201834062, 6.37123017920536, 0.0 ], [ -75.448021836760134, 6.371235237430084, 0.0 ], [ -75.447999221636266, 6.371347111134155, 0.0 ], [ -75.447997646047455, 6.371360222405064, 0.0 ], [ -75.447996105297619, 6.371383373708776, 0.0 ], [ -75.448006971750985, 6.371414724196367, 0.0 ], [ -75.44801782440544, 6.371441037289273, 0.0 ], [ -75.448033516494192, 6.371475586118228, 0.0 ], [ -75.448039081279774, 6.37149733173321, 0.0 ], [ -75.448036840175618, 6.37151660027401, 0.0 ], [ -75.448030894619649, 6.371535038733402, 0.0 ], [ -75.448025006330852, 6.371548950409942, 0.0 ], [ -75.44801406810231, 6.371572125930206, 0.0 ], [ -75.448001289523162, 6.371586362710693, 0.0 ], [ -75.447982489992697, 6.371599751412476, 0.0 ], [ -75.447965545918052, 6.371609443723499, 0.0 ], [ -75.447949928784084, 6.371617309225813, 0.0 ], [ -75.44791605811443, 6.3716275043263, 0.0 ], [ -75.447897492548108, 6.371631695231747, 0.0 ], [ -75.447877092656967, 6.371635896790021, 0.0 ], [ -75.447867465913333, 6.371637770001133, 0.0 ], [ -75.447849821350161, 6.371643107022511, 0.0 ], [ -75.447838597886715, 6.37165117651411, 0.0 ], [ -75.447833555867717, 6.371662740047332, 0.0 ], [ -75.447826233571448, 6.371668725806071, 0.0 ], [ -75.447819836321074, 6.371677458058145, 0.0 ], [ -75.447814813840992, 6.371685726819807, 0.0 ], [ -75.447812086057851, 6.371694445292317, 0.0 ], [ -75.447811654251709, 6.371704071798734, 0.0 ], [ -75.447811682408911, 6.37171415490573, 0.0 ], [ -75.447813082776975, 6.371722857876263, 0.0 ], [ -75.44781586047543, 6.37173201400253, 0.0 ], [ -75.447819095577614, 6.371740710083189, 0.0 ], [ -75.447824166693835, 6.371749857597035, 0.0 ], [ -75.44782969137421, 6.371757170096234, 0.0 ], [ -75.447835217334557, 6.371764940918221, 0.0 ], [ -75.447840740735288, 6.37177179509411, 0.0 ], [ -75.447846269255862, 6.371780482562078, 0.0 ], [ -75.447850420446116, 6.371788716874312, 0.0 ], [ -75.447855031600028, 6.371797407787109, 0.0 ], [ -75.447859641474238, 6.371805640376857, 0.0 ], [ -75.447864250068505, 6.37181341464329, 0.0 ], [ -75.447867485172239, 6.371822110723365, 0.0 ], [ -75.447873014973908, 6.371831256513765, 0.0 ], [ -75.447878546055605, 6.371840860627175, 0.0 ], [ -75.447883154650725, 6.371848634893485, 0.0 ], [ -75.447887304562343, 6.371856410882177, 0.0 ], [ -75.447890539666858, 6.371865106961956, 0.0 ], [ -75.447892862524242, 6.371875639778873, 0.0 ], [ -75.447892895803676, 6.371887556177607, 0.0 ], [ -75.447893386486811, 6.371899012530698, 0.0 ], [ -75.447893438966162, 6.371917803774798, 0.0 ], [ -75.447893923249538, 6.37192696851278, 0.0 ], [ -75.447894406252971, 6.371935674927764, 0.0 ], [ -75.447895350500119, 6.371945296266185, 0.0 ], [ -75.447895377379965, 6.37195492104972, 0.0 ], [ -75.447894484332551, 6.371963632632323, 0.0 ], [ -75.447892679037736, 6.371974180952166, 0.0 ], [ -75.44789224595398, 6.371983349135264, 0.0 ], [ -75.447890896782852, 6.371992979086469, 0.0 ], [ -75.44788909276798, 6.372003985729389, 0.0 ], [ -75.44788728619308, 6.372014075726221, 0.0 ], [ -75.447884562250707, 6.372024169168187, 0.0 ], [ -75.447882754395764, 6.372033800842017, 0.0 ], [ -75.447879566649519, 6.372042062714455, 0.0 ], [ -75.447875462815702, 6.372050786355087, 0.0 ], [ -75.447870901578, 6.372059970041225, 0.0 ], [ -75.447866795183955, 6.37206777703576, 0.0 ], [ -75.447858109631923, 6.372078351193998, 0.0 ], [ -75.44785078861112, 6.372084795277244, 0.0 ], [ -75.44784392755389, 6.372091695960889, 0.0 ], [ -75.447837063936532, 6.372097679998423, 0.0 ], [ -75.447829745475104, 6.372105040727549, 0.0 ], [ -75.447822421893619, 6.372110568164457, 0.0 ], [ -75.447813715860747, 6.372113809153653, 0.0 ], [ -75.447805008547789, 6.372116591819693, 0.0 ], [ -75.44779538642689, 6.372120294576716, 0.0 ], [ -75.447786681673463, 6.372123993888607, 0.0 ], [ -75.44777751951608, 6.372128153245881, 0.0 ], [ -75.447769273446212, 6.372131850834997, 0.0 ], [ -75.447760571252374, 6.372136466792643, 0.0 ], [ -75.44775278514588, 6.372140620982026, 0.0 ], [ -75.447743625547574, 6.37214569698496, 0.0 ], [ -75.44773400726487, 6.372150774710252, 0.0 ], [ -75.447726221158248, 6.37215492889939, 0.0 ], [ -75.447717980206988, 6.3721604597801, 0.0 ], [ -75.447711577830702, 6.372167358740125, 0.0 ], [ -75.44770655918515, 6.372177002471161, 0.0 ], [ -75.447701995383724, 6.3721852695106, 0.0 ], [ -75.447696974178172, 6.372193996595452, 0.0 ], [ -75.447692411656377, 6.372202721957866, 0.0 ], [ -75.44768830781851, 6.372211445597749, 0.0 ], [ -75.447683747856033, 6.37222108760645, 0.0 ], [ -75.447680560105837, 6.372229349478531, 0.0 ], [ -75.447676914951472, 6.372238071396083, 0.0 ], [ -75.44767143506111, 6.372246800203329, 0.0 ], [ -75.447665952610905, 6.372254612364411, 0.0 ], [ -75.447659550232856, 6.372261511324201, 0.0 ], [ -75.447652689170738, 6.372268412006264, 0.0 ], [ -75.447645371983967, 6.372276231056937, 0.0 ], [ -75.447639427009648, 6.372282669971042, 0.0 ], [ -75.447633023351102, 6.372289110607544, 0.0 ], [ -75.447624792635239, 6.372298308071971, 0.0 ], [ -75.447616095556185, 6.372304757320269, 0.0 ], [ -75.447607858440733, 6.372311663169179, 0.0 ], [ -75.447601453501619, 6.372317645482367, 0.0 ], [ -75.447593673790038, 6.372324091285674, 0.0 ], [ -75.447585892798429, 6.372330078765813, 0.0 ], [ -75.447577649283204, 6.372334692999009, 0.0 ], [ -75.447569867011467, 6.372340222155898, 0.0 ], [ -75.447562089858636, 6.372347584605028, 0.0 ], [ -75.447555228793959, 6.37235448528638, 0.0 ], [ -75.447549743781408, 6.372361380800655, 0.0 ], [ -75.447544262607977, 6.372369651284175, 0.0 ], [ -75.447539238838772, 6.372377461722228, 0.0 ], [ -75.447534676313026, 6.37238618708415, 0.0 ], [ -75.447529653823295, 6.372394455845255, 0.0 ], [ -75.447525547421932, 6.372402262838632, 0.0 ], [ -75.447521904823603, 6.372411901402045, 0.0 ], [ -75.447516426208807, 6.372421088531633, 0.0 ], [ -75.447511402438764, 6.372428898969624, 0.0 ], [ -75.44750546641923, 6.372438546144555, 0.0 ], [ -75.44749952400079, 6.372445901704012, 0.0 ], [ -75.447493122898024, 6.372453258985731, 0.0 ], [ -75.447487180479243, 6.372460614545129, 0.0 ], [ -75.447481695464802, 6.372467510059069, 0.0 ], [ -75.447473918308887, 6.372474872507536, 0.0 ], [ -75.447466139873043, 6.372481776632825, 0.0 ], [ -75.447458358877583, 6.372487764111825, 0.0 ], [ -75.447450576602122, 6.372493293267713, 0.0 ], [ -75.447441878237882, 6.372499284191028, 0.0 ], [ -75.447434554646335, 6.372504811624462, 0.0 ], [ -75.447427691018618, 6.372510795658631, 0.0 ], [ -75.447419916420543, 6.372519074752841, 0.0 ], [ -75.447413971440724, 6.372525513665458, 0.0 ], [ -75.447407110371785, 6.372532414345713, 0.0 ], [ -75.447399789338732, 6.372538858425013, 0.0 ], [ -75.447393385674047, 6.372545299059836, 0.0 ], [ -75.447386983289078, 6.372552198017457, 0.0 ], [ -75.447381038308222, 6.372558636930103, 0.0 ], [ -75.447375097166415, 6.372566450811793, 0.0 ], [ -75.447369613428961, 6.372573804648303, 0.0 ], [ -75.447365509583349, 6.372582528287423, 0.0 ], [ -75.447362323106276, 6.372591248482088, 0.0 ], [ -75.447359140468066, 6.372601343646167, 0.0 ], [ -75.447355959109402, 6.372611897133289, 0.0 ], [ -75.447353235155376, 6.372621990575193, 0.0 ], [ -75.447350968605988, 6.372631623971754, 0.0 ], [ -75.447348245931508, 6.372642175736631, 0.0 ], [ -75.447345058174321, 6.372650437608216, 0.0 ], [ -75.447340951768624, 6.372658244601099, 0.0 ], [ -75.447336847922145, 6.372666968240156, 0.0 ], [ -75.447332742795865, 6.372675233556151, 0.0 ], [ -75.447328177705415, 6.372683042271206, 0.0 ], [ -75.447323153930455, 6.372690852708423, 0.0 ], [ -75.447317670191225, 6.372698206544732, 0.0 ], [ -75.447313826749493, 6.372703559147772, 0.0 ], [ -75.447308998693984, 6.3727138222524, 0.0 ], [ -75.447305353531107, 6.372722544169238, 0.0 ], [ -75.447302627016668, 6.372731720964851, 0.0 ], [ -75.447301276555606, 6.372740892593922, 0.0 ], [ -75.44730222335582, 6.372751430581505, 0.0 ], [ -75.447303165037624, 6.372760135276475, 0.0 ], [ -75.447305026647754, 6.372769753173333, 0.0 ], [ -75.447308261752269, 6.372778449257353, 0.0 ], [ -75.447312412946303, 6.372786683573716, 0.0 ], [ -75.447316105455968, 6.37279491961236, 0.0 ], [ -75.447321631424259, 6.372802690438912, 0.0 ], [ -75.447328532166637, 6.372809997775598, 0.0 ], [ -75.447335430349938, 6.372816388465898, 0.0 ], [ -75.447340498913903, 6.37282461933748, 0.0 ], [ -75.447343275334944, 6.372833317143255, 0.0 ], [ -75.447346511720312, 6.372842471549828, 0.0 ], [ -75.447356217038362, 6.372868559800233, 0.0 ], [ -75.447360830757802, 6.372878167363022, 0.0 ], [ -75.447366354168452, 6.372885021542451, 0.0 ], [ -75.447372337543456, 6.37289233232274, 0.0 ], [ -75.447377867352969, 6.372901478117655, 0.0 ], [ -75.447382475954313, 6.372909252387611, 0.0 ], [ -75.44738754835933, 6.372918858227628, 0.0 ], [ -75.447392158240717, 6.37292709082061, 0.0 ], [ -75.447396314556613, 6.37293715842821, 0.0 ], [ -75.447399548384467, 6.372945396187955, 0.0 ], [ -75.44740785589812, 6.372963698110363, 0.0 ], [ -75.447412017333804, 6.37297559901006, 0.0 ], [ -75.447415257561019, 6.37298612838502, 0.0 ], [ -75.447418033984732, 6.372994826189983, 0.0 ], [ -75.447419674972352, 6.373004496309124, 0.0 ], [ -75.447356413175427, 6.373124907688019, 0.0 ], [ -75.447300226452867, 6.373233052658795, 0.0 ], [ -75.447258608955224, 6.373279797717901, 0.0 ], [ -75.447216927598575, 6.373301998293031, 0.0 ], [ -75.447207189803933, 6.373333931688306, 0.0 ], [ -75.447177979817653, 6.373429733168157, 0.0 ], [ -75.447138798087082, 6.373469108828711, 0.0 ], [ -75.447065261836073, 6.373515937806963, 0.0 ], [ -75.447037723424216, 6.373521809641442, 0.0 ], [ -75.447032603748241, 6.373518152490668, 0.0 ], [ -75.446855123424783, 6.373371753506075, 0.0 ], [ -75.446888854076747, 6.373322643813412, 0.0 ], [ -75.446832247327606, 6.373288832388094, 0.0 ], [ -75.446805097741333, 6.37331216419204, 0.0 ], [ -75.44674741333202, 6.373263797890403, 0.0 ], [ -75.446753704977738, 6.373255453283917, 0.0 ], [ -75.446703562877829, 6.373218778289944, 0.0 ], [ -75.446583803268823, 6.373097937267328, 0.0 ], [ -75.446335650142899, 6.372848202068092, 0.0 ], [ -75.446075321541102, 6.372591670535518, 0.0 ], [ -75.446010851735593, 6.372712262538355, 0.0 ], [ -75.445900780811897, 6.372611595113741, 0.0 ], [ -75.44565627358628, 6.372383413597206, 0.0 ] ] ] ] } },
{ "type": "Feature", "properties": { "FID_": 0, "NOM_BARRIO": "Guaduales", "PK_BARRIO": null }, "geometry": { "type": "MultiPolygon", "coordinates": [ [ [ [ -75.438597854263151, 6.37161409706333, 0.0 ], [ -75.438303366943643, 6.371470292847104, 0.0 ], [ -75.438223430716732, 6.371443782275324, 0.0 ], [ -75.438015646282409, 6.371324097518045, 0.0 ], [ -75.438015881128848, 6.371256562831908, 0.0 ], [ -75.438015325115799, 6.371204198877392, 0.0 ], [ -75.438010597718062, 6.371129797108605, 0.0 ], [ -75.438011851099091, 6.371063188769958, 0.0 ], [ -75.438013996831543, 6.370982797761457, 0.0 ], [ -75.438014847462412, 6.370946507267483, 0.0 ], [ -75.438009268591387, 6.370907936647913, 0.0 ], [ -75.438101490706288, 6.370877445699223, 0.0 ], [ -75.438141485430364, 6.370913171370722, 0.0 ], [ -75.438201248052735, 6.370966760460799, 0.0 ], [ -75.438256413561419, 6.371016227305215, 0.0 ], [ -75.438321227170434, 6.371071181368302, 0.0 ], [ -75.438376856757998, 6.371123403069113, 0.0 ], [ -75.438433409360002, 6.371178378449843, 0.0 ], [ -75.438482600091916, 6.37122326723902, 0.0 ], [ -75.438501907355899, 6.371240213146146, 0.0 ], [ -75.438553849221663, 6.371283716782936, 0.0 ], [ -75.438607615805182, 6.371321244208067, 0.0 ], [ -75.438632876598817, 6.371331284546788, 0.0 ], [ -75.438676046525742, 6.371346790759504, 0.0 ], [ -75.438724725515314, 6.37136320142524, 0.0 ], [ -75.438778922941736, 6.371385569317209, 0.0 ], [ -75.438813368633134, 6.371398801331282, 0.0 ], [ -75.438882712148441, 6.371421589420199, 0.0 ], [ -75.438933225228766, 6.371437076633265, 0.0 ], [ -75.439004870302441, 6.37146353351872, 0.0 ], [ -75.439060906089139, 6.37148727466136, 0.0 ], [ -75.439119688738458, 6.371507333934961, 0.0 ], [ -75.439181689983855, 6.371530600299117, 0.0 ], [ -75.439249677147444, 6.371564416124151, 0.0 ], [ -75.439314456809626, 6.371600996301122, 0.0 ], [ -75.439379694573248, 6.371637115938491, 0.0 ], [ -75.439431602429039, 6.371662245739866, 0.0 ], [ -75.439474797128199, 6.371691072822821, 0.0 ], [ -75.439516618403772, 6.371721740832931, 0.0 ], [ -75.439567159668442, 6.371752386293339, 0.0 ], [ -75.439601621601952, 6.37177434576242, 0.0 ], [ -75.439644342870395, 6.371795365182528, 0.0 ], [ -75.439703597307997, 6.371822313335189, 0.0 ], [ -75.439770660669083, 6.371852916048454, 0.0 ], [ -75.439846440608818, 6.371881658828797, 0.0 ], [ -75.439918989156396, 6.371900304359738, 0.0 ], [ -75.439956644964454, 6.37191214994625, 0.0 ], [ -75.43997364646917, 6.371923130258688, 0.0 ], [ -75.439988830961823, 6.371944220863163, 0.0 ], [ -75.439998518336338, 6.371970837826456, 0.0 ], [ -75.440006836552485, 6.372001592436879, 0.0 ], [ -75.440016539290696, 6.372036477572125, 0.0 ], [ -75.44002213881906, 6.372086072364255, 0.0 ], [ -75.440030977433423, 6.372149898477436, 0.0 ], [ -75.440046286541047, 6.372238053145366, 0.0 ], [ -75.440050262661217, 6.37225690769732, 0.0 ], [ -75.439983022726679, 6.372245266995061, 0.0 ], [ -75.43983637981728, 6.372194549319032, 0.0 ], [ -75.439378589214542, 6.371980381794413, 0.0 ], [ -75.439175849716051, 6.371863140770524, 0.0 ], [ -75.439072574353204, 6.371795656250189, 0.0 ], [ -75.438814482336284, 6.37167668958631, 0.0 ], [ -75.438739197693593, 6.371642778344829, 0.0 ], [ -75.438664930834818, 6.371643761401668, 0.0 ], [ -75.438597854263151, 6.37161409706333, 0.0 ] ] ] ] } },
{ "type": "Feature", "properties": { "FID_": null, "NOM_BARRIO": "Juan XXIII", "PK_BARRIO": null }, "geometry": { "type": "MultiPolygon", "coordinates": [ [ [ [ -75.44858726098434, 6.38077098841447, 0.0 ], [ -75.449114533039264, 6.380350938950611, 0.0 ], [ -75.448766421264594, 6.379913787948396, 0.0 ], [ -75.448740210991687, 6.379881070491783, 0.0 ], [ -75.448969070777565, 6.379693747981757, 0.0 ], [ -75.449469620809182, 6.37928123049859, 0.0 ], [ -75.450160239253094, 6.378680064379894, 0.0 ], [ -75.450236459565502, 6.378647171455976, 0.0 ], [ -75.451068886515017, 6.378464730078586, 0.0 ], [ -75.451076144149454, 6.378463139430923, 0.0 ], [ -75.451664523504633, 6.378286966321818, 0.0 ], [ -75.45171050041472, 6.378280470774691, 0.0 ], [ -75.451775801280832, 6.378268906591992, 0.0 ], [ -75.451855979583911, 6.378244874408336, 0.0 ], [ -75.451912339425263, 6.378213847203184, 0.0 ], [ -75.452131448229295, 6.377949358100675, 0.0 ], [ -75.452235597103723, 6.377866997442598, 0.0 ], [ -75.452307810168833, 6.377827326717576, 0.0 ], [ -75.452415180667771, 6.377797480695081, 0.0 ], [ -75.452428963027245, 6.377798203602279, 0.0 ], [ -75.452423596397182, 6.377812039916798, 0.0 ], [ -75.452418583190521, 6.377823752178378, 0.0 ], [ -75.452397825208152, 6.37785996545934, 0.0 ], [ -75.452377874162963, 6.377901060341973, 0.0 ], [ -75.452354231843259, 6.377949588721537, 0.0 ], [ -75.452347629836311, 6.377970239149812, 0.0 ], [ -75.452324970480618, 6.378025216638751, 0.0 ], [ -75.452303370284824, 6.37807563413711, 0.0 ], [ -75.452283986203923, 6.378129241782527, 0.0 ], [ -75.452270362620212, 6.378171133358205, 0.0 ], [ -75.452257911326029, 6.378212117811168, 0.0 ], [ -75.452241678516756, 6.378252548818608, 0.0 ], [ -75.452229306649201, 6.378270108585177, 0.0 ], [ -75.452210704509255, 6.378308759065923, 0.0 ], [ -75.452184530285223, 6.378354300130636, 0.0 ], [ -75.452161517742809, 6.378399471178282, 0.0 ], [ -75.452145315415279, 6.378442420129572, 0.0 ], [ -75.452133755802109, 6.378478927456078, 0.0 ], [ -75.4521272003131, 6.378533928998673, 0.0 ], [ -75.452125474365261, 6.378575858721812, 0.0 ], [ -75.452126905731518, 6.378593051545498, 0.0 ], [ -75.452120773696521, 6.378626133853039, 0.0 ], [ -75.45211706289372, 6.378646504290573, 0.0 ], [ -75.452098732827906, 6.378702510832598, 0.0 ], [ -75.452088386358511, 6.37871948841769, 0.0 ], [ -75.452067648237261, 6.378753443707906, 0.0 ], [ -75.452045972458805, 6.378787621301167, 0.0 ], [ -75.452023299950014, 6.378824025815666, 0.0 ], [ -75.451972676924001, 6.378884367213923, 0.0 ], [ -75.451943592822104, 6.378923045590176, 0.0 ], [ -75.451924244917251, 6.378953110015809, 0.0 ], [ -75.451900475308065, 6.378985446219031, 0.0 ], [ -75.451873373138866, 6.379021859308642, 0.0 ], [ -75.451847887857568, 6.37905465207862, 0.0 ], [ -75.451833148213481, 6.379086975088867, 0.0 ], [ -75.451817610477221, 6.379141881053867, 0.0 ], [ -75.451802770110547, 6.379199740037436, 0.0 ], [ -75.451797297253179, 6.379220988868042, 0.0 ], [ -75.451778192805762, 6.379270354321564, 0.0 ], [ -75.451767141338948, 6.379323269887467, 0.0 ], [ -75.45176307086524, 6.379359568480007, 0.0 ], [ -75.451765331996796, 6.379395231305753, 0.0 ], [ -75.451767953586497, 6.37943029332802, 0.0 ], [ -75.451768790239356, 6.379469783537659, 0.0 ], [ -75.451774164538463, 6.379522536564942, 0.0 ], [ -75.451775751129347, 6.379539310664726, 0.0 ], [ -75.451774661364539, 6.379572890983629, 0.0 ], [ -75.451777650413646, 6.379607217997293, 0.0 ], [ -75.451793511951195, 6.379662198673476, 0.0 ], [ -75.451824475555355, 6.379701666377636, 0.0 ], [ -75.451842272167255, 6.379727075723743, 0.0 ], [ -75.451870405900209, 6.379762564304064, 0.0 ], [ -75.451870411909908, 6.379762573724374, 0.0 ], [ -75.451895376730903, 6.379788904193969, 0.0 ], [ -75.451926535441785, 6.379819050664191, 0.0 ], [ -75.452069037843486, 6.379949498801438, 0.0 ], [ -75.452283027232568, 6.380075738206627, 0.0 ], [ -75.452307217798406, 6.380089890620525, 0.0 ], [ -75.452297965941654, 6.380116993305061, 0.0 ], [ -75.452266309869842, 6.380158773501549, 0.0 ], [ -75.452239254279675, 6.380178733622371, 0.0 ], [ -75.452225083456128, 6.380198566923433, 0.0 ], [ -75.452211387706313, 6.380268322187463, 0.0 ], [ -75.45218548854632, 6.380334972160974, 0.0 ], [ -75.452211387706313, 6.380268322187463, 0.0 ], [ -75.452193479726006, 6.380333835815183, 0.0 ], [ -75.45217276194488, 6.380326835089004, 0.0 ], [ -75.452140243387248, 6.380320581526934, 0.0 ], [ -75.452119269382024, 6.380314541390593, 0.0 ], [ -75.452087007050139, 6.380307327232587, 0.0 ], [ -75.452036629046859, 6.380306918947659, 0.0 ], [ -75.451982038881539, 6.380309089370242, 0.0 ], [ -75.451927282460147, 6.380320770071267, 0.0 ], [ -75.451884317245131, 6.380338512489854, 0.0 ], [ -75.451840316863311, 6.380361157354622, 0.0 ], [ -75.451803311527215, 6.380390979457823, 0.0 ], [ -75.451775282164874, 6.380418535741663, 0.0 ], [ -75.451733762390731, 6.380470129199497, 0.0 ], [ -75.45169825738887, 6.380522693792248, 0.0 ], [ -75.451675666485386, 6.38056503864065, 0.0 ], [ -75.451661058208714, 6.380606789569767, 0.0 ], [ -75.451645541348341, 6.380660072771857, 0.0 ], [ -75.451642975310946, 6.380692642473557, 0.0 ], [ -75.451640123681415, 6.380730713266775, 0.0 ], [ -75.451648109561049, 6.380793137903451, 0.0 ], [ -75.45166253499589, 6.380852632772622, 0.0 ], [ -75.451678229848611, 6.380909772427084, 0.0 ], [ -75.451697674834875, 6.380967381468171, 0.0 ], [ -75.451720326980023, 6.381041494583043, 0.0 ], [ -75.451733922146232, 6.38109081693412, 0.0 ], [ -75.451749600104421, 6.381158801392502, 0.0 ], [ -75.451760741851587, 6.381236967953326, 0.0 ], [ -75.451757534798801, 6.381288233434445, 0.0 ], [ -75.451751706872855, 6.38132237504431, 0.0 ], [ -75.451738330867215, 6.381363949568185, 0.0 ], [ -75.451717777713128, 6.381408029204622, 0.0 ], [ -75.451682444768991, 6.381458521402061, 0.0 ], [ -75.451632250839069, 6.381504993968747, 0.0 ], [ -75.451610770056917, 6.381519958366019, 0.0 ], [ -75.451579915135781, 6.381538391748217, 0.0 ], [ -75.451542554644689, 6.381557023245505, 0.0 ], [ -75.451172899210022, 6.381734339299218, 0.0 ], [ -75.450854500828598, 6.381809724616563, 0.0 ], [ -75.450654503513277, 6.381792152829123, 0.0 ], [ -75.45044226027062, 6.381681486042746, 0.0 ], [ -75.449985739833394, 6.381370193493121, 0.0 ], [ -75.449834530969682, 6.381296441660151, 0.0 ], [ -75.449725794723378, 6.381254356908832, 0.0 ], [ -75.449630369330592, 6.381236071774296, 0.0 ], [ -75.449532350254074, 6.381238981043439, 0.0 ], [ -75.449370822940224, 6.38127119033713, 0.0 ], [ -75.449180388347841, 6.381299444527226, 0.0 ], [ -75.449116387133259, 6.381289518597518, 0.0 ], [ -75.44902285600466, 6.381275012866567, 0.0 ], [ -75.448840284450711, 6.3811843829161, 0.0 ], [ -75.448721523029477, 6.381051391675423, 0.0 ], [ -75.448557130361777, 6.380790470880961, 0.0 ], [ -75.44858726098434, 6.38077098841447, 0.0 ] ] ] ] } },
{ "type": "Feature", "properties": { "FID_": null, "NOM_BARRIO": "La Ferreria", "PK_BARRIO": null }, "geometry": { "type": "MultiPolygon", "coordinates": [ [ [ [ -75.446854244460269, 6.374681453902132, 0.0 ], [ -75.446853755063771, 6.37467045586797, 0.0 ], [ -75.446852809540232, 6.374660376202322, 0.0 ], [ -75.446851406610094, 6.374650756582104, 0.0 ], [ -75.446850002400495, 6.374640678638491, 0.0 ], [ -75.446849518122633, 6.37463151389669, 0.0 ], [ -75.446849035124387, 6.374622807478728, 0.0 ], [ -75.446848093439954, 6.374614102782597, 0.0 ], [ -75.446847602764379, 6.374602646425114, 0.0 ], [ -75.44684711720717, 6.37459302336051, 0.0 ], [ -75.44684709161578, 6.3745838568969, 0.0 ], [ -75.446845689965826, 6.374574695599655, 0.0 ], [ -75.446843370943625, 6.374565537746689, 0.0 ], [ -75.446841050641908, 6.374555921570341, 0.0 ], [ -75.446838271654187, 6.37454630711622, 0.0 ], [ -75.446835037819071, 6.374538069353687, 0.0 ], [ -75.446829510553286, 6.374529840201642, 0.0 ], [ -75.446823525881115, 6.374522071094733, 0.0 ], [ -75.446817085081989, 6.374515220356224, 0.0 ], [ -75.446811101689732, 6.374507909572477, 0.0 ], [ -75.446805578263252, 6.374501055389425, 0.0 ], [ -75.446790380204519, 6.374479112704218, 0.0 ], [ -75.446784854219771, 6.374471341874728, 0.0 ], [ -75.446779330794115, 6.374464487691436, 0.0 ], [ -75.446768281384237, 6.374449862678072, 0.0 ], [ -75.446762757958993, 6.374443008494394, 0.0 ], [ -75.446757233254502, 6.374435695987472, 0.0 ], [ -75.446750788619028, 6.374427470278106, 0.0 ], [ -75.446744342704392, 6.37441878624529, 0.0 ], [ -75.446739276686415, 6.374411472015878, 0.0 ], [ -75.446733750703245, 6.374403701185574, 0.0 ], [ -75.446729140812863, 6.374395468587743, 0.0 ], [ -75.446726805432476, 6.374385833100733, 0.0 ], [ -75.446722301640293, 6.374379961279343, 0.0 ], [ -75.446717240740625, 6.374372622711881, 0.0 ], [ -75.446711718564487, 6.374363907080036, 0.0 ], [ -75.446707574806396, 6.374356107112836, 0.0 ], [ -75.446702051857514, 6.374346932119704, 0.0 ], [ -75.446698824467902, 6.374338211391819, 0.0 ], [ -75.446693272914359, 6.374312040035793, 0.0 ], [ -75.446691421623612, 6.374302856889146, 0.0 ], [ -75.446690030063181, 6.374294132084512, 0.0 ], [ -75.446689554870915, 6.374284486519323, 0.0 ], [ -75.446688622267772, 6.374275760695587, 0.0 ], [ -75.446688147848732, 6.374266574491558, 0.0 ], [ -75.44668859211707, 6.374257845610424, 0.0 ], [ -75.446690411710563, 6.374248194949605, 0.0 ], [ -75.446692691807314, 6.374239461991976, 0.0 ], [ -75.446696807732366, 6.374230724957833, 0.0 ], [ -75.446701382614393, 6.37422198690458, 0.0 ], [ -75.446704581398166, 6.374213711269852, 0.0 ], [ -75.446708698096003, 6.374205433596872, 0.0 ], [ -75.446714190118669, 6.374196234144148, 0.0 ], [ -75.446719684460504, 6.374188412774879, 0.0 ], [ -75.446724719845136, 6.374180592424726, 0.0 ], [ -75.446726258561711, 6.374179239451245, 0.0 ], [ -75.446726193779142, 6.374154765823207, 0.0 ], [ -75.446728437141061, 6.374143390822396, 0.0 ], [ -75.446728383407233, 6.374124141247473, 0.0 ], [ -75.446726521797132, 6.37411452334775, 0.0 ], [ -75.446725992326847, 6.374078660322369, 0.0 ], [ -75.446722240289475, 6.374070810204578, 0.0 ], [ -75.446719471859183, 6.374062088457298, 0.0 ], [ -75.446716701882892, 6.374052447987771, 0.0 ], [ -75.446713474495951, 6.374043727259528, 0.0 ], [ -75.446713442799975, 6.374024893452081, 0.0 ], [ -75.446712966835534, 6.374014788525708, 0.0 ], [ -75.446713869287947, 6.374005599264343, 0.0 ], [ -75.446717511566433, 6.373988135387552, 0.0 ], [ -75.446720249846337, 6.373978942049678, 0.0 ], [ -75.446723444763691, 6.373968369609551, 0.0 ], [ -75.446725503223178, 6.373962026632589, 0.0 ], [ -75.446749290440493, 6.373890773801997, 0.0 ], [ -75.446755231604371, 6.373882959922538, 0.0 ], [ -75.44676163401239, 6.373876060967531, 0.0 ], [ -75.446768038978931, 6.373870078658922, 0.0 ], [ -75.446773064050518, 6.373862726546406, 0.0 ], [ -75.44677762531893, 6.373853542862985, 0.0 ], [ -75.446779433194479, 6.373843911187913, 0.0 ], [ -75.446778950200979, 6.373835204768893, 0.0 ], [ -75.446774800281887, 6.373827428771669, 0.0 ], [ -75.446768819458825, 6.373821034631661, 0.0 ], [ -75.446762836077269, 6.373813723845148, 0.0 ], [ -75.446749957060888, 6.37380093900842, 0.0 ], [ -75.446743061426076, 6.373795464958219, 0.0 ], [ -75.446736621918234, 6.37378907253954, 0.0 ], [ -75.44672972500446, 6.373783140165876, 0.0 ], [ -75.446725197627359, 6.373778426378116, 0.0 ], [ -75.446716225682877, 6.373769481513844, 0.0 ], [ -75.446710248423884, 6.373763063705273, 0.0 ], [ -75.446703812208256, 6.37375664691561, 0.0 ], [ -75.446697832630463, 6.373748851023309, 0.0 ], [ -75.44669139255025, 6.373740137427649, 0.0 ], [ -75.446686330113167, 6.373731880135916, 0.0 ], [ -75.446681725086947, 6.373722703102764, 0.0 ], [ -75.446678956660449, 6.373713981354642, 0.0 ], [ -75.446677561239071, 6.37370295974361, 0.0 ], [ -75.446677543460609, 6.373692394436681, 0.0 ], [ -75.446678446687315, 6.373683664536434, 0.0 ], [ -75.44668026782719, 6.37367493259819, 0.0 ], [ -75.446682546377716, 6.373665280918579, 0.0 ], [ -75.446688943942746, 6.373648729650372, 0.0 ], [ -75.446693059865297, 6.373639992617082, 0.0 ], [ -75.44669671683117, 6.373631256602792, 0.0 ], [ -75.446699455883845, 6.373622522626523, 0.0 ], [ -75.446703112076577, 6.373613327251081, 0.0 ], [ -75.446707225679759, 6.373603212134254, 0.0 ], [ -75.446711342374769, 6.373594934462096, 0.0 ], [ -75.446715456750667, 6.373585278706464, 0.0 ], [ -75.446720032401942, 6.37357700001528, 0.0 ], [ -75.446724649374573, 6.373571290490815, 0.0 ], [ -75.446741150002708, 6.373538652806604, 0.0 ], [ -75.446748012372225, 6.373532210453933, 0.0 ], [ -75.446754872182964, 6.373524851454807, 0.0 ], [ -75.446763108049367, 6.373517487290044, 0.0 ], [ -75.446778672645294, 6.373506428989766, 0.0 ], [ -75.446785997537077, 6.373501359884528, 0.0 ], [ -75.446794703601697, 6.373498118906463, 0.0 ], [ -75.446803413504128, 6.373496252897907, 0.0 ], [ -75.446813043335624, 6.373495300091828, 0.0 ], [ -75.446824049222741, 6.373494342119908, 0.0 ], [ -75.446833222927509, 6.373494307681788, 0.0 ], [ -75.446861724101453, 6.373516658759272, 0.0 ], [ -75.446860373633214, 6.373525830389037, 0.0 ], [ -75.446859025723739, 6.373535918665194, 0.0 ], [ -75.446858593905418, 6.373545545174268, 0.0 ], [ -75.446858163366514, 6.373555630006575, 0.0 ], [ -75.446858188954153, 6.373564796470514, 0.0 ], [ -75.446860510527117, 6.373574870971079, 0.0 ], [ -75.446862370856124, 6.373584030547229, 0.0 ], [ -75.446866982017752, 6.373592721468388, 0.0 ], [ -75.446873881488571, 6.373599570486865, 0.0 ], [ -75.446906920905434, 6.373604488059315, 0.0 ], [ -75.446915168285159, 6.373601248801, 0.0 ], [ -75.446923874350077, 6.373598007820584, 0.0 ], [ -75.446933037820628, 6.373594306794851, 0.0 ], [ -75.446942657417409, 6.373589687400593, 0.0 ], [ -75.446950442272836, 6.373585074894309, 0.0 ], [ -75.446959148337115, 6.3735818339134, 0.0 ], [ -75.446968309247993, 6.373577216240823, 0.0 ], [ -75.446977011473592, 6.373572600290111, 0.0 ], [ -75.446987085916248, 6.373566604203616, 0.0 ], [ -75.446995325617578, 6.373560615005244, 0.0 ], [ -75.447002646668679, 6.373554170927767, 0.0 ], [ -75.447018208699873, 6.373542195974751, 0.0 ], [ -75.447025533588985, 6.373537126866543, 0.0 ], [ -75.447034693218782, 6.373532050869932, 0.0 ], [ -75.447044310254242, 6.373526514827821, 0.0 ], [ -75.447037723424216, 6.373521809641442, 0.0 ], [ -75.447065261836073, 6.373515937806965, 0.0 ], [ -75.447138798087082, 6.373469108828718, 0.0 ], [ -75.447177979817653, 6.373429733168157, 0.0 ], [ -75.447207189803933, 6.373333931688306, 0.0 ], [ -75.447216927598575, 6.373301998293031, 0.0 ], [ -75.447258608955224, 6.373279797717901, 0.0 ], [ -75.447300226452867, 6.373233052658794, 0.0 ], [ -75.447356413175385, 6.373124907688093, 0.0 ], [ -75.447411467139858, 6.373020118954273, 0.0 ], [ -75.447420222867592, 6.372946127459748, 0.0 ], [ -75.447436451160257, 6.373007482368498, 0.0 ], [ -75.447447564763024, 6.373044347128783, 0.0 ], [ -75.447475140853101, 6.373063267763635, 0.0 ], [ -75.447490570459109, 6.373105957087363, 0.0 ], [ -75.447505751322126, 6.373185514772414, 0.0 ], [ -75.447519576899353, 6.373208384750332, 0.0 ], [ -75.447550870006168, 6.373244020711507, 0.0 ], [ -75.447593667312645, 6.373294274670542, 0.0 ], [ -75.447635117094862, 6.373350508543893, 0.0 ], [ -75.44765950367001, 6.373381567952082, 0.0 ], [ -75.447683653335289, 6.373405769609711, 0.0 ], [ -75.44771101143229, 6.373430871094989, 0.0 ], [ -75.447733543158364, 6.373450038383257, 0.0 ], [ -75.447747342639573, 6.373464194067154, 0.0 ], [ -75.447778133645159, 6.373493844072837, 0.0 ], [ -75.447796332496992, 6.37351351089799, 0.0 ], [ -75.447812035843654, 6.373532789925059, 0.0 ], [ -75.447830621583805, 6.373555090585386, 0.0 ], [ -75.447851116527502, 6.373585716931077, 0.0 ], [ -75.447867468090223, 6.373611315476645, 0.0 ], [ -75.447885040645431, 6.373656663348742, 0.0 ], [ -75.447901198683027, 6.373695999180088, 0.0 ], [ -75.447915268596176, 6.373726186601542, 0.0 ], [ -75.447940370590828, 6.373763216770466, 0.0 ], [ -75.447981289272363, 6.373797437468824, 0.0 ], [ -75.448024501716333, 6.373831421035138, 0.0 ], [ -75.44806198037314, 6.373865654635376, 0.0 ], [ -75.448087053337503, 6.373892372261786, 0.0 ], [ -75.448105454832032, 6.373911553259805, 0.0 ], [ -75.448123845610056, 6.373927067175191, 0.0 ], [ -75.448168711548476, 6.37395207652913, 0.0 ], [ -75.448190649179097, 6.373949961901925, 0.0 ], [ -75.448231460664289, 6.373945683633895, 0.0 ], [ -75.4482569123427, 6.373943983904675, 0.0 ], [ -75.448299099465331, 6.373939242092376, 0.0 ], [ -75.448319494300804, 6.373933207202357, 0.0 ], [ -75.448334383126792, 6.373927652460474, 0.0 ], [ -75.448341222700279, 6.373924972418733, 0.0 ], [ -75.448353595917212, 6.373907409262142, 0.0 ], [ -75.448358395437253, 6.373884124568494, 0.0 ], [ -75.448361626560867, 6.373843712740295, 0.0 ], [ -75.448365383175172, 6.373776286995454, 0.0 ], [ -75.448374148832514, 6.37371255343357, 0.0 ], [ -75.448379551248223, 6.373675860157679, 0.0 ], [ -75.448393769547266, 6.373675347966412, 0.0 ], [ -75.448439184272772, 6.373675177336132, 0.0 ], [ -75.448476403938372, 6.373677332532059, 0.0 ], [ -75.448510743296438, 6.373678346366322, 0.0 ], [ -75.448550421412392, 6.373678884770968, 0.0 ], [ -75.44858871505707, 6.37367690751941, 0.0 ], [ -75.448617609058132, 6.373675194862501, 0.0 ], [ -75.448636877001576, 6.373676268279233, 0.0 ], [ -75.448647901906838, 6.373682633705974, 0.0 ], [ -75.448650465833438, 6.373696841929319, 0.0 ], [ -75.448654914011598, 6.373749906851, 0.0 ], [ -75.448656007315449, 6.373791923693099, 0.0 ], [ -75.448652857579987, 6.373814171307069, 0.0 ], [ -75.448649400386188, 6.373890030729608, 0.0 ], [ -75.448650840491538, 6.373912941664024, 0.0 ], [ -75.448657540901635, 6.373930332883642, 0.0 ], [ -75.448655510688951, 6.373942945786403, 0.0 ], [ -75.44864678653434, 6.373952240605273, 0.0 ], [ -75.448640884581408, 6.373961332565317, 0.0 ], [ -75.448639062653555, 6.373965922680782, 0.0 ], [ -75.448641381647136, 6.373975080482828, 0.0 ], [ -75.448649650957364, 6.37397871694154, 0.0 ], [ -75.448677188453033, 6.373987318614765, 0.0 ], [ -75.448703372247792, 6.373999138634849, 0.0 ], [ -75.448751140754126, 6.374020960904036, 0.0 ], [ -75.448772036959525, 6.374031651221205, 0.0 ], [ -75.448759413203604, 6.374025514923026, 0.0 ], [ -75.448776404111925, 6.374033698787886, 0.0 ], [ -75.44879293081064, 6.374040051749295, 0.0 ], [ -75.448802569593241, 6.374042307160745, 0.0 ], [ -75.448811205622505, 6.374044989779602, 0.0 ], [ -75.448798784754047, 6.374062741873969, 0.0 ], [ -75.448778964902019, 6.374149299217101, 0.0 ], [ -75.448769935805061, 6.374280540601074, 0.0 ], [ -75.448807983131474, 6.374484766469174, 0.0 ], [ -75.448858097843768, 6.374568172490899, 0.0 ], [ -75.448835335654607, 6.374640163485252, 0.0 ], [ -75.448238743899836, 6.375128371063035, 0.0 ], [ -75.448209562504545, 6.375161363132813, 0.0 ], [ -75.447595645996344, 6.375676029935005, 0.0 ], [ -75.447043192178711, 6.376128580563858, 0.0 ], [ -75.446637125888273, 6.37561783472561, 0.0 ], [ -75.446524221614297, 6.37547582465966, 0.0 ], [ -75.446532015399185, 6.375470754360179, 0.0 ], [ -75.446540266595676, 6.375464764319166, 0.0 ], [ -75.446548059607053, 6.375459234658263, 0.0 ], [ -75.446556770534585, 6.375453702958925, 0.0 ], [ -75.446565939646888, 6.375447710879059, 0.0 ], [ -75.446573732657683, 6.375442181217944, 0.0 ], [ -75.446581986172902, 6.375437569259831, 0.0 ], [ -75.446591157604274, 6.375432955263103, 0.0 ], [ -75.446600328262235, 6.375427881905042, 0.0 ], [ -75.446609040735112, 6.375423268927357, 0.0 ], [ -75.446617294249577, 6.375418656968828, 0.0 ], [ -75.446624629074321, 6.375413587687624, 0.0 ], [ -75.446632878722184, 6.375406678923129, 0.0 ], [ -75.44663653492205, 6.375397483545798, 0.0 ], [ -75.446638812700897, 6.375387372504083, 0.0 ], [ -75.446641092799496, 6.37537863954576, 0.0 ], [ -75.446642913939911, 6.375369907606766, 0.0 ], [ -75.446646111181366, 6.375360713248728, 0.0 ], [ -75.446648849464637, 6.375351519909997, 0.0 ], [ -75.446652505664019, 6.375342324532674, 0.0 ], [ -75.446657534871179, 6.375330829291717, 0.0 ], [ -75.446661651574942, 6.375322551617396, 0.0 ], [ -75.446664850362467, 6.375314275981657, 0.0 ], [ -75.446668967839315, 6.375306457668416, 0.0 ], [ -75.446678116069037, 6.375288062836521, 0.0 ], [ -75.44668314914172, 6.375278864401233, 0.0 ], [ -75.446687266618085, 6.375271046087924, 0.0 ], [ -75.446692298917171, 6.375261388291603, 0.0 ], [ -75.446696416393266, 6.375253569978311, 0.0 ], [ -75.446701450238677, 6.375244830904106, 0.0 ], [ -75.446706484857287, 6.375236551190997, 0.0 ], [ -75.446711976887016, 6.375227351736386, 0.0 ], [ -75.446717469689943, 6.375218611642768, 0.0 ], [ -75.446722045350086, 6.375210332948981, 0.0 ], [ -75.4467275381527, 6.375201592855359, 0.0 ], [ -75.44672914047618, 6.375199311899665, 0.0 ], [ -75.446746783359501, 6.375128727156596, 0.0 ], [ -75.44675088722768, 6.375120003516692, 0.0 ], [ -75.44675453368869, 6.375111739922081, 0.0 ], [ -75.446759989304525, 6.375094302975083, 0.0 ], [ -75.446772361333288, 6.375076743314302, 0.0 ], [ -75.446777744129363, 6.375062817967179, 0.0 ], [ -75.446780053630008, 6.375055976303856, 0.0 ], [ -75.446785968370875, 6.375038035280949, 0.0 ], [ -75.446791190487772, 6.375023012976063, 0.0 ], [ -75.446794379808637, 6.375005471341935, 0.0 ], [ -75.446798908824377, 6.37499456766187, 0.0 ], [ -75.446799093638418, 6.37498422828372, 0.0 ], [ -75.446800546591746, 6.374976001154483, 0.0 ], [ -75.446802316668624, 6.374962736340253, 0.0 ], [ -75.446804120443119, 6.37494913205039, 0.0 ], [ -75.446805002888425, 6.374939122363343, 0.0 ], [ -75.446806787730154, 6.374921240870557, 0.0 ], [ -75.446812171628522, 6.374899979831778, 0.0 ], [ -75.446810323859495, 6.37488649141291, 0.0 ], [ -75.446814885132326, 6.374877307727711, 0.0 ], [ -75.446818987718586, 6.374868125764654, 0.0 ], [ -75.446823550270778, 6.374859400402596, 0.0 ], [ -75.446826738043058, 6.374851138530261, 0.0 ], [ -75.446829924535734, 6.374842418334648, 0.0 ], [ -75.446832649782664, 6.374832783214883, 0.0 ], [ -75.446835373749892, 6.374822689772089, 0.0 ], [ -75.446839006132691, 6.374809384622362, 0.0 ], [ -75.446842635956074, 6.374795162826628, 0.0 ], [ -75.446844905075537, 6.37478644607538, 0.0 ], [ -75.44684762904248, 6.374776352632421, 0.0 ], [ -75.446851676604624, 6.374747462772724, 0.0 ], [ -75.446853487037515, 6.374738747743701, 0.0 ], [ -75.4468543775385, 6.37472911951265, 0.0 ], [ -75.446856184132557, 6.374719029514079, 0.0 ], [ -75.446856612108419, 6.37470802803564, 0.0 ], [ -75.446856586516418, 6.374698861572107, 0.0 ], [ -75.446855644831459, 6.374690156876015, 0.0 ], [ -75.446854244460269, 6.374681453902132, 0.0 ] ] ] ] } },
{ "type": "Feature", "properties": { "FID_": null, "NOM_BARRIO": "El Llano", "PK_BARRIO": null }, "geometry": { "type": "MultiPolygon", "coordinates": [ [ [ [ -75.447758040780641, 6.375875478293157, 0.0 ], [ -75.447595645996373, 6.375676029934977, 0.0 ], [ -75.448209562504545, 6.375161363132816, 0.0 ], [ -75.448238743899836, 6.375128371063031, 0.0 ], [ -75.448835335654607, 6.374640163485252, 0.0 ], [ -75.448858097843768, 6.374568172490899, 0.0 ], [ -75.448807983131474, 6.374484766469172, 0.0 ], [ -75.448769935805061, 6.374280540601074, 0.0 ], [ -75.448778964902019, 6.374149299217104, 0.0 ], [ -75.448798784754047, 6.374062741873932, 0.0 ], [ -75.448989087354292, 6.373345614384603, 0.0 ], [ -75.4490918898491, 6.372943272507993, 0.0 ], [ -75.449101081298892, 6.372899389188527, 0.0 ], [ -75.449110272679093, 6.372855506197456, 0.0 ], [ -75.449155350393525, 6.372807539331471, 0.0 ], [ -75.449217490277562, 6.372797477651594, 0.0 ], [ -75.449352233593174, 6.37285024109612, 0.0 ], [ -75.449554975250749, 6.37292977676653, 0.0 ], [ -75.449904779239887, 6.37305938795332, 0.0 ], [ -75.450136171560715, 6.373140616382559, 0.0 ], [ -75.450252767293065, 6.373184292794012, 0.0 ], [ -75.45040295171367, 6.373247427273133, 0.0 ], [ -75.45054029197135, 6.373296951345888, 0.0 ], [ -75.450584331368674, 6.373298848175905, 0.0 ], [ -75.450588920128595, 6.373299518406439, 0.0 ], [ -75.450670642975382, 6.373325334637984, 0.0 ], [ -75.450757843965391, 6.373344715672488, 0.0 ], [ -75.45084454363051, 6.373346022620027, 0.0 ], [ -75.450869458220623, 6.373420083968989, 0.0 ], [ -75.451178112754548, 6.373546172614416, 0.0 ], [ -75.4511872864434, 6.373546138098667, 0.0 ], [ -75.451197372368171, 6.373544266841698, 0.0 ], [ -75.451205158454471, 6.373540112601786, 0.0 ], [ -75.451213398092065, 6.373534123346535, 0.0 ], [ -75.451220722927118, 6.373529054187539, 0.0 ], [ -75.451227587794349, 6.373523528431939, 0.0 ], [ -75.451236286115787, 6.373517537450601, 0.0 ], [ -75.451244067068217, 6.373511549920835, 0.0 ], [ -75.451251850587013, 6.373506479035691, 0.0 ], [ -75.451262382362088, 6.373500022828325, 0.0 ], [ -75.451280262029769, 6.373488940326131, 0.0 ], [ -75.451295804723244, 6.373477897367678, 0.0 ], [ -75.451311825309475, 6.373465920580916, 0.0 ], [ -75.451326927242931, 6.373453488923264, 0.0 ], [ -75.451341111806997, 6.373441060717136, 0.0 ], [ -75.451349350157869, 6.373434613138031, 0.0 ], [ -75.451358042059411, 6.373426330543577, 0.0 ], [ -75.451370849285709, 6.373413449192364, 0.0 ], [ -75.451377709016171, 6.373406090146092, 0.0 ], [ -75.451383652661249, 6.373399192873978, 0.0 ], [ -75.451393451322545, 6.373389627884036, 0.0 ], [ -75.451402908443825, 6.373374057933415, 0.0 ], [ -75.451413387084401, 6.373359607356993, 0.0 ], [ -75.451422930112543, 6.373338545900301, 0.0 ], [ -75.451426548892158, 6.373320428360875, 0.0 ], [ -75.451426048147027, 6.373306031218872, 0.0 ], [ -75.451426481928664, 6.373295868337787, 0.0 ], [ -75.451428285372373, 6.373285360170923, 0.0 ], [ -75.451429185330838, 6.373281003365205, 0.0 ], [ -75.451431440086068, 6.373267979068232, 0.0 ], [ -75.451431881433521, 6.373258254950172, 0.0 ], [ -75.451433225554609, 6.373249160742262, 0.0 ], [ -75.451432742652969, 6.373239051909741, 0.0 ], [ -75.451430883460745, 6.373230350354736, 0.0 ], [ -75.451429026789015, 6.373220337987537, 0.0 ], [ -75.451423394911259, 6.373179463704457, 0.0 ], [ -75.451414806252913, 6.373060144139886, 0.0 ], [ -75.45141290514438, 6.373036445926314, 0.0 ], [ -75.451412861795774, 6.373020964547774, 0.0 ], [ -75.451412823715756, 6.373005481693403, 0.0 ], [ -75.451412340648787, 6.37299677529502, 0.0 ], [ -75.451412075425623, 6.372996751725829, 0.0 ], [ -75.451411811843272, 6.372996713990831, 0.0 ], [ -75.451411550657099, 6.372996662198148, 0.0 ], [ -75.451411292615688, 6.372996596496234, 0.0 ], [ -75.451411038458545, 6.372996517073371, 0.0 ], [ -75.451410788914046, 6.372996424157182, 0.0 ], [ -75.451410544697396, 6.372996318013956, 0.0 ], [ -75.45141030650845, 6.37299619894789, 0.0 ], [ -75.45141007502987, 6.37299606730021, 0.0 ], [ -75.451409850925046, 6.372995923448213, 0.0 ], [ -75.451409634836224, 6.372995767804166, 0.0 ], [ -75.451409427382714, 6.372995600814119, 0.0 ], [ -75.45140922915904, 6.372995422956665, 0.0 ], [ -75.451409040733296, 6.372995234741513, 0.0 ], [ -75.451408862645522, 6.372995036708078, 0.0 ], [ -75.451408695406059, 6.372994829423899, 0.0 ], [ -75.45140853949421, 6.372994613483037, 0.0 ], [ -75.451408395356808, 6.37299438950436, 0.0 ], [ -75.451408263406975, 6.372994158129762, 0.0 ], [ -75.451408144022807, 6.372993920022346, 0.0 ], [ -75.451408037546457, 6.372993675864502, 0.0 ], [ -75.451407944283105, 6.372993426355966, 0.0 ], [ -75.451407864500013, 6.372993172211807, 0.0 ], [ -75.451407798425848, 6.372992914160371, 0.0 ], [ -75.451407746249942, 6.372992652941215, 0.0 ], [ -75.451407708121863, 6.372992389302965, 0.0 ], [ -75.451407684150865, 6.372992124001186, 0.0 ], [ -75.451407674405644, 6.372991857796205, 0.0 ], [ -75.451407678914137, 6.372991591450942, 0.0 ], [ -75.451407697663413, 6.372991325728715, 0.0 ], [ -75.451407730599769, 6.372991061391057, 0.0 ], [ -75.451407777628759, 6.372990799195541, 0.0 ], [ -75.451407838615637, 6.372990539893586, 0.0 ], [ -75.451407913385623, 6.372990284228334, 0.0 ], [ -75.451408001724417, 6.372990032932491, 0.0 ], [ -75.451408103378853, 6.372989786726253, 0.0 ], [ -75.451408218057608, 6.372989546315219, 0.0 ], [ -75.451408345432029, 6.372989312388386, 0.0 ], [ -75.451408485137037, 6.372989085616167, 0.0 ], [ -75.451408636772285, 6.372988866648464, 0.0 ], [ -75.451408799903206, 6.372988656112823, 0.0 ], [ -75.451408974062261, 6.372988454612617, 0.0 ], [ -75.451409158750323, 6.372988262725326, 0.0 ], [ -75.451409353438123, 6.372988081000885, 0.0 ], [ -75.451409557567672, 6.372987909960095, 0.0 ], [ -75.45140977055398, 6.37298775009314, 0.0 ], [ -75.451409991786619, 6.372987601858185, 0.0 ], [ -75.451410220631587, 6.372987465680058, 0.0 ], [ -75.45141045643301, 6.372987341949037, 0.0 ], [ -75.451410698515133, 6.372987231019717, 0.0 ], [ -75.451410946184154, 6.372987133210014, 0.0 ], [ -75.451411198730284, 6.372987048800239, 0.0 ], [ -75.451411455429735, 6.372986978032304, 0.0 ], [ -75.451411715546854, 6.372986921109022, 0.0 ], [ -75.451411978336154, 6.372986878193531, 0.0 ], [ -75.451412243044501, 6.372986849408826, 0.0 ], [ -75.451412508913279, 6.372986834837392, 0.0 ], [ -75.451412775180529, 6.372986834520995, 0.0 ], [ -75.451413005645861, 6.372986112661726, 0.0 ], [ -75.451413222637754, 6.372985386634986, 0.0 ], [ -75.451413426081032, 6.372984656692444, 0.0 ], [ -75.451413615905167, 6.372983923087133, 0.0 ], [ -75.451413792044349, 6.372983186073358, 0.0 ], [ -75.451413954437527, 6.372982445906604, 0.0 ], [ -75.451414103028398, 6.372981702843441, 0.0 ], [ -75.451414237765462, 6.372980957141451, 0.0 ], [ -75.451414358602023, 6.372980209059128, 0.0 ], [ -75.451414465496171, 6.372979458855799, 0.0 ], [ -75.45141455841086, 6.372978706791512, 0.0 ], [ -75.451414637313889, 6.372977953126971, 0.0 ], [ -75.4514147021779, 6.372977198123429, 0.0 ], [ -75.451414752980398, 6.372976442042606, 0.0 ], [ -75.45141478970379, 6.372975685146592, 0.0 ], [ -75.451414812335344, 6.372974927697768, 0.0 ], [ -75.451414820867214, 6.372974169958696, 0.0 ], [ -75.451414815296431, 6.372973412192048, 0.0 ], [ -75.451414795624942, 6.372972654660499, 0.0 ], [ -75.451414761859553, 6.372971897626642, 0.0 ], [ -75.451414714011975, 6.372971141352902, 0.0 ], [ -75.451414652098805, 6.372970386101439, 0.0 ], [ -75.451414576141474, 6.372969632134057, 0.0 ], [ -75.451414486166342, 6.372968879712119, 0.0 ], [ -75.45141438220459, 6.372968129096445, 0.0 ], [ -75.451414264292239, 6.372967380547236, 0.0 ], [ -75.451414132470191, 6.372966634323975, 0.0 ], [ -75.451413986784132, 6.372965890685336, 0.0 ], [ -75.451413827284568, 6.372965149889097, 0.0 ], [ -75.451413654026766, 6.372964412192056, 0.0 ], [ -75.451413467070822, 6.372963677849929, 0.0 ], [ -75.451413266481495, 6.372962947117276, 0.0 ], [ -75.451413052328363, 6.372962220247405, 0.0 ], [ -75.451412824685633, 6.372961497492273, 0.0 ], [ -75.451412583632234, 6.372960779102433, 0.0 ], [ -75.451412329251724, 6.372960065326902, 0.0 ], [ -75.451412061632283, 6.372959356413116, 0.0 ], [ -75.451411780866664, 6.372958652606809, 0.0 ], [ -75.451411487052212, 6.372957954151963, 0.0 ], [ -75.451411180290776, 6.372957261290683, 0.0 ], [ -75.451410860688696, 6.372956574263157, 0.0 ], [ -75.451410528356732, 6.372955893307538, 0.0 ], [ -75.451410183410118, 6.372955218659871, 0.0 ], [ -75.45140982596844, 6.372954550554027, 0.0 ], [ -75.451409456155559, 6.372953889221601, 0.0 ], [ -75.451409074099701, 6.372953234891839, 0.0 ], [ -75.451408679933294, 6.372952587791565, 0.0 ], [ -75.451408273792964, 6.37295194814509, 0.0 ], [ -75.451407855819525, 6.372951316174151, 0.0 ], [ -75.451406189986429, 6.372931616000217, 0.0 ], [ -75.451407501870918, 6.372908694743102, 0.0 ], [ -75.451408372959946, 6.37288938209276, 0.0 ], [ -75.451410811739891, 6.372862162157698, 0.0 ], [ -75.451411426376808, 6.372834066834885, 0.0 ], [ -75.451409986971726, 6.372814233383758, 0.0 ], [ -75.451409037406137, 6.372801004217119, 0.0 ], [ -75.451402941150945, 6.372754217210974, 0.0 ], [ -75.451401887210324, 6.372704362689902, 0.0 ], [ -75.451400431013354, 6.372671863686713, 0.0 ], [ -75.451395300769803, 6.372646577937166, 0.0 ], [ -75.45138811098397, 6.372617959587113, 0.0 ], [ -75.451380739404641, 6.372568511669034, 0.0 ], [ -75.451372070276534, 6.372538956368211, 0.0 ], [ -75.451361913102232, 6.372517226340499, 0.0 ], [ -75.45134923070988, 6.372490917946179, 0.0 ], [ -75.451332835806653, 6.372452940875307, 0.0 ], [ -75.45132152877953, 6.372426398037145, 0.0 ], [ -75.451312503132129, 6.372393530276397, 0.0 ], [ -75.451307329823607, 6.37235357999752, 0.0 ], [ -75.45130396007734, 6.372296808495104, 0.0 ], [ -75.45130938078492, 6.372258590603019, 0.0 ], [ -75.451318670796056, 6.37222474482714, 0.0 ], [ -75.451330702725102, 6.372180700150526, 0.0 ], [ -75.451345698771618, 6.372130456905346, 0.0 ], [ -75.451358455192533, 6.372095778898646, 0.0 ], [ -75.451367568647257, 6.372077896163443, 0.0 ], [ -75.451372131099305, 6.372069170781969, 0.0 ], [ -75.451377114838834, 6.372060082234118, 0.0 ], [ -75.451382174652267, 6.372052174889972, 0.0 ], [ -75.451389486636089, 6.372042522509654, 0.0 ], [ -75.451396342502818, 6.372033788499674, 0.0 ], [ -75.451405490501458, 6.372024587538823, 0.0 ], [ -75.45141281274951, 6.372018601737122, 0.0 ], [ -75.451424712845764, 6.37200939042184, 0.0 ], [ -75.451449225632814, 6.371992977824715, 0.0 ], [ -75.451464795191754, 6.371983752702936, 0.0 ], [ -75.451472581254166, 6.371979598464256, 0.0 ], [ -75.451483575530986, 6.371974515500518, 0.0 ], [ -75.451491361593071, 6.37197036126161, 0.0 ], [ -75.451500524987168, 6.371966660167639, 0.0 ], [ -75.451510147064013, 6.371962957347738, 0.0 ], [ -75.451520685223443, 6.371958792753816, 0.0 ], [ -75.451537669208065, 6.371953633332081, 0.0 ], [ -75.451556170479464, 6.371946513570524, 0.0 ], [ -75.451566507322596, 6.371942120569702, 0.0 ], [ -75.451581591294001, 6.371936816179518, 0.0 ], [ -75.451599487151753, 6.371925802254304, 0.0 ], [ -75.451615499133197, 6.37191076998718, 0.0 ], [ -75.451622354994186, 6.371902035975338, 0.0 ], [ -75.451627583459484, 6.371892212026194, 0.0 ], [ -75.451635365079724, 6.371876544069129, 0.0 ], [ -75.451639794988623, 6.371857715155254, 0.0 ], [ -75.451642410369345, 6.371837230431055, 0.0 ], [ -75.451641564645456, 6.371816019308208, 0.0 ], [ -75.451640408245055, 6.371803706633631, 0.0 ], [ -75.45163854207334, 6.371792484640642, 0.0 ], [ -75.451635759177762, 6.371781495260434, 0.0 ], [ -75.451632878616891, 6.371768995465467, 0.0 ], [ -75.451627424607977, 6.371753568664734, 0.0 ], [ -75.451624186880053, 6.371743955977115, 0.0 ], [ -75.451624186880025, 6.371743955977006, 0.0 ], [ -75.451607318462905, 6.371694345434904, 0.0 ], [ -75.451601491550321, 6.371667504409354, 0.0 ], [ -75.451597995580244, 6.371649840209249, 0.0 ], [ -75.451592886595165, 6.371624912429946, 0.0 ], [ -75.451591482173527, 6.371618681227392, 0.0 ], [ -75.451590106695789, 6.371613002641662, 0.0 ], [ -75.45158871522807, 6.371607304371417, 0.0 ], [ -75.451587087627829, 6.371601559601712, 0.0 ], [ -75.451584075398756, 6.371590571101334, 0.0 ], [ -75.45158129507719, 6.371580498381184, 0.0 ], [ -75.451577599574208, 6.371566134620414, 0.0 ], [ -75.451575249447387, 6.37155095907409, 0.0 ], [ -75.451573844530287, 6.371540652015751, 0.0 ], [ -75.451571512476917, 6.371524880337916, 0.0 ], [ -75.451573364676122, 6.371535311641114, 0.0 ], [ -75.451571486844443, 6.371515724970189, 0.0 ], [ -75.451569616588671, 6.371501556099609, 0.0 ], [ -75.451569405282882, 6.371500774267048, 0.0 ], [ -75.451569207116492, 6.371499988998251, 0.0 ], [ -75.45156902214525, 6.371499200514214, 0.0 ], [ -75.451568850421197, 6.371498409036836, 0.0 ], [ -75.451568691992691, 6.371497614788863, 0.0 ], [ -75.451568546904298, 6.371496817993813, 0.0 ], [ -75.451568415196846, 6.371496018875931, 0.0 ], [ -75.451568296907411, 6.371495217660106, 0.0 ], [ -75.451568192069288, 6.371494414571824, 0.0 ], [ -75.451568100711981, 6.371493609837096, 0.0 ], [ -75.451568022861196, 6.371492803682395, 0.0 ], [ -75.451567958538831, 6.371491996334599, 0.0 ], [ -75.451567907763007, 6.371491188020912, 0.0 ], [ -75.45156787054799, 6.371490378968816, 0.0 ], [ -75.451567846904283, 6.371489569406002, 0.0 ], [ -75.451567836838521, 6.371488759560303, 0.0 ], [ -75.451567840353533, 6.371487949659627, 0.0 ], [ -75.451567857448339, 6.371487139931912, 0.0 ], [ -75.451567888118134, 6.371486330605028, 0.0 ], [ -75.451567932354266, 6.371485521906748, 0.0 ], [ -75.451567990144298, 6.371484714064655, 0.0 ], [ -75.451568061472003, 6.371483907306103, 0.0 ], [ -75.451568146317243, 6.371483101858129, 0.0 ], [ -75.451568244656158, 6.371482297947416, 0.0 ], [ -75.451568356461109, 6.371481495800204, 0.0 ], [ -75.451568481700576, 6.371480695642236, 0.0 ], [ -75.451568620339359, 6.371479897698699, 0.0 ], [ -75.451568772338405, 6.371479102194157, 0.0 ], [ -75.451568937654997, 6.371478309352484, 0.0 ], [ -75.451569116242538, 6.371477519396814, 0.0 ], [ -75.451569308050793, 6.371476732549452, 0.0 ], [ -75.451572526522298, 6.371479470398798, 0.0 ], [ -75.45158058424974, 6.371490439916288, 0.0 ], [ -75.451586177513022, 6.371499228986835, 0.0 ], [ -75.451598324340011, 6.371519247734138, 0.0 ], [ -75.451619714638909, 6.371541166920994, 0.0 ], [ -75.451643838423692, 6.371556430088918, 0.0 ], [ -75.451678294666152, 6.371573942186457, 0.0 ], [ -75.451693139333045, 6.371577996481779, 0.0 ], [ -75.451702485823816, 6.371579828118931, 0.0 ], [ -75.451711476074507, 6.371581141218676, 0.0 ], [ -75.451720740138356, 6.371582036176783, 0.0 ], [ -75.451731249855172, 6.371581996631599, 0.0 ], [ -75.451746879228665, 6.371579875353466, 0.0 ], [ -75.451756276431382, 6.371577777525223, 0.0 ], [ -75.451770685636163, 6.371574519802691, 0.0 ], [ -75.45178863147062, 6.371571692340231, 0.0 ], [ -75.451803044011157, 6.371571184977733, 0.0 ], [ -75.451817528450803, 6.371570666829297, 0.0 ], [ -75.451827156934414, 6.371569255616881, 0.0 ], [ -75.451836750707983, 6.371568766510893, 0.0 ], [ -75.451856051765546, 6.371567315069388, 0.0 ], [ -75.451870460612625, 6.371567493845726, 0.0 ], [ -75.451887237316143, 6.371567659877892, 0.0 ], [ -75.451911749034224, 6.371569859270652, 0.0 ], [ -75.451926661326752, 6.371571636459645, 0.0 ], [ -75.451945529015248, 6.371576158488367, 0.0 ], [ -75.451961543605179, 6.371579525903489, 0.0 ], [ -75.451970954283325, 6.371582240447326, 0.0 ], [ -75.451984582721494, 6.371586570099774, 0.0 ], [ -75.452001028105002, 6.371592897941358, 0.0 ], [ -75.452015493268405, 6.371598801747181, 0.0 ], [ -75.452029039784847, 6.371604250683364, 0.0 ], [ -75.4520439540035, 6.371606715350903, 0.0 ], [ -75.452053586321483, 6.371606679101006, 0.0 ], [ -75.452063217997605, 6.371606413690187, 0.0 ], [ -75.452072398612358, 6.371606604534554, 0.0 ], [ -75.452086412160526, 6.371609081834289, 0.0 ], [ -75.452095123339674, 6.371615918469504, 0.0 ], [ -75.452099725561681, 6.371621401064951, 0.0 ], [ -75.452100211390501, 6.371630593654316, 0.0 ], [ -75.452097724392914, 6.371643866585501, 0.0 ], [ -75.452094784038195, 6.371658544093379, 0.0 ], [ -75.452092069173332, 6.371671845773715, 0.0 ], [ -75.45208890974682, 6.371690190716577, 0.0 ], [ -75.452087108039208, 6.371704003723664, 0.0 ], [ -75.45208394762146, 6.371717705381681, 0.0 ], [ -75.452080991215766, 6.3717266538856, 0.0 ], [ -75.452077574843671, 6.371735145793534, 0.0 ], [ -75.452073923432664, 6.371743871295662, 0.0 ], [ -75.452069821610323, 6.371753282422153, 0.0 ], [ -75.452065259822277, 6.371762236953384, 0.0 ], [ -75.452057988394159, 6.371774592085835, 0.0 ], [ -75.452051604566861, 6.371783765371484, 0.0 ], [ -75.45204559011664, 6.371792195467386, 0.0 ], [ -75.452039194231446, 6.371801386079043, 0.0 ], [ -75.452032800913287, 6.371811493335166, 0.0 ], [ -75.452027778508693, 6.371819762123573, 0.0 ], [ -75.45202275482022, 6.371827572589902, 0.0 ], [ -75.452017729848038, 6.371834924733863, 0.0 ], [ -75.452010876562753, 6.371844575393839, 0.0 ], [ -75.452004938075561, 6.371853305956887, 0.0 ], [ -75.451998997020894, 6.371861119875497, 0.0 ], [ -75.451992598566946, 6.371869393842416, 0.0 ], [ -75.451986201396409, 6.37187812613155, 0.0 ], [ -75.451980259057663, 6.37188548172773, 0.0 ], [ -75.451979527980328, 6.371886330106057, 0.0 ], [ -75.451975927775862, 6.371890245711658, 0.0 ], [ -75.451973859319509, 6.371893297372337, 0.0 ], [ -75.451968376946823, 6.371901109564554, 0.0 ], [ -75.451962439741934, 6.371910298449651, 0.0 ], [ -75.451953227289991, 6.371923777379819, 0.0 ], [ -75.451947373805439, 6.371935563136532, 0.0 ], [ -75.45193984019491, 6.3719479663188, 0.0 ], [ -75.451933226516985, 6.371961282693241, 0.0 ], [ -75.451928205393145, 6.371970009803631, 0.0 ], [ -75.451923180418447, 6.371977361947263, 0.0 ], [ -75.45191724321208, 6.37198655083216, 0.0 ], [ -75.45190947640809, 6.371997579910581, 0.0 ], [ -75.451903535350581, 6.372005393828689, 0.0 ], [ -75.451898052975864, 6.372013206020576, 0.0 ], [ -75.451892111918013, 6.372021019938628, 0.0 ], [ -75.451885713460626, 6.372029293904965, 0.0 ], [ -75.451875046797426, 6.372042167204328, 0.0 ], [ -75.451872259131804, 6.372055330388084, 0.0 ], [ -75.451873919200594, 6.372065452409778, 0.0 ], [ -75.451878512687614, 6.372065661260687, 0.0 ], [ -75.451892229399647, 6.372064928756951, 0.0 ], [ -75.451905329949525, 6.37206212591921, 0.0 ], [ -75.451924355956393, 6.372056551362371, 0.0 ], [ -75.451928949988016, 6.372055156987626, 0.0 ], [ -75.451938546637294, 6.372053293383338, 0.0 ], [ -75.451947756182136, 6.372052798540354, 0.0 ], [ -75.451956437361602, 6.37205367870042, 0.0 ], [ -75.451965650349891, 6.372057322247044, 0.0 ], [ -75.45197255757995, 6.372063721216642, 0.0 ], [ -75.451996188165438, 6.372078424383873, 0.0 ], [ -75.452027228025685, 6.3721015385921, 0.0 ], [ -75.452048840042295, 6.372120706990643, 0.0 ], [ -75.452059646693044, 6.372130520350549, 0.0 ], [ -75.452067913988145, 6.372136679560687, 0.0 ], [ -75.452080351132992, 6.372143850278221, 0.0 ], [ -75.452088989996994, 6.372148612381163, 0.0 ], [ -75.452097085991824, 6.372149862563083, 0.0 ], [ -75.452103939802996, 6.372143418866652, 0.0 ], [ -75.452113113338896, 6.372140632104387, 0.0 ], [ -75.452125516488664, 6.372147688866515, 0.0 ], [ -75.452142289230039, 6.372158625587026, 0.0 ], [ -75.452154894068002, 6.37216749856947, 0.0 ], [ -75.452190235400337, 6.372185229724012, 0.0 ], [ -75.452208207037458, 6.372195275622872, 0.0 ], [ -75.452234390445241, 6.372208926858464, 0.0 ], [ -75.452247480223718, 6.372215064993489, 0.0 ], [ -75.452261411657616, 6.372218433026069, 0.0 ], [ -75.452274792363937, 6.372222295410281, 0.0 ], [ -75.452288538960673, 6.372226590329868, 0.0 ], [ -75.452312885464949, 6.372230172734048, 0.0 ], [ -75.452331932978652, 6.372234455135851, 0.0 ], [ -75.452346892252578, 6.372239678454307, 0.0 ], [ -75.452356460180482, 6.372241912878594, 0.0 ], [ -75.452375268332844, 6.372248710932983, 0.0 ], [ -75.452404169057729, 6.372255024121857, 0.0 ], [ -75.452423065208663, 6.372258173400003, 0.0 ], [ -75.452432233019678, 6.372257678424441, 0.0 ], [ -75.452440007121865, 6.372253365259122, 0.0 ], [ -75.452445288379494, 6.372253275418028, 0.0 ], [ -75.452449174459758, 6.372251201039813, 0.0 ], [ -75.452450079625478, 6.372246843533173, 0.0 ], [ -75.452450987039072, 6.372242475205251, 0.0 ], [ -75.452441560489163, 6.372232435573721, 0.0 ], [ -75.452424108218466, 6.372227004107891, 0.0 ], [ -75.452392206686625, 6.372218874322781, 0.0 ], [ -75.452368115348179, 6.372212774819645, 0.0 ], [ -75.452349301639941, 6.372210095676414, 0.0 ], [ -75.452336225619277, 6.372211293501665, 0.0 ], [ -75.452327508432816, 6.37220812051855, 0.0 ], [ -75.45232748143907, 6.37219848496991, 0.0 ], [ -75.452333388101223, 6.372191173527753, 0.0 ], [ -75.452337966804251, 6.372188464556006, 0.0 ], [ -75.452344365254618, 6.372180190585255, 0.0 ], [ -75.452350307589782, 6.372172834985299, 0.0 ], [ -75.452356251208769, 6.372165937707492, 0.0 ], [ -75.452375592073594, 6.372142104536876, 0.0 ], [ -75.45238245562588, 6.372136120450055, 0.0 ], [ -75.452389320462032, 6.372130594685327, 0.0 ], [ -75.45239755877877, 6.372124147096461, 0.0 ], [ -75.452407174428146, 6.372118152649826, 0.0 ], [ -75.45242549349652, 6.372108000498007, 0.0 ], [ -75.452451615309855, 6.372099652281475, 0.0 ], [ -75.45246261342713, 6.372095944264814, 0.0 ], [ -75.452472238063578, 6.372093158072247, 0.0 ], [ -75.452481404017078, 6.372090373606166, 0.0 ], [ -75.45249103250562, 6.372088962379695, 0.0 ], [ -75.452500204879357, 6.372088469524009, 0.0 ], [ -75.452509837220077, 6.372088433263605, 0.0 ], [ -75.452518554763259, 6.372089317100688, 0.0 ], [ -75.452527733557559, 6.372091115855175, 0.0 ], [ -75.452536909783618, 6.372091997965222, 0.0 ], [ -75.452546089862153, 6.372094255041472, 0.0 ], [ -75.452555271224824, 6.372096970439681, 0.0 ], [ -75.452563082959756, 6.372101982628553, 0.0 ], [ -75.452570438580267, 6.37210791318825, 0.0 ], [ -75.452583919176362, 6.372117105366248, 0.0 ], [ -75.452594789868016, 6.372122487977831, 0.0 ], [ -75.452603059002314, 6.372127040117022, 0.0 ], [ -75.452612240365738, 6.372129755514012, 0.0 ], [ -75.452621424297661, 6.37213338755505, 0.0 ], [ -75.452629581459561, 6.372135937425822, 0.0 ], [ -75.452639684041728, 6.372140024334983, 0.0 ], [ -75.452648406722545, 6.372142741458047, 0.0 ], [ -75.452657135824666, 6.372147750191481, 0.0 ], [ -75.452665401106998, 6.372150927363156, 0.0 ], [ -75.452673672810704, 6.372156396145077, 0.0 ], [ -75.452685290265435, 6.372163850166254, 0.0 ], [ -75.452698941468768, 6.37217096747501, 0.0 ], [ -75.452706755774543, 6.372176896305331, 0.0 ], [ -75.45271319531598, 6.372183288638251, 0.0 ], [ -75.452718721344652, 6.372191059391171, 0.0 ], [ -75.452724706056458, 6.372198828417005, 0.0 ], [ -75.452728401206699, 6.372207981043586, 0.0 ], [ -75.452728884292014, 6.3722166874364, 0.0 ], [ -75.452732576873842, 6.372224923418721, 0.0 ], [ -75.452741284144125, 6.372222140674757, 0.0 ], [ -75.452750667397922, 6.372215058570712, 0.0 ], [ -75.452760037486712, 6.372203278665182, 0.0 ], [ -75.452766442351162, 6.372197296300996, 0.0 ], [ -75.452772844646319, 6.372190397292962, 0.0 ], [ -75.452783177603337, 6.372179312129987, 0.0 ], [ -75.452791126460284, 6.372166953788466, 0.0 ], [ -75.452796607536186, 6.372158683267593, 0.0 ], [ -75.452803311338187, 6.372150255367412, 0.0 ], [ -75.452811217315897, 6.372134336934709, 0.0 ], [ -75.452816239708326, 6.372126068140717, 0.0 ], [ -75.452810265122494, 6.372134895592387, 0.0 ], [ -75.452816206165082, 6.372127081666534, 0.0 ], [ -75.452823065857643, 6.372119722608758, 0.0 ], [ -75.452841362660692, 6.372097040195662, 0.0 ], [ -75.452848219783661, 6.372088764493564, 0.0 ], [ -75.45286102180107, 6.372074049831502, 0.0 ], [ -75.452867424093924, 6.372067150822494, 0.0 ], [ -75.452873827671056, 6.372060710135493, 0.0 ], [ -75.452882065979153, 6.372054262540394, 0.0 ], [ -75.4528898481732, 6.37204873331634, 0.0 ], [ -75.452898549017021, 6.372043658960228, 0.0 ], [ -75.452907248576182, 6.372038126281919, 0.0 ], [ -75.452915490736899, 6.372033053652618, 0.0 ], [ -75.452922812962981, 6.372027067833183, 0.0 ], [ -75.452931049985381, 6.372020161915491, 0.0 ], [ -75.452938373495542, 6.37201463441797, 0.0 ], [ -75.452947546431915, 6.372005950428435, 0.0 ], [ -75.452954630926257, 6.371988998564127, 0.0 ], [ -75.452965375003117, 6.37195647801096, 0.0 ], [ -75.452968996423394, 6.37193718319234, 0.0 ], [ -75.452970230809171, 6.371925140723629, 0.0 ], [ -75.452971576029285, 6.371914135813261, 0.0 ], [ -75.452973827696454, 6.371899231711365, 0.0 ], [ -75.452973784666014, 6.371883877922711, 0.0 ], [ -75.452974209951932, 6.371871959822369, 0.0 ], [ -75.452974641660319, 6.371862333332327, 0.0 ], [ -75.452975993302871, 6.371853620032217, 0.0 ], [ -75.452976884978341, 6.371844450137136, 0.0 ], [ -75.452978235336403, 6.371835278514982, 0.0 ], [ -75.452980496637139, 6.371823811828445, 0.0 ], [ -75.452981841857223, 6.371812806918136, 0.0 ], [ -75.452985037787428, 6.371799103837949, 0.0 ], [ -75.452987058186437, 6.371783513116567, 0.0 ], [ -75.452993571001159, 6.371734218454152, 0.0 ], [ -75.453003877150465, 6.371650080358269, 0.0 ], [ -75.453007019681323, 6.371630894927094, 0.0 ], [ -75.453010220490214, 6.371619344880596, 0.0 ], [ -75.453017719868583, 6.371597549894164, 0.0 ], [ -75.453027064574442, 6.371573907097337, 0.0 ], [ -75.453031623139211, 6.371563806741851, 0.0 ], [ -75.453035292171933, 6.371555027428648, 0.0 ], [ -75.453040332352927, 6.371545353364065, 0.0 ], [ -75.45304940620882, 6.371528910829611, 0.0 ], [ -75.453063092154409, 6.371502276382485, 0.0 ], [ -75.453071032559464, 6.371485757514307, 0.0 ], [ -75.453075809355923, 6.371457312537673, 0.0 ], [ -75.45308487251846, 6.37141786236503, 0.0 ], [ -75.453092558307219, 6.371381699290827, 0.0 ], [ -75.453109343039586, 6.371317472341712, 0.0 ], [ -75.453112104653968, 6.371308624056022, 0.0 ], [ -75.453113889336777, 6.371294000785072, 0.0 ], [ -75.453109462184543, 6.371272022069064, 0.0 ], [ -75.453091254640483, 6.371237253478734, 0.0 ], [ -75.453075585982617, 6.371213942202415, 0.0 ], [ -75.453057616494291, 6.371185135314006, 0.0 ], [ -75.453033179874993, 6.371140082195782, 0.0 ], [ -75.453019306873983, 6.371102721691022, 0.0 ], [ -75.453016492034294, 6.371077583507493, 0.0 ], [ -75.453014620220074, 6.371061544494005, 0.0 ], [ -75.453010885262572, 6.371038183884664, 0.0 ], [ -75.453009477108083, 6.371026731014191, 0.0 ], [ -75.45300806766933, 6.371014819821384, 0.0 ], [ -75.453006204686275, 6.371004743643822, 0.0 ], [ -75.453004797816462, 6.370993749095234, 0.0 ], [ -75.453003854765939, 6.37098458610787, 0.0 ], [ -75.453002454318039, 6.370975883169508, 0.0 ], [ -75.453002424778234, 6.370965341762158, 0.0 ], [ -75.453003775136878, 6.370956170140231, 0.0 ], [ -75.453004664245043, 6.37094608360113, 0.0 ], [ -75.453006013319325, 6.370936453657129, 0.0 ], [ -75.453007364962247, 6.370927740357305, 0.0 ], [ -75.453009171433919, 6.370917650364346, 0.0 ], [ -75.453011895269071, 6.370907556917576, 0.0 ], [ -75.453013246911908, 6.370898843617763, 0.0 ], [ -75.453016249625094, 6.370882845249195, 0.0 ], [ -75.453016836737021, 6.370870413834736, 0.0 ], [ -75.453017267163446, 6.370860329022625, 0.0 ], [ -75.453017701442874, 6.370851619176671, 0.0 ], [ -75.453017674471965, 6.370841994413501, 0.0 ], [ -75.453018099761167, 6.370830076313034, 0.0 ], [ -75.453018009858582, 6.370797993768909, 0.0 ], [ -75.453018441569554, 6.370788367278791, 0.0 ], [ -75.453019329393527, 6.370777822417658, 0.0 ], [ -75.453019303707194, 6.37076865597646, 0.0 ], [ -75.453019735418252, 6.370759029486288, 0.0 ], [ -75.453020168413587, 6.370749861318253, 0.0 ], [ -75.453024269577398, 6.370740221013006, 0.0 ], [ -75.453028375878347, 6.370732413995992, 0.0 ], [ -75.453032940860794, 6.37072460525206, 0.0 ], [ -75.453039341853668, 6.370717247922606, 0.0 ], [ -75.453044826767652, 6.3707103523689, 0.0 ], [ -75.45305122776017, 6.370702995039395, 0.0 ], [ -75.453057630036923, 6.370696096031841, 0.0 ], [ -75.453063571063254, 6.370688282107098, 0.0 ], [ -75.453069513373777, 6.37068092650433, 0.0 ], [ -75.45307637433153, 6.370674025769757, 0.0 ], [ -75.453091005903346, 6.37065747091426, 0.0 ], [ -75.453096941791358, 6.370647823701105, 0.0 ], [ -75.453102425419488, 6.370640469825084, 0.0 ], [ -75.45319748308512, 6.370515905342955, 0.0 ], [ -75.453196135298356, 6.370525993608616, 0.0 ], [ -75.453195702305493, 6.370535161776201, 0.0 ], [ -75.453194350665456, 6.370543875075745, 0.0 ], [ -75.453193005447545, 6.37055487998549, 0.0 ], [ -75.453191655091899, 6.370564051607082, 0.0 ], [ -75.453189387373413, 6.370573226682713, 0.0 ], [ -75.453185461852115, 6.37058777312062, 0.0 ], [ -75.453182134527253, 6.370603961890802, 0.0 ], [ -75.453179869377408, 6.370614053610573, 0.0 ], [ -75.453177600374261, 6.370622770364141, 0.0 ], [ -75.453176712553173, 6.370633315225076, 0.0 ], [ -75.45317582344768, 6.370643401763491, 0.0 ], [ -75.453174933057724, 6.37065302998024, 0.0 ], [ -75.453173585270733, 6.370663118246018, 0.0 ], [ -75.453171483718137, 6.370677028740323, 0.0 ], [ -75.453170001875648, 6.370693839638138, 0.0 ], [ -75.453168661795246, 6.370706677836031, 0.0 ], [ -75.453167335843631, 6.370724557576329, 0.0 ], [ -75.453166901566405, 6.370733267421929, 0.0 ], [ -75.453165556348253, 6.370744272331716, 0.0 ], [ -75.453165127208806, 6.370754815465457, 0.0 ], [ -75.453164235534487, 6.370763985360144, 0.0 ], [ -75.453164290765599, 6.37078369320747, 0.0 ], [ -75.453165233817771, 6.370792856194028, 0.0 ], [ -75.453165718188387, 6.370802020907626, 0.0 ], [ -75.453165777273256, 6.37082310372098, 0.0 ], [ -75.453165348134078, 6.370833646854745, 0.0 ], [ -75.453165400796891, 6.370852438057966, 0.0 ], [ -75.453167284333176, 6.37086984738691, 0.0 ], [ -75.453170087802064, 6.37088816990579, 0.0 ], [ -75.453171752096495, 6.370905910055447, 0.0 ], [ -75.453175138978338, 6.370921761523475, 0.0 ], [ -75.453181467439421, 6.370938772176934, 0.0 ], [ -75.453187696251064, 6.370951811039017, 0.0 ], [ -75.453191388826099, 6.370960047018811, 0.0 ], [ -75.453196000049346, 6.370968737866415, 0.0 ], [ -75.453200613841787, 6.370978345357933, 0.0 ], [ -75.453207059792476, 6.370987029297014, 0.0 ], [ -75.453212125844487, 6.370994343451128, 0.0 ], [ -75.45322134572352, 6.371010808501501, 0.0 ], [ -75.453228416067574, 6.371026384495044, 0.0 ], [ -75.453239790621879, 6.371045571889426, 0.0 ], [ -75.453248095708474, 6.371062957037228, 0.0 ], [ -75.453253165615678, 6.371071646156726, 0.0 ], [ -75.453257776841212, 6.371080337003314, 0.0 ], [ -75.453263311853661, 6.371091316005458, 0.0 ], [ -75.453267920510399, 6.371099090207826, 0.0 ], [ -75.453272538159567, 6.371110072664116, 0.0 ], [ -75.45327669198862, 6.371119223559584, 0.0 ], [ -75.453280389705185, 6.371129292826147, 0.0 ], [ -75.453284084852669, 6.371138445448633, 0.0 ], [ -75.453287318749219, 6.371146683154259, 0.0 ], [ -75.453290095248576, 6.371155380908988, 0.0 ], [ -75.453292413066151, 6.371164080390984, 0.0 ], [ -75.453294274771181, 6.371173698244127, 0.0 ], [ -75.453295219112448, 6.371183319551681, 0.0 ], [ -75.453297329428295, 6.371199811371149, 0.0 ], [ -75.453299894572424, 6.371214926497331, 0.0 ], [ -75.453302059732295, 6.371229771528651, 0.0 ], [ -75.453308585790765, 6.371250062714889, 0.0 ], [ -75.453314257595935, 6.371266205016497, 0.0 ], [ -75.453317035381588, 6.3712753610932, 0.0 ], [ -75.453320276987895, 6.371286348729891, 0.0 ], [ -75.453322137409657, 6.371295508260712, 0.0 ], [ -75.453324004254981, 6.371306959401445, 0.0 ], [ -75.453326789749212, 6.371318865409583, 0.0 ], [ -75.453328652740751, 6.371328941584431, 0.0 ], [ -75.453330514447657, 6.371338559436967, 0.0 ], [ -75.453333293518796, 6.371348173834999, 0.0 ], [ -75.453335611338645, 6.371356873316468, 0.0 ], [ -75.453337931728029, 6.371366489441733, 0.0 ], [ -75.453339793435418, 6.371376107294603, 0.0 ], [ -75.453341656427583, 6.371386183468804, 0.0 ], [ -75.45334305945309, 6.371395803048636, 0.0 ], [ -75.453345381127633, 6.371405877495838, 0.0 ], [ -75.453347247974335, 6.371417328636174, 0.0 ], [ -75.453349108397589, 6.371426488166733, 0.0 ], [ -75.453350971390321, 6.371436564341102, 0.0 ], [ -75.453352831813731, 6.371445723871484, 0.0 ], [ -75.453354715362636, 6.371463133197522, 0.0 ], [ -75.453355660991448, 6.371473212826499, 0.0 ], [ -75.453357532977989, 6.371486497254676, 0.0 ], [ -75.453358474752719, 6.371495201917673, 0.0 ], [ -75.453359876494474, 6.371504363175308, 0.0 ], [ -75.453360360871883, 6.371513527887533, 0.0 ], [ -75.453360851673168, 6.371524984209718, 0.0 ], [ -75.453361796017703, 6.371534605516654, 0.0 ], [ -75.453361847408431, 6.371552938395852, 0.0 ], [ -75.453362330501335, 6.371561644786108, 0.0 ], [ -75.45336238703139, 6.371581810953174, 0.0 ], [ -75.453361082206641, 6.371600109085209, 0.0 ], [ -75.453362474396386, 6.371612976847713, 0.0 ], [ -75.453362500092041, 6.371622143287301, 0.0 ], [ -75.453363473987295, 6.371642305999658, 0.0 ], [ -75.453364111626044, 6.371659392640662, 0.0 ], [ -75.453364946393776, 6.371676674965789, 0.0 ], [ -75.453365892024053, 6.371686754594542, 0.0 ], [ -75.45336592028967, 6.371696837678001, 0.0 ], [ -75.453366405952892, 6.371706460712133, 0.0 ], [ -75.45336646248434, 6.37172662687905, 0.0 ], [ -75.453365088709802, 6.371740029297982, 0.0 ], [ -75.453366818636852, 6.371755500127116, 0.0 ], [ -75.453367765552471, 6.371766038077714, 0.0 ], [ -75.453368251216048, 6.371775661110981, 0.0 ], [ -75.453368738164571, 6.371785742467823, 0.0 ], [ -75.453370602445332, 6.37179627696363, 0.0 ], [ -75.453370168174558, 6.371804986808529, 0.0 ], [ -75.453367659197141, 6.371819000687736, 0.0 ], [ -75.453369795575597, 6.371835696108152, 0.0 ], [ -75.453372596494347, 6.371853101978664, 0.0 ], [ -75.453373082158478, 6.371862725012668, 0.0 ], [ -75.45337402393551, 6.371871429675276, 0.0 ], [ -75.453374509599755, 6.371881052708919, 0.0 ], [ -75.453374992694364, 6.371889759099239, 0.0 ], [ -75.453375483498121, 6.371901215421168, 0.0 ], [ -75.453376429129975, 6.371911295049687, 0.0 ], [ -75.453376913509587, 6.371920459761649, 0.0 ], [ -75.453377855287002, 6.371929164424205, 0.0 ], [ -75.453378338381881, 6.371937870813615, 0.0 ], [ -75.453378822761692, 6.371947035526492, 0.0 ], [ -75.453379305856672, 6.371955741916145, 0.0 ], [ -75.453379336693416, 6.3719667416434, 0.0 ], [ -75.453377987627732, 6.371976371587081, 0.0 ], [ -75.453376181164288, 6.371986461580143, 0.0 ], [ -75.453374576162005, 6.37200296738984, 0.0 ], [ -75.453376715654201, 6.37201350084891, 0.0 ], [ -75.453378125108927, 6.372025412037726, 0.0 ], [ -75.453379068171799, 6.37203457502218, 0.0 ], [ -75.453380471202294, 6.372044194601153, 0.0 ], [ -75.4533814168351, 6.372054274229524, 0.0 ], [ -75.453381483649196, 6.372078106971771, 0.0 ], [ -75.453381968029717, 6.372087271683645, 0.0 ], [ -75.453381544039061, 6.372099648104164, 0.0 ], [ -75.45338110976931, 6.372108357948891, 0.0 ], [ -75.453380679354254, 6.372118442759784, 0.0 ], [ -75.453379792826283, 6.372129445941873, 0.0 ], [ -75.453379359841492, 6.372138614108263, 0.0 ], [ -75.453378928141589, 6.372148240597436, 0.0 ], [ -75.45337712039337, 6.372157872268629, 0.0 ], [ -75.453376228725801, 6.372167042162887, 0.0 ], [ -75.453374419692665, 6.372176215512059, 0.0 ], [ -75.453372153261554, 6.372185848910765, 0.0 ], [ -75.453363700139946, 6.372213838681794, 0.0 ], [ -75.453358462549303, 6.372227149884798, 0.0 ], [ -75.453355048768287, 6.372236558441184, 0.0 ], [ -75.453349127650114, 6.372251476362282, 0.0 ], [ -75.45334684708466, 6.372256068219317, 0.0 ], [ -75.453344566519178, 6.372260660076345, 0.0 ], [ -75.453337948382, 6.37227237233483, 0.0 ], [ -75.453335895230509, 6.372276275845162, 0.0 ], [ -75.453327629808882, 6.372286028582536, 0.0 ], [ -75.453323523505645, 6.372293835603154, 0.0 ], [ -75.453318042438397, 6.372302106128111, 0.0 ], [ -75.45331256522563, 6.372311751618965, 0.0 ], [ -75.453306628044857, 6.37232094051527, 0.0 ], [ -75.453298427136744, 6.372327749557162, 0.0 ], [ -75.45328928174456, 6.372337867189377, 0.0 ], [ -75.453282878171009, 6.372344307881104, 0.0 ], [ -75.453275558516225, 6.372351210349602, 0.0 ], [ -75.453269613625338, 6.372357649313789, 0.0 ], [ -75.453262751368314, 6.372364091732813, 0.0 ], [ -75.453255435567456, 6.372372369167094, 0.0 ], [ -75.453248572025245, 6.372378353263975, 0.0 ], [ -75.453241711052499, 6.372385254004808, 0.0 ], [ -75.453233933998533, 6.372392616521892, 0.0 ], [ -75.453226614342356, 6.372399518990303, 0.0 ], [ -75.453220209482353, 6.372405501359646, 0.0 ], [ -75.453213805907112, 6.372411942050878, 0.0 ], [ -75.453206486250323, 6.372418844518893, 0.0 ], [ -75.45319606714601, 6.372428742460168, 0.0 ], [ -75.453182606714194, 6.372448555968163, 0.0 ], [ -75.453175828864644, 6.372458472825528, 0.0 ], [ -75.453166919233226, 6.372470881202869, 0.0 ], [ -75.453169310297568, 6.372466891735817, 0.0 ], [ -75.453164690194711, 6.37248087604195, 0.0 ], [ -75.453161502538805, 6.372489137929385, 0.0 ], [ -75.453158318737138, 6.372498774782852, 0.0 ], [ -75.453155132365822, 6.372507494992432, 0.0 ], [ -75.453151489880895, 6.37251713357315, 0.0 ], [ -75.453149224730083, 6.372527225293891, 0.0 ], [ -75.453146508604618, 6.372540068674126, 0.0 ], [ -75.453143692519134, 6.372556524046243, 0.0 ], [ -75.453142469105146, 6.372571708438492, 0.0 ], [ -75.453141122605302, 6.372582255026564, 0.0 ], [ -75.45313977482067, 6.372592343292702, 0.0 ], [ -75.45313888700403, 6.372602888153525, 0.0 ], [ -75.453137540504159, 6.372613434741721, 0.0 ], [ -75.453135737890605, 6.372624899701167, 0.0 ], [ -75.45313438753638, 6.372634071323305, 0.0 ], [ -75.453132577214092, 6.372642786350811, 0.0 ], [ -75.453130312062854, 6.372652878071655, 0.0 ], [ -75.453127126975446, 6.372662056603202, 0.0 ], [ -75.453123027090925, 6.372672155233459, 0.0 ], [ -75.453119380750479, 6.37268041884835, 0.0 ], [ -75.453099016740836, 6.372710383527156, 0.0 ], [ -75.453094454317906, 6.372719108918683, 0.0 ], [ -75.453090348008701, 6.372726915938807, 0.0 ], [ -75.453085783016036, 6.372734724686288, 0.0 ], [ -75.45307805748395, 6.372747490185455, 0.0 ], [ -75.45307257512421, 6.372755302387509, 0.0 ], [ -75.453068012700555, 6.372764027778952, 0.0 ], [ -75.4530605745353, 6.372779004296277, 0.0 ], [ -75.453058910978186, 6.372789728358131, 0.0 ], [ -75.453055292900444, 6.372808075057288, 0.0 ], [ -75.453052105241753, 6.372816336944775, 0.0 ], [ -75.453048001500846, 6.372825060608917, 0.0 ], [ -75.453041999970097, 6.372836470869, 0.0 ], [ -75.45303660764435, 6.372851228146629, 0.0 ], [ -75.453030898940682, 6.372865289530395, 0.0 ], [ -75.45302751362803, 6.372879678658006, 0.0 ], [ -75.453025248474603, 6.372889770378938, 0.0 ], [ -75.453020710459199, 6.372907203888712, 0.0 ], [ -75.453016587326331, 6.372923885846826, 0.0 ], [ -75.453019870175979, 6.37293470666474, 0.0 ], [ -75.453017450989705, 6.372926211265289, 0.0 ], [ -75.453024020168385, 6.372942482593249, 0.0 ], [ -75.453029099610745, 6.37295898800612, 0.0 ], [ -75.453034194715229, 6.37297223552372, 0.0 ], [ -75.453037428625834, 6.372980473228571, 0.0 ], [ -75.453040207707303, 6.37299008762689, 0.0 ], [ -75.4530425281053, 6.372999703752614, 0.0 ], [ -75.453043931136207, 6.37300932333293, 0.0 ], [ -75.453049691384919, 6.373030515626314, 0.0 ], [ -75.453051093131378, 6.373039676884556, 0.0 ], [ -75.453052042618225, 6.373051131480215, 0.0 ], [ -75.453052526997567, 6.373060296193094, 0.0 ], [ -75.453053932598635, 6.373070832417318, 0.0 ], [ -75.453053960864025, 6.373080915501616, 0.0 ], [ -75.453054450382709, 6.373091913502504, 0.0 ], [ -75.45305493604711, 6.37310153653742, 0.0 ], [ -75.45305614855711, 6.373113317518749, 0.0 ], [ -75.453062751161639, 6.373132920123291, 0.0 ], [ -75.453070195950801, 6.373145478446869, 0.0 ], [ -75.453073888547365, 6.373153714423884, 0.0 ], [ -75.453078498511317, 6.37316194694575, 0.0 ], [ -75.453088640947257, 6.373180241823296, 0.0 ], [ -75.453094630817773, 6.373189844128949, 0.0 ], [ -75.453098784668811, 6.373198995022198, 0.0 ], [ -75.453103399773141, 6.373209060831899, 0.0 ], [ -75.453107551054657, 6.373217295081065, 0.0 ], [ -75.453111243652401, 6.373225531057539, 0.0 ], [ -75.453115397504078, 6.373234681950487, 0.0 ], [ -75.453120008754695, 6.373243372793936, 0.0 ], [ -75.45312462514508, 6.373253896925307, 0.0 ], [ -75.453128777712692, 6.373262589496737, 0.0 ], [ -75.453128114373229, 6.373259711082795, 0.0 ], [ -75.453133649416486, 6.373270690081004, 0.0 ], [ -75.45313780326893, 6.373279840973623, 0.0 ], [ -75.453141953266808, 6.373287616900175, 0.0 ], [ -75.453146107119608, 6.373296767792653, 0.0 ], [ -75.453149342319946, 6.373305463818061, 0.0 ], [ -75.453152120121445, 6.373314619892879, 0.0 ], [ -75.453155365601518, 6.373326982494159, 0.0 ], [ -75.453157691144057, 6.373338431906205, 0.0 ], [ -75.453160015401977, 6.373349422996494, 0.0 ], [ -75.45316142486206, 6.373361334185592, 0.0 ], [ -75.453168149020641, 6.373387433489878, 0.0 ], [ -75.453168633403635, 6.373396598202068, 0.0 ], [ -75.45316957775556, 6.373406219508659, 0.0 ], [ -75.453169607309576, 6.373416760914287, 0.0 ], [ -75.453169175609787, 6.373426387403501, 0.0 ], [ -75.453169202593969, 6.373436012165169, 0.0 ], [ -75.453168772179183, 6.373446096976347, 0.0 ], [ -75.45316742054159, 6.373454810276656, 0.0 ], [ -75.45316618839604, 6.373473422986303, 0.0 ], [ -75.453167510489308, 6.373486892815514, 0.0 ], [ -75.453167619712133, 6.373525850184079, 0.0 ], [ -75.453169021463836, 6.373535011441031, 0.0 ], [ -75.453170421930665, 6.373543714376092, 0.0 ], [ -75.453171853237265, 6.373563417038596, 0.0 ], [ -75.453171670154902, 6.373579917493688, 0.0 ], [ -75.453173082187021, 6.373592745326488, 0.0 ], [ -75.453173109171942, 6.373602370088062, 0.0 ], [ -75.453172677472807, 6.373611996577226, 0.0 ], [ -75.453171785804557, 6.373621166471944, 0.0 ], [ -75.453169537358932, 6.37363721637911, 0.0 ], [ -75.453169685134668, 6.373689923406861, 0.0 ], [ -75.453170169519097, 6.373699088118872, 0.0 ], [ -75.453170239552492, 6.37372406666672, 0.0 ], [ -75.453172415836818, 6.373744181494697, 0.0 ], [ -75.453175831787391, 6.373755440991083, 0.0 ], [ -75.453178149624236, 6.373764140470595, 0.0 ], [ -75.453180008776897, 6.373772841677743, 0.0 ], [ -75.453182789153331, 6.373782914395582, 0.0 ], [ -75.453184650876295, 6.373792532246565, 0.0 ], [ -75.45318696999864, 6.373801690048023, 0.0 ], [ -75.453188373037534, 6.373811309626594, 0.0 ], [ -75.453189264915039, 6.373827382961698, 0.0 ], [ -75.453191668641338, 6.373841546783457, 0.0 ], [ -75.453193071680616, 6.373851166361987, 0.0 ], [ -75.453193559921431, 6.373861706039713, 0.0 ], [ -75.453195446061528, 6.373880032007966, 0.0 ], [ -75.453196391701852, 6.3738901116361, 0.0 ], [ -75.453198714680411, 6.37390064440318, 0.0 ], [ -75.45319965775073, 6.373909807387265, 0.0 ], [ -75.453201060790605, 6.373919426965776, 0.0 ], [ -75.453202470255974, 6.373931338153938, 0.0 ], [ -75.453202526799899, 6.373951504320569, 0.0 ], [ -75.453201633847812, 6.373960215893288, 0.0 ], [ -75.453201203435441, 6.373970300704267, 0.0 ], [ -75.45319893571515, 6.373979475781964, 0.0 ], [ -75.453195750625923, 6.37398865431496, 0.0 ], [ -75.453187070318734, 6.374001061833693, 0.0 ], [ -75.453182731667539, 6.374010702905531, 0.0 ], [ -75.453178405432169, 6.374018969216014, 0.0 ], [ -75.453174072346158, 6.374027693746182, 0.0 ], [ -75.45317019858706, 6.374036645709678, 0.0 ], [ -75.453164264207587, 6.374049730179835, 0.0 ], [ -75.453160169854172, 6.374058912333647, 0.0 ], [ -75.453155608710446, 6.374068096049571, 0.0 ], [ -75.453148766994602, 6.374081871623464, 0.0 ], [ -75.453141492947211, 6.37409422422418, 0.0 ], [ -75.453138263512386, 6.374098410950261, 0.0 ], [ -75.453134932843938, 6.374103055136229, 0.0 ], [ -75.45312727659352, 6.374108993557343, 0.0 ], [ -75.453119046307762, 6.374115441423775, 0.0 ], [ -75.453111292686827, 6.374121401509492, 0.0 ], [ -75.453100737825736, 6.374132238981462, 0.0 ], [ -75.453088850227189, 6.374143054764933, 0.0 ], [ -75.453067352446183, 6.374164677095103, 0.0 ], [ -75.453061867505781, 6.374171572655936, 0.0 ], [ -75.4530559251656, 6.374178928266302, 0.0 ], [ -75.453049516220815, 6.374186285217472, 0.0 ], [ -75.453037626418904, 6.374199163129181, 0.0 ], [ -75.453030775894263, 6.374206980924113, 0.0 ], [ -75.453024373583574, 6.374213879939845, 0.0 ], [ -75.45302070715536, 6.37421778905948, 0.0 ], [ -75.453010655447258, 6.374229056392273, 0.0 ], [ -75.453004713105742, 6.37423641200233, 0.0 ], [ -75.45299578854798, 6.374246299128393, 0.0 ], [ -75.45298378066181, 6.374263243874661, 0.0 ], [ -75.45297316665669, 6.374273196962196, 0.0 ], [ -75.452966764344467, 6.374280095977539, 0.0 ], [ -75.452959904632252, 6.374287455042361, 0.0 ], [ -75.452953502319673, 6.374294354057611, 0.0 ], [ -75.452944358177746, 6.374304930013916, 0.0 ], [ -75.452936496147572, 6.37431423241361, 0.0 ], [ -75.452924463845818, 6.374328608126254, 0.0 ], [ -75.452916460645596, 6.374337117300723, 0.0 ], [ -75.452908685502265, 6.374345167290112, 0.0 ], [ -75.452901366472972, 6.374352298909411, 0.0 ], [ -75.452894278070417, 6.374359887986198, 0.0 ], [ -75.45288353432862, 6.374372532416654, 0.0 ], [ -75.452868454204847, 6.374390006347962, 0.0 ], [ -75.452862055744447, 6.374398280328668, 0.0 ], [ -75.452855657283848, 6.374406554309337, 0.0 ], [ -75.452844231277325, 6.374421263800146, 0.0 ], [ -75.452832346585282, 6.374435975018251, 0.0 ], [ -75.4528204618926, 6.374450686236222, 0.0 ], [ -75.452814062145919, 6.374458501894609, 0.0 ], [ -75.452807659829375, 6.374465400908881, 0.0 ], [ -75.452794862904739, 6.374481948869516, 0.0 ], [ -75.452779291890394, 6.374503645618521, 0.0 ], [ -75.452765149881898, 6.37451826859107, 0.0 ], [ -75.452758748848822, 6.374525625927055, 0.0 ], [ -75.452752345245941, 6.374532066618915, 0.0 ], [ -75.452745020700732, 6.374539884772037, 0.0 ], [ -75.452738167123783, 6.37454678647277, 0.0 ], [ -75.452732222205427, 6.374553225437118, 0.0 ], [ -75.452724906370918, 6.374561502871693, 0.0 ], [ -75.452712534583966, 6.374579062629768, 0.0 ], [ -75.452706132264652, 6.374585961643355, 0.0 ], [ -75.452698731936152, 6.374595265175144, 0.0 ], [ -75.452690602494982, 6.374609394797556, 0.0 ], [ -75.452688406057902, 6.374582268349292, 0.0 ], [ -75.452661360956029, 6.374583763102997, 0.0 ], [ -75.452590301670341, 6.374629489931272, 0.0 ], [ -75.452002431475435, 6.375025385647437, 0.0 ], [ -75.451614731072127, 6.375322184083936, 0.0 ], [ -75.451047313888253, 6.375792849418042, 0.0 ], [ -75.450503291238093, 6.376223803338884, 0.0 ], [ -75.450524182770025, 6.376255223623448, 0.0 ], [ -75.450594463792768, 6.376349685970415, 0.0 ], [ -75.450653218573038, 6.376431992975764, 0.0 ], [ -75.450076782265199, 6.376870429552295, 0.0 ], [ -75.450398686238742, 6.377282052741387, 0.0 ], [ -75.450427385146568, 6.377261657820396, 0.0 ], [ -75.451083896488527, 6.378113083817152, 0.0 ], [ -75.451253339222546, 6.378316914573388, 0.0 ], [ -75.451648132057926, 6.378207686285601, 0.0 ], [ -75.451671397907489, 6.378285995117022, 0.0 ], [ -75.451076144149454, 6.378463139430927, 0.0 ], [ -75.451068886515017, 6.378464730078586, 0.0 ], [ -75.449968207842787, 6.377129557026212, 0.0 ], [ -75.449138605229464, 6.376246957574065, 0.0 ], [ -75.448491286652796, 6.376761912271216, 0.0 ], [ -75.447758040780641, 6.375875478293157, 0.0 ] ] ] ] } },
{ "type": "Feature", "properties": { "FID_": null, "NOM_BARRIO": "Florida", "PK_BARRIO": null }, "geometry": { "type": "MultiPolygon", "coordinates": [ [ [ [ -75.445934042626646, 6.381002850446689, 0.0 ], [ -75.445799502856318, 6.380901898538905, 0.0 ], [ -75.445884310645624, 6.380714966002088, 0.0 ], [ -75.445885306175285, 6.380681424733782, 0.0 ], [ -75.445894220396426, 6.38060121575854, 0.0 ], [ -75.445866941487409, 6.380571094249131, 0.0 ], [ -75.445823166313872, 6.380487860890065, 0.0 ], [ -75.445810390897037, 6.380440429514905, 0.0 ], [ -75.44581927464499, 6.380383187282532, 0.0 ], [ -75.445851429848929, 6.380309696761824, 0.0 ], [ -75.445903410294164, 6.38024633280993, 0.0 ], [ -75.445916261559972, 6.380195791924852, 0.0 ], [ -75.445940860825047, 6.380025868773465, 0.0 ], [ -75.445970530278316, 6.380003555824311, 0.0 ], [ -75.446033226092624, 6.379997604021523, 0.0 ], [ -75.446102805791753, 6.379963700176088, 0.0 ], [ -75.446163839628028, 6.379878370531721, 0.0 ], [ -75.446167035624498, 6.379906816615416, 0.0 ], [ -75.446314447959153, 6.380068553699259, 0.0 ], [ -75.446573854802779, 6.380414920644536, 0.0 ], [ -75.446929763046072, 6.380129930667867, 0.0 ], [ -75.446957560769761, 6.380159196882578, 0.0 ], [ -75.44710967672664, 6.380336461191392, 0.0 ], [ -75.447129589973898, 6.380341324501337, 0.0 ], [ -75.447170029147628, 6.380344450464752, 0.0 ], [ -75.447238475444763, 6.38032959953833, 0.0 ], [ -75.447523498981838, 6.380204964850271, 0.0 ], [ -75.447573965960871, 6.380173860398124, 0.0 ], [ -75.447686546571688, 6.380162167314565, 0.0 ], [ -75.447797693661784, 6.380221814145393, 0.0 ], [ -75.447923207714453, 6.380367014806389, 0.0 ], [ -75.448087713358802, 6.380414542621157, 0.0 ], [ -75.448157988875735, 6.380452288071511, 0.0 ], [ -75.448218559560644, 6.38049687546387, 0.0 ], [ -75.448259816062858, 6.380516202016698, 0.0 ], [ -75.448290009588362, 6.380520913075253, 0.0 ], [ -75.448378233086984, 6.380652427591794, 0.0 ], [ -75.448434465512221, 6.380839579912872, 0.0 ], [ -75.448557130361777, 6.380790470880958, 0.0 ], [ -75.448721523029462, 6.381051391675414, 0.0 ], [ -75.448840284450711, 6.3811843829161, 0.0 ], [ -75.44902285600466, 6.381275012866567, 0.0 ], [ -75.449116387133259, 6.381289518597518, 0.0 ], [ -75.449098237751528, 6.381330328347812, 0.0 ], [ -75.449029056524708, 6.381354143697024, 0.0 ], [ -75.448927716117254, 6.381351037338096, 0.0 ], [ -75.448829693130051, 6.381325979003318, 0.0 ], [ -75.448642154452671, 6.381297781592076, 0.0 ], [ -75.448493219539088, 6.381321790244788, 0.0 ], [ -75.447310745886369, 6.381432458569933, 0.0 ], [ -75.446774888753282, 6.381484392158399, 0.0 ], [ -75.44656051917741, 6.381482298362506, 0.0 ], [ -75.446396813856495, 6.381402562634649, 0.0 ], [ -75.445934042626646, 6.381002850446689, 0.0 ] ] ] ] } },
{ "type": "Feature", "properties": { "FID_": null, "NOM_BARRIO": "Girardota La Nueva", "PK_BARRIO": null }, "geometry": { "type": "MultiPolygon", "coordinates": [ [ [ [ -75.450398686238771, 6.377282052741385, 0.0 ], [ -75.450076782265199, 6.376870429552295, 0.0 ], [ -75.450653218573038, 6.376431992975764, 0.0 ], [ -75.450594463792768, 6.376349685970415, 0.0 ], [ -75.450524182770025, 6.376255223623448, 0.0 ], [ -75.450503291238093, 6.376223803338884, 0.0 ], [ -75.451047313888196, 6.375792849418094, 0.0 ], [ -75.451614731072112, 6.37532218408395, 0.0 ], [ -75.452002431475449, 6.375025385647433, 0.0 ], [ -75.452590301670384, 6.374629489931249, 0.0 ], [ -75.452661360956029, 6.374583763102995, 0.0 ], [ -75.452688406057902, 6.374582268349292, 0.0 ], [ -75.452692464721366, 6.374608831613213, 0.0 ], [ -75.452687439749639, 6.374616183754843, 0.0 ], [ -75.452683333431267, 6.374623990763119, 0.0 ], [ -75.452679688366686, 6.374632712686694, 0.0 ], [ -75.452675154197834, 6.37465152113386, 0.0 ], [ -75.452670138218807, 6.374662081524668, 0.0 ], [ -75.452666951838253, 6.374670801720926, 0.0 ], [ -75.452656020497059, 6.374698342455601, 0.0 ], [ -75.452652378001218, 6.374707981021809, 0.0 ], [ -75.452648734220517, 6.374717161266695, 0.0 ], [ -75.452645551693664, 6.374727256426917, 0.0 ], [ -75.452643283966196, 6.374736431489877, 0.0 ], [ -75.452639642754704, 6.374746528377412, 0.0 ], [ -75.45263691505788, 6.374755246846367, 0.0 ], [ -75.452634189930464, 6.374764881957966, 0.0 ], [ -75.452631920918023, 6.374773598699621, 0.0 ], [ -75.45262693191691, 6.374793783838184, 0.0 ], [ -75.452622401600095, 6.374813967249459, 0.0 ], [ -75.452618326113438, 6.374832773969477, 0.0 ], [ -75.452612886135526, 6.374855710763353, 0.0 ], [ -75.452609444327663, 6.374871490144421, 0.0 ], [ -75.452606544204997, 6.374884150867764, 0.0 ], [ -75.452602471287207, 6.374903874230506, 0.0 ], [ -75.452600662243469, 6.37491304756624, 0.0 ], [ -75.452597992788426, 6.374936483178318, 0.0 ], [ -75.452597554230238, 6.374949725363448, 0.0 ], [ -75.452595768311824, 6.374967148483067, 0.0 ], [ -75.452593041898595, 6.374976325273458, 0.0 ], [ -75.452587196859071, 6.375001169264818, 0.0 ], [ -75.452585356031307, 6.375016228593156, 0.0 ], [ -75.4525826565975, 6.375035030131434, 0.0 ], [ -75.4525799545941, 6.375052915027077, 0.0 ], [ -75.452577711275438, 6.375070798195419, 0.0 ], [ -75.452572747966713, 6.375100149760864, 0.0 ], [ -75.452570944061478, 6.375111156381998, 0.0 ], [ -75.452568243342583, 6.37512949959903, 0.0 ], [ -75.452565089077794, 6.375149677828706, 0.0 ], [ -75.452564659942311, 6.375160220946581, 0.0 ], [ -75.452563769552441, 6.375169849149118, 0.0 ], [ -75.452562421762465, 6.375179937400312, 0.0 ], [ -75.45256153265737, 6.375190023924185, 0.0 ], [ -75.452560183582605, 6.375199653854054, 0.0 ], [ -75.452558835792601, 6.375209742105254, 0.0 ], [ -75.452557028032899, 6.375219373762461, 0.0 ], [ -75.452555677673345, 6.375228545371015, 0.0 ], [ -75.452554809124436, 6.375245965036163, 0.0 ], [ -75.45255391873458, 6.375255593238728, 0.0 ], [ -75.452553027059963, 6.375264763119962, 0.0 ], [ -75.452552595355087, 6.375274389595195, 0.0 ], [ -75.452551703680484, 6.375283559476435, 0.0 ], [ -75.452551271975651, 6.375293185951667, 0.0 ], [ -75.452550841555592, 6.375303270748235, 0.0 ], [ -75.452549951165807, 6.375312898950802, 0.0 ], [ -75.452549520745777, 6.375322983747369, 0.0 ], [ -75.452548630356006, 6.375332611949945, 0.0 ], [ -75.452548198651257, 6.375342238425182, 0.0 ], [ -75.452546854715578, 6.375353701640416, 0.0 ], [ -75.452546880271868, 6.375362818384278, 0.0 ], [ -75.452546457699924, 6.375375702791517, 0.0 ], [ -75.452544666642225, 6.375391292626057, 0.0 ], [ -75.452544706470519, 6.375405500587227, 0.0 ], [ -75.452542925691148, 6.375424756992404, 0.0 ], [ -75.452542952671706, 6.375434381740289, 0.0 ], [ -75.452542062282049, 6.375444009942879, 0.0 ], [ -75.452542095686638, 6.3754559262974, 0.0 ], [ -75.452542580067643, 6.375465090996589, 0.0 ], [ -75.452542202324722, 6.375493966967559, 0.0 ], [ -75.452539501605699, 6.375512310184827, 0.0 ], [ -75.452537259571812, 6.375530651674747, 0.0 ], [ -75.452533854346612, 6.375551114057854, 0.0 ], [ -75.452528032988397, 6.375568534075751, 0.0 ], [ -75.452524548720135, 6.375577907137785, 0.0 ], [ -75.452520809075324, 6.375586544036927, 0.0 ], [ -75.452517258578453, 6.375595350986115, 0.0 ], [ -75.452514989563255, 6.375604067728194, 0.0 ], [ -75.452512269571528, 6.375615536125622, 0.0 ], [ -75.452511369545718, 6.37562172691831, 0.0 ], [ -75.452501419154231, 6.375671951106033, 0.0 ], [ -75.452490537258313, 6.37571713721395, 0.0 ], [ -75.452477377351698, 6.375767831814779, 0.0 ], [ -75.452472381918966, 6.375785725347792, 0.0 ], [ -75.452467147507306, 6.375800182334475, 0.0 ], [ -75.45246373155554, 6.375817324072758, 0.0 ], [ -75.452456879115161, 6.375850616547241, 0.0 ], [ -75.452456910543177, 6.375876052651154, 0.0 ], [ -75.452466780912559, 6.375917926897976, 0.0 ], [ -75.452489700242339, 6.375956692809511, 0.0 ], [ -75.452515556973424, 6.375993671391138, 0.0 ], [ -75.452539629913829, 6.376016341611651, 0.0 ], [ -75.452542192750244, 6.376244704840111, 0.0 ], [ -75.452560691507699, 6.376318150041577, 0.0 ], [ -75.452573367549107, 6.3763786844641, 0.0 ], [ -75.452583926800301, 6.376390769991652, 0.0 ], [ -75.452605272768963, 6.376415528041882, 0.0 ], [ -75.452644941822669, 6.376458136566429, 0.0 ], [ -75.452674813924204, 6.376486487927258, 0.0 ], [ -75.452714704312996, 6.376518880628392, 0.0 ], [ -75.452744063338585, 6.376549674155631, 0.0 ], [ -75.452766603608907, 6.376581796635655, 0.0 ], [ -75.452777206881777, 6.37661892290413, 0.0 ], [ -75.452770182558794, 6.376680944345992, 0.0 ], [ -75.452760764827516, 6.376717931334146, 0.0 ], [ -75.452745625589117, 6.376763330945439, 0.0 ], [ -75.452729304214714, 6.376810111314043, 0.0 ], [ -75.452694300962037, 6.376901384193165, 0.0 ], [ -75.452680474800829, 6.376935049940121, 0.0 ], [ -75.452659835819446, 6.377023245252281, 0.0 ], [ -75.452648813777827, 6.377091978882467, 0.0 ], [ -75.452644395505388, 6.377129506802035, 0.0 ], [ -75.452641194485707, 6.377183032348689, 0.0 ], [ -75.452633187255188, 6.377230152262727, 0.0 ], [ -75.452629886737924, 6.377280242859854, 0.0 ], [ -75.452620165816938, 6.377362533084248, 0.0 ], [ -75.452593202022314, 6.377450926036319, 0.0 ], [ -75.452572906149001, 6.377498259464801, 0.0 ], [ -75.452548354400648, 6.377542259408221, 0.0 ], [ -75.452525747498953, 6.377587318918711, 0.0 ], [ -75.452500511141139, 6.377628447931666, 0.0 ], [ -75.452478375812788, 6.377663672604356, 0.0 ], [ -75.452443523873114, 6.377742052111185, 0.0 ], [ -75.452431569242719, 6.377776119678541, 0.0 ], [ -75.452424265818237, 6.377794949461762, 0.0 ], [ -75.452307810168833, 6.377827326717576, 0.0 ], [ -75.452235597103723, 6.377866997442598, 0.0 ], [ -75.452131448229295, 6.377949358100672, 0.0 ], [ -75.451912339425263, 6.378213847203184, 0.0 ], [ -75.451877299303348, 6.378238484155856, 0.0 ], [ -75.451775801280832, 6.378268906591992, 0.0 ], [ -75.45171050041472, 6.378280470774691, 0.0 ], [ -75.451664523504633, 6.378286966321818, 0.0 ], [ -75.451648132057926, 6.378207686285601, 0.0 ], [ -75.451253339222546, 6.378316914573388, 0.0 ], [ -75.451083896488527, 6.378113083817152, 0.0 ], [ -75.450427385146583, 6.377261657820397, 0.0 ], [ -75.450398686238771, 6.377282052741385, 0.0 ] ] ] ] } },
{ "type": "Feature", "properties": { "FID_": 0, "NOM_BARRIO": "Nuevohorizonte", "PK_BARRIO": null }, "geometry": { "type": "MultiPolygon", "coordinates": [ [ [ [ -75.442649876866113, 6.37577360781006, 0.0 ], [ -75.442347448308837, 6.37537066489882, 0.0 ], [ -75.442107442751592, 6.375063297598501, 0.0 ], [ -75.442222856221008, 6.374961808483762, 0.0 ], [ -75.441876139690223, 6.374533159580342, 0.0 ], [ -75.441985454946703, 6.374417284035501, 0.0 ], [ -75.442395183054131, 6.373917123914161, 0.0 ], [ -75.442786758467008, 6.374514431481198, 0.0 ], [ -75.442963490387299, 6.37471995543985, 0.0 ], [ -75.442887467718464, 6.374764512363241, 0.0 ], [ -75.443396641715353, 6.375413392316082, 0.0 ], [ -75.442791207041523, 6.37588330545713, 0.0 ], [ -75.442649876866113, 6.37577360781006, 0.0 ] ] ] ] } }
]
}
