{
"type": "FeatureCollection",
"name": "veredas",
"crs": { "type": "name", "properties": { "name": "urn:ogc:def:crs:OGC:1.3:CRS84" } },
"features": [
{ "type": "Feature", "properties": { "FID_": 0, "Name": "San Esteban" }, "geometry": { "type": "MultiPolygon", "coordinates": [ [ [ [ -75.465121980291428, 6.390685327056976 ], [ -75.465085877261274, 6.390526885205468 ], [ -75.465049451201224, 6.390462244441506 ], [ -75.464962569123344, 6.39037462200073 ], [ -75.464850120317621, 6.390236887032213 ], [ -75.464823089447165, 6.390109454648179 ], [ -75.464772240862146, 6.389854704298603 ], [ -75.464769719995161, 6.389641534597985 ], [ -75.464777276984961, 6.389388057198336 ], [ -75.464796829922321, 6.389292888787824 ], [ -75.464826143163208, 6.38914022752518 ], [ -75.464841691370793, 6.389021281395497 ], [ -75.464861251747507, 6.388905493724987 ], [ -75.464860020024886, 6.388804361816788 ], [ -75.464811286345494, 6.388701454539732 ], [ -75.464744131568793, 6.388543184642426 ], [ -75.4646985414482, 6.388407295617744 ], [ -75.464588032051267, 6.388206096352089 ], [ -75.464382967039782, 6.387836030564737 ], [ -75.464154212180716, 6.387593650548276 ], [ -75.464036315058635, 6.387397477824396 ], [ -75.463955330640232, 6.387306081973021 ], [ -75.463814310480132, 6.387201163437181 ], [ -75.463631003590308, 6.387150617708211 ], [ -75.463564051992947, 6.387013843861436 ], [ -75.463494105160592, 6.38690309434173 ], [ -75.463388459302095, 6.386854707248858 ], [ -75.463254283625943, 6.386843657007506 ], [ -75.463090458044633, 6.386720663126231 ], [ -75.462998055233271, 6.386589274945668 ], [ -75.46294549028768, 6.386465022439245 ], [ -75.462911361951868, 6.386389612727067 ], [ -75.462850497010535, 6.386288341200144 ], [ -75.462698989268347, 6.386202114281734 ], [ -75.462575996729541, 6.386166780850388 ], [ -75.462512788076921, 6.386074308135087 ], [ -75.462462084673504, 6.385994936064022 ], [ -75.462415703209501, 6.385924995091413 ], [ -75.462346266984483, 6.385841518334439 ], [ -75.462239338951534, 6.385694542085649 ], [ -75.462105250763273, 6.385545380183705 ], [ -75.461993793530084, 6.385472310962108 ], [ -75.461831109742093, 6.385444750223294 ], [ -75.461763589915535, 6.385377618579849 ], [ -75.461701669591605, 6.38522225206636 ], [ -75.461562796508758, 6.385092554275471 ], [ -75.4613992266721, 6.385008649485756 ], [ -75.461210049449832, 6.384857123885857 ], [ -75.460843653800353, 6.384489757571481 ], [ -75.460762962031339, 6.384399040111611 ], [ -75.460682394442273, 6.38430877300739 ], [ -75.46059365634278, 6.384309010871086 ], [ -75.458886712780824, 6.384317820980606 ], [ -75.457377249595496, 6.38435046126816 ], [ -75.457352306263402, 6.384045565276381 ], [ -75.457571700469572, 6.383991614003659 ], [ -75.457908578993653, 6.383985448164284 ], [ -75.45791489400608, 6.383820163872057 ], [ -75.458179730683966, 6.383810605570712 ], [ -75.459358355188627, 6.383923561677263 ], [ -75.46083397562478, 6.38396121237775 ], [ -75.460798087262134, 6.383809035445299 ], [ -75.459269508849673, 6.383730803378035 ], [ -75.45892576607892, 6.382974345246233 ], [ -75.458687291662926, 6.382380368018278 ], [ -75.458342397697947, 6.381754352567712 ], [ -75.458214843811476, 6.381267589879334 ], [ -75.458189475260966, 6.381014627159945 ], [ -75.458291806107297, 6.380321055120642 ], [ -75.458318959507665, 6.380172246979813 ], [ -75.458324421550074, 6.379827637366133 ], [ -75.458213095334571, 6.379424904228475 ], [ -75.458204886846801, 6.379133798303153 ], [ -75.458374257908304, 6.379123207856608 ], [ -75.4586998529563, 6.378877712216936 ], [ -75.459340955490021, 6.37842751778181 ], [ -75.460106477841876, 6.378047100330166 ], [ -75.460666507028222, 6.377780590567693 ], [ -75.461033044747765, 6.377596140070211 ], [ -75.461287952749601, 6.377605649874619 ], [ -75.461604168336152, 6.377665958788406 ], [ -75.462543603940119, 6.378213846385462 ], [ -75.463373860172283, 6.378650541732668 ], [ -75.463833110676518, 6.378822585108703 ], [ -75.464159522554482, 6.378882864855627 ], [ -75.464383899483607, 6.378912840212609 ], [ -75.464608112814432, 6.378881660144651 ], [ -75.465056676145252, 6.378870262490529 ], [ -75.465597324656656, 6.378980929045778 ], [ -75.466209805620423, 6.379264677304176 ], [ -75.466590952559145, 6.379336398487159 ], [ -75.466947840726007, 6.37935582387547 ], [ -75.467083913957012, 6.379330385403648 ], [ -75.467335067785072, 6.37928343287119 ], [ -75.467508112756661, 6.379181040324855 ], [ -75.467660575182805, 6.37900735453024 ], [ -75.467927418428587, 6.378470092420593 ], [ -75.468123725542469, 6.378656865578135 ], [ -75.468240578670034, 6.378960820754162 ], [ -75.468283656311854, 6.379147265791721 ], [ -75.468320121043845, 6.379368776297269 ], [ -75.46840204244414, 6.37989176015464 ], [ -75.468469041415702, 6.3800721917499 ], [ -75.468508833449832, 6.380149777927491 ], [ -75.468465133245445, 6.380293748022669 ], [ -75.468461387423403, 6.380306088611378 ], [ -75.468316331574925, 6.38031533176264 ], [ -75.468081945019591, 6.380334260310034 ], [ -75.46759959597108, 6.380372377769251 ], [ -75.467087813339759, 6.380404033524718 ], [ -75.467087008639922, 6.380481275862892 ], [ -75.466213081441396, 6.380557294987971 ], [ -75.466427706836072, 6.381160972259885 ], [ -75.466525259572677, 6.381259003390841 ], [ -75.466629382389755, 6.381322570828822 ], [ -75.466714682540655, 6.381410631838324 ], [ -75.46691202083953, 6.381535396738372 ], [ -75.466982389641259, 6.381585921467631 ], [ -75.467036285632659, 6.381623495035254 ], [ -75.467167726041325, 6.381721298956871 ], [ -75.467306588942236, 6.381929575931892 ], [ -75.467422140751466, 6.382090711306071 ], [ -75.467502492862849, 6.382178223781998 ], [ -75.46752827500589, 6.382239241025925 ], [ -75.467557765447069, 6.382320916370597 ], [ -75.467602296867739, 6.382366268651447 ], [ -75.467703195922539, 6.382421577124537 ], [ -75.467775698562122, 6.382479715891681 ], [ -75.467783674765741, 6.382569255587611 ], [ -75.467675927481565, 6.382960390548825 ], [ -75.467653518579837, 6.383141961466402 ], [ -75.467675533807679, 6.383317485984977 ], [ -75.467807816006967, 6.383482940425064 ], [ -75.467850160223492, 6.383566228575166 ], [ -75.467928179962982, 6.383647184699605 ], [ -75.468017916227211, 6.383680761590427 ], [ -75.468111000076121, 6.383700804198094 ], [ -75.468165856192599, 6.383758357882881 ], [ -75.468208341161073, 6.383832647088967 ], [ -75.46828485421274, 6.383981248275568 ], [ -75.468315425429807, 6.384028511658578 ], [ -75.468369642073242, 6.384062186061811 ], [ -75.468464463532527, 6.38409913231399 ], [ -75.468542298263813, 6.384109066424839 ], [ -75.468613437891207, 6.384146076486133 ], [ -75.468657584562635, 6.384210213507338 ], [ -75.468691576278701, 6.384271000307287 ], [ -75.468742509183656, 6.384341881639653 ], [ -75.468767921340671, 6.384394857115711 ], [ -75.468796952172823, 6.38445841233042 ], [ -75.468837836419738, 6.384566524439323 ], [ -75.468889047314434, 6.384740555380779 ], [ -75.469028759763219, 6.384812209542902 ], [ -75.469192759638048, 6.384958884936067 ], [ -75.469314600775718, 6.385002401104359 ], [ -75.469382270371071, 6.385043544165616 ], [ -75.469467846840658, 6.385073707601439 ], [ -75.469524357017605, 6.385112763147189 ], [ -75.469566527171892, 6.385134629187569 ], [ -75.469668296556108, 6.385193196977264 ], [ -75.469777666459407, 6.385302671415601 ], [ -75.469835877993972, 6.385426066016886 ], [ -75.469922163823654, 6.385591139418997 ], [ -75.470105198853304, 6.385701474161218 ], [ -75.470251478445107, 6.385773001293153 ], [ -75.470280836813458, 6.385835630689029 ], [ -75.470284526998526, 6.38584981725467 ], [ -75.470296090082101, 6.385910693946079 ], [ -75.470296090082101, 6.385910693946079 ], [ -75.470269602517064, 6.385982389507013 ], [ -75.470205716746747, 6.386067106612274 ], [ -75.470154537294007, 6.386124263331958 ], [ -75.470102124635048, 6.386255841746817 ], [ -75.470095458670684, 6.386363251429011 ], [ -75.470156996341771, 6.386583532749227 ], [ -75.470179350584388, 6.386654282328371 ], [ -75.470257287229714, 6.386701695525356 ], [ -75.470359530076891, 6.386768276066567 ], [ -75.470455482390278, 6.386777400080061 ], [ -75.470617839389263, 6.386789546961665 ], [ -75.470667550280353, 6.386803377832622 ], [ -75.470709628153529, 6.386834208057482 ], [ -75.470756054239246, 6.386869309169205 ], [ -75.47095763420549, 6.387225843977256 ], [ -75.471066828796651, 6.387429742694567 ], [ -75.470787075194508, 6.387491855177203 ], [ -75.470815998277246, 6.387664837063265 ], [ -75.470756556522517, 6.387675330799706 ], [ -75.470915444010785, 6.387963261183061 ], [ -75.47097215463846, 6.388025641093258 ], [ -75.470985126329992, 6.388143144177393 ], [ -75.471064445389416, 6.388303712382037 ], [ -75.471089410083408, 6.388432137906919 ], [ -75.47107552911605, 6.38856208097049 ], [ -75.471135802760926, 6.388701834087136 ], [ -75.471136140663845, 6.388826956363334 ], [ -75.471100710911244, 6.388947709015577 ], [ -75.471033914157587, 6.389041730085439 ], [ -75.47097154239475, 6.38911786657349 ], [ -75.470900417135866, 6.389265528339337 ], [ -75.470874464571168, 6.389448777120531 ], [ -75.470878972769654, 6.389611564536574 ], [ -75.470910798358062, 6.38980809962812 ], [ -75.470944449982113, 6.389958540101808 ], [ -75.470965275733533, 6.390121548101067 ], [ -75.470952583818459, 6.390386574691185 ], [ -75.470953473372958, 6.390715918878566 ], [ -75.47095373892067, 6.390814230565637 ], [ -75.470949730420031, 6.390984049852356 ], [ -75.470918131328105, 6.391097992398601 ], [ -75.470851424957246, 6.391223295916276 ], [ -75.470749039053459, 6.391381464823827 ], [ -75.470749481621652, 6.391545319503442 ], [ -75.470781144409557, 6.391683763429731 ], [ -75.47080365252171, 6.391741794167595 ], [ -75.470848677785341, 6.391862327482889 ], [ -75.470920738771227, 6.392063225619077 ], [ -75.470786679948276, 6.392076994381219 ], [ -75.470648256430778, 6.392130990160493 ], [ -75.470500428370642, 6.39229416064887 ], [ -75.470237580091847, 6.392621085434719 ], [ -75.470081812413241, 6.392871756561526 ], [ -75.470042017603447, 6.393032736293023 ], [ -75.469966653804832, 6.393265310073587 ], [ -75.46995088008174, 6.393331549449221 ], [ -75.469935106356303, 6.393397788825083 ], [ -75.469955718173594, 6.393687376997114 ], [ -75.469954220324595, 6.393901061841315 ], [ -75.46990213037337, 6.39408078175359 ], [ -75.469847275536864, 6.394258176993503 ], [ -75.469748549461983, 6.394530959013445 ], [ -75.469643337214137, 6.394775581116767 ], [ -75.469657728117383, 6.394991402747685 ], [ -75.469723785683371, 6.395119869957023 ], [ -75.469795511163611, 6.395319487854829 ], [ -75.469790279434562, 6.395409827605192 ], [ -75.469790279434562, 6.395409827605188 ], [ -75.469726503371291, 6.395531429691482 ], [ -75.469681331423587, 6.395620882255771 ], [ -75.469656993675812, 6.395733170814896 ], [ -75.469618943241045, 6.395837285275784 ], [ -75.46961101170082, 6.395972814235544 ], [ -75.469619388115163, 6.396033008882205 ], [ -75.469649697882744, 6.396104092669647 ], [ -75.469688243107683, 6.396183365669265 ], [ -75.469718596735689, 6.396270872282659 ], [ -75.469724227677517, 6.396328337080631 ], [ -75.469702583164718, 6.39642419541095 ], [ -75.469686216530135, 6.396469136150337 ], [ -75.469648336639338, 6.396636204392869 ], [ -75.469637813538682, 6.396794987210312 ], [ -75.469659968203899, 6.396887990195383 ], [ -75.469662972477693, 6.39698651947551 ], [ -75.469690617645909, 6.397084981825357 ], [ -75.469745810890416, 6.397253072051905 ], [ -75.469735139959965, 6.39735711219532 ], [ -75.469650700542616, 6.397518832111117 ], [ -75.46961262099579, 6.397611997931655 ], [ -75.469558054660197, 6.397683311157262 ], [ -75.469530919101786, 6.397773710126693 ], [ -75.469527966398275, 6.397860210943327 ], [ -75.469528883933023, 6.398033744353064 ], [ -75.469589505984047, 6.39803852363499 ], [ -75.469703769939088, 6.397983749143769 ], [ -75.469818181026781, 6.397983439784841 ], [ -75.469889109954423, 6.398021373932895 ], [ -75.469878390265009, 6.398086761958451 ], [ -75.469824203118989, 6.398195839903968 ], [ -75.469683213437747, 6.398441316759094 ], [ -75.469612931928012, 6.39864303003728 ], [ -75.46957542761227, 6.398877334212251 ], [ -75.469547708911634, 6.398955325206824 ], [ -75.469428099582643, 6.399048240432141 ], [ -75.469308504920718, 6.399146602028872 ], [ -75.469216312861064, 6.399304801835004 ], [ -75.469151567550526, 6.399539179667919 ], [ -75.469064882928052, 6.399719150932785 ], [ -75.469027201832517, 6.399888096550329 ], [ -75.468976610283875, 6.400036530439349 ], [ -75.468891287856593, 6.400310478483175 ], [ -75.468831799806097, 6.400474036623277 ], [ -75.468707021340421, 6.400670450461916 ], [ -75.468560361810859, 6.400834244211685 ], [ -75.468555844564776, 6.400846250629578 ], [ -75.468555844564776, 6.400846250629589 ], [ -75.46856078775734, 6.401238386173973 ], [ -75.468472339969267, 6.401068197963908 ], [ -75.46842453972026, 6.400976222292866 ], [ -75.468326178820277, 6.400867556637373 ], [ -75.467892866144837, 6.400646725687936 ], [ -75.46767817245248, 6.400394091149204 ], [ -75.467407859043504, 6.400456880383872 ], [ -75.467035799531828, 6.400608600996687 ], [ -75.466748983084898, 6.400697623759942 ], [ -75.466669431544929, 6.400645690620959 ], [ -75.466566242189458, 6.400531643937559 ], [ -75.466436490969627, 6.400152286076531 ], [ -75.466427164672112, 6.399928949596069 ], [ -75.466151226697434, 6.399971191936452 ], [ -75.465868916850567, 6.399908452403803 ], [ -75.465925341196993, 6.399833617695473 ], [ -75.465195757275083, 6.400216009803875 ], [ -75.465080204339515, 6.400218243520749 ], [ -75.464995339154072, 6.40023921842165 ], [ -75.464869016155504, 6.400262882522881 ], [ -75.464787471185787, 6.400307806438229 ], [ -75.464730415164496, 6.400381920215907 ], [ -75.464704813060109, 6.400313785111126 ], [ -75.464681993748215, 6.40028576288697 ], [ -75.464664457591908, 6.400232316705943 ], [ -75.464669683126132, 6.400185496014654 ], [ -75.464664241518591, 6.400152077127442 ], [ -75.464655480647451, 6.40012802893105 ], [ -75.464646719777363, 6.400103980734325 ], [ -75.464625192081215, 6.400058569140379 ], [ -75.464620312097651, 6.400034528727662 ], [ -75.464542248347826, 6.400060130257635 ], [ -75.464482138302813, 6.400095062785082 ], [ -75.464439320290182, 6.400133531227946 ], [ -75.464399191708836, 6.400136313962512 ], [ -75.46433904308364, 6.400156535913178 ], [ -75.464209658227659, 6.400153247433648 ], [ -75.464187044144424, 6.400201452582952 ], [ -75.46397513667695, 6.400244411139021 ], [ -75.463880891488927, 6.400239955173674 ], [ -75.463782176017162, 6.40032499771193 ], [ -75.46357514428739, 6.400429170586744 ], [ -75.463368010043411, 6.400495665146656 ], [ -75.463156076981107, 6.400529204447238 ], [ -75.462911123932813, 6.400548702489832 ], [ -75.462821603475192, 6.400548943439164 ], [ -75.462675657431248, 6.400591724580118 ], [ -75.462534460455146, 6.400648621750712 ], [ -75.462434517213481, 6.400667695406556 ], [ -75.462345148665293, 6.400724453073093 ], [ -75.462232374388449, 6.400837791512969 ], [ -75.462105426649941, 6.4009370386144 ], [ -75.461955260708052, 6.400977169472757 ], [ -75.461962710598428, 6.400933016966102 ], [ -75.462047089603075, 6.400772657379767 ], [ -75.46209388944078, 6.400654786638528 ], [ -75.462206676384127, 6.400546158014176 ], [ -75.462262798146213, 6.400390584254514 ], [ -75.462141852071795, 6.400190300129191 ], [ -75.462018392736809, 6.400108910484784 ], [ -75.461970113366988, 6.400007724600744 ], [ -75.461809636449445, 6.399837521897852 ], [ -75.461654449942856, 6.399722386424026 ], [ -75.461584854579201, 6.399555511322267 ], [ -75.461520434956029, 6.399401046426714 ], [ -75.461493278228815, 6.399219820173104 ], [ -75.461471611475233, 6.399097235149219 ], [ -75.461423350552806, 6.399001382777747 ], [ -75.46130042730644, 6.39891106236508 ], [ -75.461258307010283, 6.398819454683753 ], [ -75.461239762533324, 6.398770417250194 ], [ -75.461221218060757, 6.398721379815092 ], [ -75.46119498307695, 6.398666228029135 ], [ -75.46116116639476, 6.398643310215935 ], [ -75.461076843350739, 6.398669614216779 ], [ -75.46094142881212, 6.398726985022225 ], [ -75.460838129574284, 6.398688935360679 ], [ -75.460657453594123, 6.398561722015273 ], [ -75.460469274504163, 6.398439536628368 ], [ -75.45997772704979, 6.398202984336209 ], [ -75.459822083042994, 6.398070693136343 ], [ -75.459735645027834, 6.397971207143424 ], [ -75.459564590537681, 6.397839812561518 ], [ -75.459509944688477, 6.397715861275068 ], [ -75.459595211877911, 6.397684607936449 ], [ -75.459657253041613, 6.397672807061214 ], [ -75.459719294200895, 6.397661006179085 ], [ -75.459792995168812, 6.39765693045302 ], [ -75.459724520242148, 6.397520135013369 ], [ -75.459669587958572, 6.397356864285324 ], [ -75.459624773346661, 6.397156115565835 ], [ -75.459535335991959, 6.396826115842528 ], [ -75.459517915713192, 6.396679766760913 ], [ -75.459523949472498, 6.396390365017758 ], [ -75.459656959586297, 6.396458098885464 ], [ -75.459810232346285, 6.396461092281386 ], [ -75.459891908088622, 6.396437041220029 ], [ -75.459946374578465, 6.396426680793946 ], [ -75.45998723527461, 6.396423167735121 ], [ -75.460028141623468, 6.396436675542296 ], [ -75.460072426594394, 6.396439961408591 ], [ -75.460130326490003, 6.39643980597782 ], [ -75.460181503330674, 6.396473713297724 ], [ -75.4602355389531, 6.396492008657163 ], [ -75.460289574578283, 6.396510304010076 ], [ -75.460335023085051, 6.396534609688534 ], [ -75.460380471595499, 6.39655891536203 ], [ -75.460756656514235, 6.396644725492221 ], [ -75.460806818700902, 6.396725273662009 ], [ -75.460883828171617, 6.396801839187153 ], [ -75.461013691437429, 6.396816580619126 ], [ -75.46102881467894, 6.39666458507042 ], [ -75.461004861882913, 6.396587506162734 ], [ -75.46100278087323, 6.396494276381705 ], [ -75.46102800233254, 6.396361946974165 ], [ -75.46100447277874, 6.396286574326989 ], [ -75.461128598203487, 6.396123412959844 ], [ -75.461264472130509, 6.39597276129447 ], [ -75.461607506749658, 6.395656729272451 ], [ -75.46167820799316, 6.395632959713867 ], [ -75.46172538436106, 6.395632832938833 ], [ -75.461788170103318, 6.39558943613064 ], [ -75.461803737263423, 6.395530446045814 ], [ -75.46180685529653, 6.395480192490688 ], [ -75.461823086867724, 6.39541642724852 ], [ -75.46189786854255, 6.395341823747061 ], [ -75.461968603151774, 6.395180826775561 ], [ -75.461959442996502, 6.395128366292941 ], [ -75.462329585802962, 6.395082862954002 ], [ -75.462651814532833, 6.395010524346699 ], [ -75.462676428485167, 6.394976691648533 ], [ -75.462846653901636, 6.394873228589 ], [ -75.462963265135684, 6.395037723756663 ], [ -75.463009253089183, 6.395015668868436 ], [ -75.463082921296831, 6.394941887872005 ], [ -75.463256622237822, 6.394931665256415 ], [ -75.463373781484577, 6.394951951007477 ], [ -75.463412027445017, 6.395010614591839 ], [ -75.463569923624789, 6.395053712400819 ], [ -75.463711585503162, 6.395129457631236 ], [ -75.463748913614751, 6.395005825902659 ], [ -75.463770654884513, 6.39495817861565 ], [ -75.463814111010223, 6.394879183754838 ], [ -75.463884056512015, 6.39481804797098 ], [ -75.463911253404362, 6.39472960067947 ], [ -75.46389572487864, 6.39462298371748 ], [ -75.46392302009825, 6.394571104607752 ], [ -75.46398078093921, 6.394513049053772 ], [ -75.464217351854529, 6.394063303620158 ], [ -75.46447500204772, 6.393512684438136 ], [ -75.464823491695711, 6.392746852315461 ], [ -75.464820037060363, 6.39275068468697 ], [ -75.464848244502377, 6.392675552870692 ], [ -75.464749511099157, 6.392635003008787 ], [ -75.464559285538812, 6.392588241066176 ], [ -75.464408654958561, 6.392588646475482 ], [ -75.464254031691283, 6.392600950470147 ], [ -75.464174477582361, 6.392498119228669 ], [ -75.464148364927652, 6.392344334283126 ], [ -75.464192191897638, 6.392204763463837 ], [ -75.464288841682361, 6.392091383274543 ], [ -75.464308433326522, 6.392018374070118 ], [ -75.46436271964059, 6.391798314846425 ], [ -75.464343059013572, 6.391759903950057 ], [ -75.464316744622607, 6.391661329955077 ], [ -75.464305973244805, 6.391508531148412 ], [ -75.464294404976286, 6.391444677485433 ], [ -75.464310008199917, 6.391364472496535 ], [ -75.464327638770627, 6.391287141076576 ], [ -75.464361099985226, 6.391195893620959 ], [ -75.464459819103126, 6.391140500179614 ], [ -75.46457974095928, 6.39110385964227 ], [ -75.464680211921049, 6.391080228064387 ], [ -75.464818915855673, 6.391054430750275 ], [ -75.46491616192165, 6.391020503885536 ], [ -75.465039499038667, 6.390974880275257 ], [ -75.465110692383703, 6.390915223765462 ], [ -75.465122289428848, 6.39080025938603 ], [ -75.465121980291428, 6.390685327056976 ] ] ] ] } },
{ "type": "Feature", "properties": { "FID_": 0, "Name": "La Calera" }, "geometry": { "type": "MultiPolygon", "coordinates": [ [ [ [ -75.426034221262853, 6.342038374357034 ], [ -75.426029198360894, 6.341949733560356 ], [ -75.426034221262853, 6.342038374357034 ], [ -75.426029198360894, 6.341949733560356 ], [ -75.425993007786019, 6.341833311712734 ], [ -75.426066978196317, 6.341601158904372 ], [ -75.426141335314057, 6.34151812273524 ], [ -75.426157584582825, 6.341393815759055 ], [ -75.426140776672341, 6.341302732024226 ], [ -75.426140583300736, 6.341228173651981 ], [ -75.426173565274283, 6.341165955683659 ], [ -75.426206547241051, 6.341103737714767 ], [ -75.426280904451758, 6.341020701543432 ], [ -75.426346825189015, 6.340879697004096 ], [ -75.426445889154692, 6.340738606512687 ], [ -75.426544996050339, 6.34061408450258 ], [ -75.426597851392899, 6.340466819359523 ], [ -75.426706556592336, 6.340349002360534 ], [ -75.426771249861602, 6.34005507336554 ], [ -75.426915725634075, 6.339627458394127 ], [ -75.427005962645723, 6.339086637777241 ], [ -75.427099067606136, 6.33897903406227 ], [ -75.427233032263473, 6.338998769588532 ], [ -75.427412656875902, 6.33908253706083 ], [ -75.427722647209833, 6.339318832374345 ], [ -75.427830176903967, 6.339472525882125 ], [ -75.427877133386929, 6.339505876155735 ], [ -75.427897341914985, 6.339552684995872 ], [ -75.427947854563328, 6.339666359781235 ], [ -75.428031717443687, 6.339847045098941 ], [ -75.428085276226469, 6.339960864462381 ], [ -75.428181812587624, 6.340008810729851 ], [ -75.428529142731279, 6.340104301896343 ], [ -75.428423441061, 6.340239528747308 ], [ -75.428414000368491, 6.340316668802386 ], [ -75.428452639847421, 6.340345486634115 ], [ -75.428587565375707, 6.34032585687566 ], [ -75.428703133577102, 6.340277359234303 ], [ -75.428828242567732, 6.340190278956244 ], [ -75.428885989070636, 6.340151571066117 ], [ -75.428953451705311, 6.340141756194771 ], [ -75.428977466790911, 6.340107955680843 ], [ -75.428982124562324, 6.34004528732814 ], [ -75.428981924177805, 6.339968172464167 ], [ -75.428981748843327, 6.339900696931524 ], [ -75.429010521882375, 6.339842785498218 ], [ -75.429123693343328, 6.339728788643848 ], [ -75.429193289469723, 6.339683259504115 ], [ -75.429241432303868, 6.339659035667616 ], [ -75.429424512931675, 6.339620001667365 ], [ -75.429462977176996, 6.339581343903082 ], [ -75.429491850282133, 6.339561989935222 ], [ -75.429722860708679, 6.33941679742462 ], [ -75.429838528637347, 6.339406857013492 ], [ -75.42986291965309, 6.339517646929556 ], [ -75.42995464788352, 6.339570425007556 ], [ -75.430166977557036, 6.339656627048282 ], [ -75.430302253751975, 6.33977194799324 ], [ -75.430485936067726, 6.33996425818208 ], [ -75.430679109031104, 6.340098706900082 ], [ -75.430814285116341, 6.340175470258368 ], [ -75.430941513039087, 6.340242966180424 ], [ -75.430981996423114, 6.340183631806124 ], [ -75.431022479798628, 6.340124297430505 ], [ -75.431076498441456, 6.340055189233714 ], [ -75.431194338633603, 6.339897242339454 ], [ -75.431258160176213, 6.339808403641233 ], [ -75.431452031745536, 6.339686521825345 ], [ -75.431607675444297, 6.339433399695703 ], [ -75.431661464415669, 6.33952205178478 ], [ -75.431756650918018, 6.339557867055058 ], [ -75.431818961508739, 6.33956098312246 ], [ -75.431832069194044, 6.339557670486925 ], [ -75.431976347452633, 6.339557294413444 ], [ -75.431996132773108, 6.339599863174781 ], [ -75.432042073700927, 6.339612857298637 ], [ -75.432071516895149, 6.339586552669162 ], [ -75.432120753954564, 6.339606095241571 ], [ -75.432160273393308, 6.33967156194789 ], [ -75.432274029629937, 6.339709510007034 ], [ -75.432462441690731, 6.339860926204519 ], [ -75.432685878639674, 6.340037381610719 ], [ -75.432804061393654, 6.340089529074204 ], [ -75.432939939808264, 6.340174647951912 ], [ -75.433061308184264, 6.340217851117274 ], [ -75.433108366284145, 6.3402843715252 ], [ -75.433154144103923, 6.340313726199208 ], [ -75.433198428263893, 6.340335716124936 ], [ -75.433248594091481, 6.340351796229084 ], [ -75.433354856566893, 6.340397203608165 ], [ -75.433444784101454, 6.340396968914296 ], [ -75.433550915945446, 6.340392270726408 ], [ -75.433660542008738, 6.340385978318021 ], [ -75.433806474746774, 6.340379702456741 ], [ -75.43393479246717, 6.340402947099125 ], [ -75.434064761359082, 6.340389221320953 ], [ -75.434167887386039, 6.340362425386851 ], [ -75.434263561971704, 6.340304701059682 ], [ -75.434338565784572, 6.340235240882935 ], [ -75.43441067608542, 6.340186420440155 ], [ -75.434475464877835, 6.340156777124693 ], [ -75.434521109654426, 6.340109262179748 ], [ -75.434551818495436, 6.340013391468951 ], [ -75.434597085410132, 6.339828677575643 ], [ -75.434636510783406, 6.339664639515936 ], [ -75.434751145291671, 6.339528758956948 ], [ -75.434878059226008, 6.339466294882889 ], [ -75.434947262769413, 6.33943369254531 ], [ -75.435022343293781, 6.339393706654608 ], [ -75.435119641459778, 6.339304698769967 ], [ -75.43522890154108, 6.339224630632629 ], [ -75.435311330390235, 6.339175783148918 ], [ -75.435430649571686, 6.33914010235232 ], [ -75.435558774581494, 6.339089661693793 ], [ -75.435638786287683, 6.339038935517417 ], [ -75.435707935839815, 6.338985701510562 ], [ -75.435747547258174, 6.338911912973475 ], [ -75.435789891282752, 6.338755589486877 ], [ -75.435845592929681, 6.338606017682786 ], [ -75.435933688718933, 6.338419552198311 ], [ -75.436026423910008, 6.338264142620323 ], [ -75.436010487753165, 6.33812474414415 ], [ -75.436329930548183, 6.337879525153348 ], [ -75.43639470164662, 6.337872506825441 ], [ -75.436458565841122, 6.337814153131996 ], [ -75.436626986086878, 6.337679883519647 ], [ -75.436714022473552, 6.337580738654577 ], [ -75.436806619922024, 6.337382661805457 ], [ -75.436858723081215, 6.337277789685055 ], [ -75.436940046265917, 6.337219390298383 ], [ -75.437015701663995, 6.337219192427079 ], [ -75.437331031189686, 6.337223741779659 ], [ -75.437621876520609, 6.337170612900398 ], [ -75.437817760271685, 6.337158240643233 ], [ -75.437849768298605, 6.337158156876456 ], [ -75.437902221108388, 6.337187112940025 ], [ -75.437977876471479, 6.337186914929354 ], [ -75.438152420158019, 6.337169002091422 ], [ -75.438367822993982, 6.337197531526401 ], [ -75.438559916781017, 6.337214484534337 ], [ -75.438722927666433, 6.337237332401233 ], [ -75.438846207042019, 6.337248747854631 ], [ -75.438951006179664, 6.337265929332117 ], [ -75.439003382911054, 6.337265792141467 ], [ -75.439073188287992, 6.337253971926757 ], [ -75.439148813169453, 6.337242136458408 ], [ -75.439195354872453, 6.337236195938693 ], [ -75.439352500552076, 6.337241602833495 ], [ -75.439498006638345, 6.337247040352169 ], [ -75.439573639112012, 6.337238114188007 ], [ -75.43963759419799, 6.337214671955233 ], [ -75.43967829352593, 6.337200018639306 ], [ -75.439797618989971, 6.337208433895451 ], [ -75.439873304766806, 6.337219872802437 ], [ -75.439916959687622, 6.337222667677391 ], [ -75.440103157715811, 6.337210542240101 ], [ -75.440219519936122, 6.337198600002054 ], [ -75.440300872814774, 6.337151837451231 ], [ -75.440412506006297, 6.337081024006755 ], [ -75.440470687234495, 6.337075052686738 ], [ -75.440549237010202, 6.337069028122126 ], [ -75.440651088232016, 6.337071670328073 ], [ -75.440709292317322, 6.337074426983254 ], [ -75.440784802605293, 6.337018951717651 ], [ -75.440860312876055, 6.336963476444382 ], [ -75.441011394639304, 6.336875800425921 ], [ -75.441162567837296, 6.336823036026772 ], [ -75.441261471113407, 6.336811139205544 ], [ -75.441283494036099, 6.337018804706262 ], [ -75.441381190802559, 6.336925921777208 ], [ -75.441395701732475, 6.336818659810679 ], [ -75.44141036772055, 6.336770555471166 ], [ -75.441436195596509, 6.336748303441108 ], [ -75.441491539571558, 6.336700092367102 ], [ -75.441543175780637, 6.336648193684803 ], [ -75.441580020012012, 6.336596333814611 ], [ -75.441598325746867, 6.336526035662514 ], [ -75.441601907360422, 6.336481657742163 ], [ -75.441631239288256, 6.336385449062625 ], [ -75.441653155987154, 6.336281865001543 ], [ -75.441652962143962, 6.336207918147305 ], [ -75.441637918197685, 6.336111825912037 ], [ -75.441637821279059, 6.336074852311623 ], [ -75.441627083901011, 6.33603979220197 ], [ -75.441616346524839, 6.336004732091745 ], [ -75.441616175658766, 6.335939545902904 ], [ -75.441648552346592, 6.33585471837451 ], [ -75.441680963200028, 6.335782928049043 ], [ -75.44175250935281, 6.335717553678776 ], [ -75.441830489747716, 6.335619569188188 ], [ -75.441901916521104, 6.335508564598497 ], [ -75.442103771701895, 6.335410254992537 ], [ -75.442351128486621, 6.335259676553211 ], [ -75.442429485069212, 6.335305101545304 ], [ -75.442380723675953, 6.335357378792667 ], [ -75.442358092631665, 6.335429143377791 ], [ -75.442384308466728, 6.335481223887403 ], [ -75.442873630390721, 6.335610312148781 ], [ -75.443108511719004, 6.335674881860626 ], [ -75.443219347168238, 6.335674590725286 ], [ -75.443536138473377, 6.335751081944972 ], [ -75.443555030828833, 6.33574833285624 ], [ -75.443611594802491, 6.335696894008433 ], [ -75.443734849482368, 6.335597607162499 ], [ -75.443799904597086, 6.33551586348637 ], [ -75.443865130730202, 6.33549937749657 ], [ -75.444011857453219, 6.335450048144078 ], [ -75.444223917627468, 6.335425018883754 ], [ -75.444542146799378, 6.335440496837897 ], [ -75.444917636533162, 6.335512924997859 ], [ -75.445399402622385, 6.335666645926479 ], [ -75.445719141348746, 6.335702719259326 ], [ -75.445835685433906, 6.335702412540048 ], [ -75.445968944364026, 6.335727031288775 ], [ -75.446085554105096, 6.335751694001004 ], [ -75.446152238439495, 6.335784811338003 ], [ -75.446281422654266, 6.335842733604953 ], [ -75.446352203631236, 6.335850870466371 ], [ -75.446431199454622, 6.335817369590364 ], [ -75.446468616354764, 6.335800624628282 ], [ -75.446526866353608, 6.335792148024354 ], [ -75.446564283247767, 6.33577540314283 ], [ -75.446596295128657, 6.33576731195721 ], [ -75.445857569209878, 6.336950047313869 ], [ -75.445141473749928, 6.338647586558225 ], [ -75.444454163212768, 6.341124633378911 ], [ -75.444148759218209, 6.34179674175491 ], [ -75.443918420102165, 6.342111014041642 ], [ -75.44424011595234, 6.342002860728736 ], [ -75.444405232638402, 6.342002426215728 ], [ -75.444438364711672, 6.342043610818675 ], [ -75.444463262387657, 6.342093071518788 ], [ -75.444463414306796, 6.342150851773687 ], [ -75.444463631336504, 6.342233394970056 ], [ -75.444455570841129, 6.342307705523544 ], [ -75.444406296040512, 6.34240688766281 ], [ -75.444356978104267, 6.342489561229642 ], [ -75.444315959387026, 6.342588721638421 ], [ -75.444286719828099, 6.342636319894778 ], [ -75.444257480264383, 6.342683918150556 ], [ -75.444081975335124, 6.343023543302996 ], [ -75.443906612859578, 6.343417434107425 ], [ -75.443717609810648, 6.343784227857272 ], [ -75.443487220492656, 6.343608201182835 ], [ -75.441729309963236, 6.342580835305114 ], [ -75.440671001536344, 6.341990273233173 ], [ -75.44065454230163, 6.342143445572986 ], [ -75.44069736951127, 6.342396273007185 ], [ -75.440735937548297, 6.342517612554711 ], [ -75.440761113338922, 6.342585810565526 ], [ -75.440824976345993, 6.342792530019346 ], [ -75.440846160291784, 6.342859605568907 ], [ -75.440994509107298, 6.343154312422241 ], [ -75.441143261084534, 6.34361954765585 ], [ -75.441124361568995, 6.344115422521008 ], [ -75.441216095981986, 6.3443691348806 ], [ -75.441335323053423, 6.344504332568605 ], [ -75.44141981791897, 6.344567345546103 ], [ -75.441504423162499, 6.34467251472222 ], [ -75.441546808784707, 6.344756716722943 ], [ -75.441568499398045, 6.344988521032955 ], [ -75.441547804655769, 6.345136123694764 ], [ -75.441527054297325, 6.345262648077965 ], [ -75.441569495322071, 6.345367928170889 ], [ -75.441633074038904, 6.345494230963435 ], [ -75.44165454344342, 6.345641722652075 ], [ -75.441518895334298, 6.345881340420727 ], [ -75.441509187109659, 6.345909844207068 ], [ -75.441550649263434, 6.346212875721783 ], [ -75.441563202921103, 6.346747892877197 ], [ -75.441588712327984, 6.346961463276236 ], [ -75.441608047790567, 6.347085701066807 ], [ -75.441698805167547, 6.347438642687673 ], [ -75.441823104226188, 6.348000482352882 ], [ -75.442011417941828, 6.348586873326918 ], [ -75.442105434963764, 6.348826715798203 ], [ -75.442333141209531, 6.349172913196271 ], [ -75.442893355886355, 6.349819552438001 ], [ -75.442564070817809, 6.349861369129624 ], [ -75.442016441229043, 6.349945390708217 ], [ -75.442091749417401, 6.350054966146122 ], [ -75.442094013908815, 6.35016548204106 ], [ -75.44210215889234, 6.350260193790652 ], [ -75.442212785177276, 6.350291480370912 ], [ -75.442216951124877, 6.350374360838108 ], [ -75.442217106745602, 6.350433568714294 ], [ -75.442233343093108, 6.350545436803722 ], [ -75.442249579452664, 6.350657304890686 ], [ -75.44227302347791, 6.350848385526628 ], [ -75.442365171600557, 6.350993411159775 ], [ -75.442380526252904, 6.351016307859579 ], [ -75.442541542591755, 6.351284863606128 ], [ -75.442702797077061, 6.351536746946524 ], [ -75.442541616571603, 6.352044419165275 ], [ -75.442383685539824, 6.352325092990116 ], [ -75.442338123882351, 6.352447544070881 ], [ -75.441987678903232, 6.352953081977987 ], [ -75.441839330059182, 6.352873029880879 ], [ -75.441737607589602, 6.352798660484485 ], [ -75.44168972843336, 6.352759975290508 ], [ -75.441671764977485, 6.352742109739471 ], [ -75.441641715751686, 6.352670537206218 ], [ -75.441599785342561, 6.352622879901886 ], [ -75.441518351068268, 6.352602049783518 ], [ -75.441565929261742, 6.352501316752661 ], [ -75.441712305743593, 6.352346024048292 ], [ -75.441789517850793, 6.352247984417278 ], [ -75.441834132740283, 6.352158183683387 ], [ -75.441845857677677, 6.351986465126926 ], [ -75.441821265151802, 6.351937611660804 ], [ -75.441768184920676, 6.351909215645587 ], [ -75.441613236113412, 6.351905546839919 ], [ -75.441531732440836, 6.351922067158237 ], [ -75.441454359643032, 6.351958959287153 ], [ -75.441425882623165, 6.351983493441758 ], [ -75.441376949487534, 6.35198158376212 ], [ -75.441332040127179, 6.351959280980985 ], [ -75.441163983619489, 6.351865998392904 ], [ -75.441102738057893, 6.35183354737075 ], [ -75.440951866561576, 6.351829867467544 ], [ -75.440866285530859, 6.351846398575311 ], [ -75.44081336593095, 6.351879149757451 ], [ -75.440801219597603, 6.35191179392594 ], [ -75.44080145513071, 6.352001476702994 ], [ -75.440822642315183, 6.352073970141154 ], [ -75.439966530625824, 6.352080968684874 ], [ -75.43958910456081, 6.352083418533108 ], [ -75.439304689656709, 6.351584729642958 ], [ -75.439073842726927, 6.351401293461093 ], [ -75.439019091598468, 6.351386518556189 ], [ -75.438974353626293, 6.351396581812462 ], [ -75.438894837808476, 6.351421654646074 ], [ -75.438718806457885, 6.351493519169743 ], [ -75.438605549103045, 6.351448569935649 ], [ -75.438383595671311, 6.351372233079447 ], [ -75.438340403903624, 6.351316922658638 ], [ -75.438231839115005, 6.351447263693967 ], [ -75.438123274273863, 6.351577604717524 ], [ -75.437821519146425, 6.351868754447699 ], [ -75.437730801793435, 6.352051117286283 ], [ -75.437641412711073, 6.352419950351962 ], [ -75.437600390889543, 6.35228915296721 ], [ -75.437360555763405, 6.352122239080817 ], [ -75.437255424376943, 6.352021413465209 ], [ -75.437097237360177, 6.351758426463892 ], [ -75.436975977842252, 6.351219537198515 ], [ -75.436922878002378, 6.350965050734651 ], [ -75.436869719418056, 6.350688097411448 ], [ -75.436834432209835, 6.350559124583051 ], [ -75.436799145025503, 6.350430151747901 ], [ -75.436615982175496, 6.350394253771141 ], [ -75.436432819337668, 6.350358355724067 ], [ -75.436255787277886, 6.350539876070519 ], [ -75.43596421326302, 6.350838472866165 ], [ -75.435981134388129, 6.35086884578031 ], [ -75.436116557337186, 6.351153641903486 ], [ -75.436230672284694, 6.351346441255245 ], [ -75.436210215205051, 6.351419864742802 ], [ -75.436168873019369, 6.351478543298716 ], [ -75.436103147315109, 6.35154704737897 ], [ -75.436049562402161, 6.351591115566039 ], [ -75.436025402411417, 6.351686355453274 ], [ -75.43601577272959, 6.351737629630378 ], [ -75.435903580593035, 6.351772089413142 ], [ -75.435757445152291, 6.351894493552477 ], [ -75.435616076757697, 6.351972957524851 ], [ -75.435499002483752, 6.352007430021076 ], [ -75.435372228505372, 6.35206633224275 ], [ -75.435299039538151, 6.352081166483026 ], [ -75.435220942986234, 6.352086251821005 ], [ -75.435084162887776, 6.352052443805584 ], [ -75.434991344463683, 6.352028282593359 ], [ -75.434766589164013, 6.351955657962889 ], [ -75.434528373976008, 6.351926561328356 ], [ -75.4346176972401, 6.352145203561998 ], [ -75.434899903621186, 6.352543433196505 ], [ -75.43507351928929, 6.352725000911126 ], [ -75.434936970139063, 6.352772056929594 ], [ -75.4347685081393, 6.35282572976885 ], [ -75.434670908547133, 6.352830421171273 ], [ -75.43472883131524, 6.352923425294516 ], [ -75.434809727563476, 6.353318016688887 ], [ -75.434889850510885, 6.353357892586031 ], [ -75.434938656010374, 6.353357764814008 ], [ -75.435036244084216, 6.353348637252808 ], [ -75.435098325643025, 6.353335166870703 ], [ -75.435151568283771, 6.353335027461103 ], [ -75.435231466914772, 6.353348126080354 ], [ -75.435311253788313, 6.35332829375719 ], [ -75.435444469668724, 6.353639027263137 ], [ -75.435520428807564, 6.353783447044898 ], [ -75.435726646458619, 6.354050027146464 ], [ -75.435767965311371, 6.354132109780767 ], [ -75.435761240087871, 6.354180072169584 ], [ -75.435502655259327, 6.354845125877771 ], [ -75.435467220191839, 6.354832227369064 ], [ -75.435411419309901, 6.354777180917772 ], [ -75.435314665738176, 6.354774580725474 ], [ -75.435268804481964, 6.354813398385895 ], [ -75.435230162172672, 6.354837685635021 ], [ -75.435188465476941, 6.354846733054618 ], [ -75.435123735069823, 6.354842801515707 ], [ -75.43508497912859, 6.354823554289228 ], [ -75.435050972550584, 6.354770434306371 ], [ -75.435050833338224, 6.35471722545614 ], [ -75.435060395906774, 6.354673665648731 ], [ -75.434995481696845, 6.354682168574303 ], [ -75.43490799359374, 6.354699066992348 ], [ -75.434858095549387, 6.354745038285936 ], [ -75.434824793559159, 6.354761794806865 ], [ -75.434718234998385, 6.354718264990966 ], [ -75.434595424065876, 6.354716554690377 ], [ -75.434513936302693, 6.354625494117602 ], [ -75.434404140927029, 6.354683977077616 ], [ -75.434332964662019, 6.354671231128548 ], [ -75.434300474884353, 6.354613120432875 ], [ -75.434183857206321, 6.354535831444352 ], [ -75.434077244840751, 6.354574907458045 ], [ -75.433960180722366, 6.354624828844253 ], [ -75.4338915720015, 6.354655224873318 ], [ -75.43385547412862, 6.354561744975882 ], [ -75.433657649663516, 6.354301391164566 ], [ -75.433477493008013, 6.35414533954458 ], [ -75.433071636917788, 6.354035083713593 ], [ -75.432994394195987, 6.353943941312853 ], [ -75.432917151502352, 6.353852798894502 ], [ -75.432685973463862, 6.353641775908474 ], [ -75.432377376590694, 6.353374719245864 ], [ -75.432328967720025, 6.353571577447475 ], [ -75.432291319554466, 6.353958168803668 ], [ -75.432236857981096, 6.354403993894966 ], [ -75.430745157444449, 6.354355170898514 ], [ -75.430418443468625, 6.354345589799686 ], [ -75.4305008797661, 6.355125762875194 ], [ -75.430559281704504, 6.355555084678168 ], [ -75.429361619366873, 6.354955051090021 ], [ -75.429361619366873, 6.354955051090021 ], [ -75.428142710692953, 6.354415695265885 ], [ -75.428093247845396, 6.354385960089947 ], [ -75.427923456265916, 6.354292647302326 ], [ -75.427960700521595, 6.354223449589456 ], [ -75.428049358129286, 6.353993700963541 ], [ -75.428111916383756, 6.353830259845046 ], [ -75.428109259896175, 6.353638804303793 ], [ -75.42802770774432, 6.353301478982061 ], [ -75.42800407463821, 6.353183458467544 ], [ -75.427989364456892, 6.353098438274754 ], [ -75.427956101364018, 6.353007301036393 ], [ -75.42790924196531, 6.352884170048779 ], [ -75.427846382438489, 6.352721977667843 ], [ -75.4277828016033, 6.352607256832737 ], [ -75.4277144576821, 6.352472953918553 ], [ -75.427668198746446, 6.352325295466968 ], [ -75.427626078797715, 6.3521014179889 ], [ -75.427620617248508, 6.351898409113726 ], [ -75.427605111433635, 6.351773194046888 ], [ -75.427516410930522, 6.351691354179702 ], [ -75.427458810532002, 6.351629913744356 ], [ -75.42741629821721, 6.35153306002241 ], [ -75.427388626654889, 6.351458573616828 ], [ -75.427368547015618, 6.351381319251384 ], [ -75.427356726909139, 6.351304373352558 ], [ -75.427346350575419, 6.351251000340461 ], [ -75.427275413042054, 6.351140759823236 ], [ -75.42715310275247, 6.350994112778444 ], [ -75.427054009288867, 6.350843712393734 ], [ -75.426992288867936, 6.350724963672537 ], [ -75.42689891141319, 6.350623532291596 ], [ -75.426825304343652, 6.350553409659626 ], [ -75.426680392177147, 6.350443610033369 ], [ -75.426575554120276, 6.350241777076363 ], [ -75.426401770761757, 6.350153816531385 ], [ -75.426136053727646, 6.350170558138326 ], [ -75.425855537823864, 6.349958324450327 ], [ -75.425820935053366, 6.34985209340756 ], [ -75.425802261346888, 6.349747204101236 ], [ -75.425797152413196, 6.349590904475634 ], [ -75.425807125788054, 6.349513522156353 ], [ -75.425820514542707, 6.349423904184336 ], [ -75.425816047805554, 6.349094386439011 ], [ -75.425808008558121, 6.349019886900413 ], [ -75.425783870479648, 6.348788544043274 ], [ -75.425720900794843, 6.348710265193054 ], [ -75.425704944709722, 6.348608331310089 ], [ -75.425670414913142, 6.348480366202713 ], [ -75.425617969548, 6.34834969677653 ], [ -75.425547052301511, 6.348232217189491 ], [ -75.425452146847221, 6.348011027095809 ], [ -75.425444117965569, 6.347940449652692 ], [ -75.425443894057054, 6.34785416335437 ], [ -75.42539255068435, 6.347720944351206 ], [ -75.425363931913225, 6.347636959476889 ], [ -75.425317568381459, 6.347548565485928 ], [ -75.425325271590353, 6.347493635653574 ], [ -75.425344886281266, 6.347445920010701 ], [ -75.425377899780088, 6.347351249798084 ], [ -75.425380835671916, 6.347267569219857 ], [ -75.425399540179086, 6.347215535356657 ], [ -75.425422730926073, 6.347024199471638 ], [ -75.425605068008096, 6.346688726183755 ], [ -75.425739929168827, 6.346518909151246 ], [ -75.425836736718196, 6.346356393344493 ], [ -75.425907864324088, 6.346221281934307 ], [ -75.425962678764179, 6.345936013573203 ], [ -75.426010196290179, 6.345687324344762 ], [ -75.426054101196627, 6.345512694761631 ], [ -75.426044688656205, 6.345414599880596 ], [ -75.426037601870661, 6.345209045966838 ], [ -75.426014471117128, 6.344950662398593 ], [ -75.426008832870551, 6.344870397883033 ], [ -75.42600872822112, 6.344830067175585 ], [ -75.426038868648149, 6.344786296965533 ], [ -75.426109242806263, 6.344702091271915 ], [ -75.426169979942799, 6.344594553648895 ], [ -75.42619048334619, 6.344527451510705 ], [ -75.426210628419, 6.344368100845539 ], [ -75.426241105872023, 6.344229277905274 ], [ -75.42625109173018, 6.344116201449327 ], [ -75.426286842298239, 6.344028751325452 ], [ -75.426361002160149, 6.343966637720047 ], [ -75.426481756434313, 6.343800600810792 ], [ -75.426571750851835, 6.343382031405444 ], [ -75.426285033827767, 6.343306730122847 ], [ -75.426124840036962, 6.342973133273696 ], [ -75.426067638142328, 6.342716348903378 ], [ -75.425943925545198, 6.342335719074374 ], [ -75.425948457598253, 6.342235073154508 ], [ -75.426034221262853, 6.342038374357034 ] ] ] ] } },
{ "type": "Feature", "properties": { "FID_": 0, "Name": "La Matica" }, "geometry": { "type": "MultiPolygon", "coordinates": [ [ [ [ -75.460320642682916, 6.406464880164053 ], [ -75.460208060745714, 6.406407169346013 ], [ -75.45984997273689, 6.406353398488844 ], [ -75.459646153343911, 6.406360738646066 ], [ -75.459458880886629, 6.406205013162603 ], [ -75.459166245117402, 6.406032588043613 ], [ -75.458982725984882, 6.406009306111326 ], [ -75.458700665882205, 6.405979498278378 ], [ -75.458424875712808, 6.405972850365028 ], [ -75.458248814770613, 6.405971530642733 ], [ -75.458069935610354, 6.40594726376507 ], [ -75.457881010207643, 6.405865629628228 ], [ -75.457741492220833, 6.405781096398409 ], [ -75.457550923070301, 6.405662738497326 ], [ -75.457090001175459, 6.405489611340824 ], [ -75.456149403663304, 6.40521250140529 ], [ -75.455099763430951, 6.404655268026499 ], [ -75.455003917937077, 6.404210954896636 ], [ -75.454920681585705, 6.403970412588599 ], [ -75.454848651761111, 6.403650446981509 ], [ -75.454696671095448, 6.403375155617288 ], [ -75.454580653343953, 6.403233172188237 ], [ -75.454670044998437, 6.403039888781318 ], [ -75.454735263498804, 6.402930581631515 ], [ -75.454737672231218, 6.402908366936323 ], [ -75.454763678451457, 6.402668522834308 ], [ -75.454836666215968, 6.402191707482792 ], [ -75.454802795530014, 6.402043990207688 ], [ -75.454768924872127, 6.401896272925375 ], [ -75.454721770150002, 6.401708811748449 ], [ -75.454639571603934, 6.401511759873904 ], [ -75.454545620212144, 6.401382464558951 ], [ -75.454465483014033, 6.401310090281497 ], [ -75.454399420047693, 6.401222520292157 ], [ -75.454356334551264, 6.401150408292211 ], [ -75.454316197230526, 6.401058210791987 ], [ -75.454217719613936, 6.400915427638193 ], [ -75.454145940445429, 6.400832557792556 ], [ -75.454058522652346, 6.400747914036449 ], [ -75.453991556074783, 6.400696913720411 ], [ -75.453952644980006, 6.400658343389485 ], [ -75.453900530575069, 6.400588164302193 ], [ -75.453833321379335, 6.400481011834952 ], [ -75.453688434141128, 6.400305014271516 ], [ -75.453644741113663, 6.400248206085675 ], [ -75.45358591401731, 6.400171348164228 ], [ -75.453569023665835, 6.400119495064779 ], [ -75.45356207834152, 6.400025759418214 ], [ -75.453556808791006, 6.399933689270513 ], [ -75.45353819794731, 6.399863420557017 ], [ -75.453526219401141, 6.399769698361277 ], [ -75.453519466184559, 6.399713032714719 ], [ -75.453463917636853, 6.399672311190752 ], [ -75.453295632784062, 6.399595067687806 ], [ -75.453226533510843, 6.399569957318448 ], [ -75.453183252822399, 6.39953509743676 ], [ -75.453121244218096, 6.399518524111802 ], [ -75.45306620638712, 6.399510005070914 ], [ -75.453020695212686, 6.399497027006372 ], [ -75.452908498234535, 6.399476685349207 ], [ -75.452783934516702, 6.399452273093134 ], [ -75.452568486477915, 6.399413879007229 ], [ -75.452406261648292, 6.399380264333482 ], [ -75.452261360020401, 6.399320501396818 ], [ -75.452158740292248, 6.399276476654138 ], [ -75.452105643112645, 6.399244183184606 ], [ -75.452054769979128, 6.399236335690715 ], [ -75.452037178523156, 6.399233034291812 ], [ -75.451911595831234, 6.399246768644272 ], [ -75.451783299348506, 6.39925515038277 ], [ -75.451700609298157, 6.399263233109751 ], [ -75.451551446880671, 6.399270591364874 ], [ -75.451345377584403, 6.399290657120793 ], [ -75.45124221047007, 6.39930339447114 ], [ -75.451168359361759, 6.399307504260943 ], [ -75.451091005716222, 6.399305999774334 ], [ -75.451025185116194, 6.399317934173356 ], [ -75.450929928547879, 6.399313133568119 ], [ -75.450862846382449, 6.399295057912633 ], [ -75.45078992635122, 6.399292968480372 ], [ -75.450707769178777, 6.399259703941306 ], [ -75.450651623946214, 6.399246460221145 ], [ -75.450563629483909, 6.399223253529683 ], [ -75.450516736286858, 6.399223378593688 ], [ -75.45044725185528, 6.399232774017179 ], [ -75.450388610813263, 6.399223720282081 ], [ -75.450344139243469, 6.399218378961783 ], [ -75.450313182380796, 6.399201320629247 ], [ -75.450246234257378, 6.399219913775888 ], [ -75.450216880025437, 6.399232648602173 ], [ -75.450177449640606, 6.39923453019381 ], [ -75.450125527517685, 6.399228849520471 ], [ -75.45006440417923, 6.399236504377728 ], [ -75.449994877156669, 6.399229920146231 ], [ -75.44988932692938, 6.399216808046063 ], [ -75.449814615980017, 6.399150036997415 ], [ -75.449775160049242, 6.399113310097033 ], [ -75.449714818365365, 6.399095056297061 ], [ -75.449585010050058, 6.399092888884255 ], [ -75.449532263919764, 6.399097212815864 ], [ -75.449399087726903, 6.399089198185242 ], [ -75.449359716515872, 6.399084279139992 ], [ -75.449235827271067, 6.399066474805234 ], [ -75.449143228901434, 6.399038984080394 ], [ -75.449064038268119, 6.399020890286221 ], [ -75.448979468424355, 6.398970517147951 ], [ -75.448882914857492, 6.398930963946653 ], [ -75.448845128966127, 6.398890099581541 ], [ -75.448837594067029, 6.39883947938665 ], [ -75.448832658728975, 6.398818200252314 ], [ -75.448768095185727, 6.398754434247296 ], [ -75.448680782615213, 6.398652401182747 ], [ -75.448588881719445, 6.398543890101942 ], [ -75.448494997350011, 6.398433036979117 ], [ -75.448445791996562, 6.398298819109979 ], [ -75.448396586675273, 6.398164601229995 ], [ -75.448301948022049, 6.398022193670844 ], [ -75.448223694786094, 6.397869119858106 ], [ -75.448181980542572, 6.397717818430979 ], [ -75.448036993346832, 6.397559913485926 ], [ -75.447822557040311, 6.397454322835699 ], [ -75.447591823457984, 6.397440292636484 ], [ -75.447422166650256, 6.397444180721184 ], [ -75.447173022336941, 6.397393596341768 ], [ -75.447004536757206, 6.397379400305209 ], [ -75.446916554267119, 6.397343026403549 ], [ -75.446786657609081, 6.397305452630095 ], [ -75.446634005876732, 6.397266750501073 ], [ -75.4465281027977, 6.397234230682121 ], [ -75.446436462478232, 6.397197866409463 ], [ -75.446324048022348, 6.39718698069985 ], [ -75.446260565670201, 6.397150744188994 ], [ -75.446189337312163, 6.397110086145307 ], [ -75.446018420572628, 6.397021990132798 ], [ -75.445919293938871, 6.396975978383162 ], [ -75.445785681569731, 6.396922960445801 ], [ -75.445710013485851, 6.396923161474903 ], [ -75.445638819361179, 6.396914442391449 ], [ -75.445634274860438, 6.396881099556762 ], [ -75.445629730360707, 6.396847756721874 ], [ -75.445618339725897, 6.396745482477901 ], [ -75.445584814047251, 6.396689958810891 ], [ -75.44555266955949, 6.396642767711138 ], [ -75.445522304515066, 6.396603396998006 ], [ -75.445464271448699, 6.396532387211153 ], [ -75.445330611948037, 6.396461552810479 ], [ -75.445235680932853, 6.39641472794391 ], [ -75.445112195610619, 6.396324259048392 ], [ -75.445004683786038, 6.396242117196628 ], [ -75.444911808589211, 6.396216344210408 ], [ -75.444964541780237, 6.396127168594756 ], [ -75.445012589825637, 6.396030231686477 ], [ -75.445057222208533, 6.395962863729364 ], [ -75.445137277335959, 6.39584202876579 ], [ -75.445159415510162, 6.395788597032134 ], [ -75.445181464836196, 6.395717374549637 ], [ -75.445190199692533, 6.395650616076041 ], [ -75.445114437382756, 6.395615235257885 ], [ -75.445069913946185, 6.395597562478164 ], [ -75.44498963114205, 6.395522157557459 ], [ -75.444980601224756, 6.395477691337199 ], [ -75.444980436089651, 6.395415436049577 ], [ -75.444936167880684, 6.395301455815698 ], [ -75.444899764020377, 6.395193250133239 ], [ -75.444859536936505, 6.395131075727291 ], [ -75.444814930996472, 6.395082275268012 ], [ -75.44473476623277, 6.395051334712872 ], [ -75.44445125662952, 6.395069815888601 ], [ -75.44414987561936, 6.394991852622824 ], [ -75.44396786052809, 6.394918499001794 ], [ -75.443814160110335, 6.394828017327114 ], [ -75.44370599208068, 6.394743090662797 ], [ -75.443991843150542, 6.394413899089329 ], [ -75.443922293405919, 6.39436554645879 ], [ -75.443870022468033, 6.394331502958812 ], [ -75.443798091733342, 6.394280407797571 ], [ -75.443739601440896, 6.394240959482687 ], [ -75.44364365412757, 6.394178805423916 ], [ -75.443545693949034, 6.394136626328584 ], [ -75.443449358329232, 6.394091281847225 ], [ -75.443353492645713, 6.394059924512557 ], [ -75.443217054583457, 6.394010897376622 ], [ -75.443075035959268, 6.393970474131034 ], [ -75.442997936348149, 6.393951906591259 ], [ -75.442926438563603, 6.393883923773948 ], [ -75.442771858840644, 6.3937747594268 ], [ -75.44277345894541, 6.393769945299194 ], [ -75.442672716871499, 6.393390893016209 ], [ -75.442490401085038, 6.393431021697249 ], [ -75.44214949048326, 6.393483463664144 ], [ -75.441992864312411, 6.393494004159702 ], [ -75.44197827631173, 6.393422075529261 ], [ -75.441203243505782, 6.39276411608877 ], [ -75.440842748193219, 6.392850307742465 ], [ -75.440600167553271, 6.392883733005244 ], [ -75.439597201600947, 6.392626532279271 ], [ -75.439602693386362, 6.392619191975863 ], [ -75.439607727252437, 6.392611852199175 ], [ -75.439613218429173, 6.392603136774007 ], [ -75.43961871021412, 6.392595796470522 ], [ -75.439623744079796, 6.392588456693769 ], [ -75.439629235458852, 6.392580199642429 ], [ -75.439633811202313, 6.392572402018492 ], [ -75.439637928823728, 6.392564146547411 ], [ -75.439643420405162, 6.392556347869918 ], [ -75.439647080107235, 6.392548092925587 ], [ -75.439651655647381, 6.392539836927706 ], [ -75.439654399308253, 6.392531124663014 ], [ -75.439658058604394, 6.392521952970881 ], [ -75.439660343940417, 6.392512324485177 ], [ -75.439662629479201, 6.392503154373374 ], [ -75.439663541463631, 6.392494444215801 ], [ -75.439666285124218, 6.392485731951127 ], [ -75.439668570460043, 6.392476103465442 ], [ -75.439672688283224, 6.392468306368227 ], [ -75.439676347578796, 6.392459134676106 ], [ -75.439680464590438, 6.392449504083306 ], [ -75.439684582210447, 6.39244124861218 ], [ -75.43968961587116, 6.392433450461367 ], [ -75.439693733288109, 6.392424736616331 ], [ -75.439697850907777, 6.39241648114518 ], [ -75.43970334268991, 6.392409140841416 ], [ -75.439709750512662, 6.392402257857918 ], [ -75.439716616862725, 6.39239674946923 ], [ -75.439723941334464, 6.392391698927563 ], [ -75.439733097278932, 6.392386187904668 ], [ -75.439740880074993, 6.392382053583767 ], [ -75.439750037033463, 6.392378834430053 ], [ -75.439758736275749, 6.392376074176916 ], [ -75.439767893436823, 6.3923733133968 ], [ -75.439776592881756, 6.39237101151728 ], [ -75.439801314415391, 6.392357231850465 ], [ -75.439809096804453, 6.392352180780996 ], [ -75.439816879599221, 6.392348046459182 ], [ -75.439824661784982, 6.392342537015668 ], [ -75.439831069199258, 6.392334737283427 ], [ -75.439837018897435, 6.392327396451909 ], [ -75.439842052757726, 6.392320056674159 ], [ -75.439846170577226, 6.392312259576334 ], [ -75.439850288193682, 6.392304004104633 ], [ -75.439854406012969, 6.392296207006789 ], [ -75.439858523629184, 6.392287951535074 ], [ -75.439860808961143, 6.39227832304941 ], [ -75.439860804496064, 6.39226823882444 ], [ -75.439858052518218, 6.392258157760898 ], [ -75.43985759054037, 6.392248990810531 ], [ -75.439857586481381, 6.392239823333265 ], [ -75.439858039935288, 6.392229738581365 ], [ -75.439860783591897, 6.392221026316568 ], [ -75.439863984964234, 6.392211855151004 ], [ -75.439903811716832, 6.392184306877761 ], [ -75.439912052629964, 6.392180630402099 ], [ -75.439919835015274, 6.392175579331719 ], [ -75.439928532831829, 6.392169610459645 ], [ -75.439934941054673, 6.392163644222249 ], [ -75.439942265114752, 6.392157676930883 ], [ -75.439949589580678, 6.392152626387142 ], [ -75.439958288005528, 6.392148032636254 ], [ -75.439965612471127, 6.39214298209235 ], [ -75.439972478408805, 6.392136556953815 ], [ -75.439978886224623, 6.392129673968377 ], [ -75.439985752365004, 6.392123707203576 ], [ -75.439993992464196, 6.392118197231568 ], [ -75.440002690887965, 6.392113603480134 ], [ -75.440010931189846, 6.392108551881755 ], [ -75.44001825545125, 6.392103042963482 ], [ -75.440026037834144, 6.392097991891946 ], [ -75.44003336229828, 6.392092941347357 ], [ -75.440041144477775, 6.392087431901823 ], [ -75.440050300412906, 6.39208192087508 ], [ -75.440059456957144, 6.392077784969703 ], [ -75.440067239136084, 6.392072275523877 ], [ -75.440075479436544, 6.392067223924732 ], [ -75.440083719939935, 6.392062630699314 ], [ -75.440091502727711, 6.392058496374687 ], [ -75.440098827190525, 6.392053445829415 ], [ -75.440107525408877, 6.392048393702805 ], [ -75.440115765911614, 6.392043800476993 ], [ -75.440124464535884, 6.392039665097794 ], [ -75.440132704428834, 6.392033696750326 ], [ -75.440141860361805, 6.392028185722355 ], [ -75.440150558376033, 6.392022675221374 ], [ -75.440159256999578, 6.392018539841719 ], [ -75.440168413744672, 6.392014862308628 ], [ -75.440176654246187, 6.392010269082062 ], [ -75.440184436625827, 6.392005218008737 ], [ -75.440192677127015, 6.392000624781976 ], [ -75.440200917221603, 6.391995114807506 ], [ -75.440218313247186, 6.391984093803941 ], [ -75.440234793435025, 6.391973073854311 ], [ -75.440242575610171, 6.391967564406547 ], [ -75.440249441744982, 6.391961597639298 ], [ -75.440257681634989, 6.391955629290379 ], [ -75.440265464012839, 6.391950578216163 ], [ -75.440274162024181, 6.391945067713634 ], [ -75.44028240171032, 6.391938640990647 ], [ -75.440289726169212, 6.391933590443384 ], [ -75.440297508749666, 6.391928997742602 ], [ -75.440305291126663, 6.391923946667945 ], [ -75.44031353101532, 6.391917978318387 ], [ -75.440321312985375, 6.391912010495989 ], [ -75.440337792761667, 6.39190007379643 ], [ -75.440346032852844, 6.391894563820281 ], [ -75.440354273350465, 6.391889970591595 ], [ -75.440362513441272, 6.391884460615261 ], [ -75.440376246112137, 6.391873443826059 ], [ -75.440383570162325, 6.391867476530299 ], [ -75.440390436090652, 6.391861051388006 ], [ -75.440397760140499, 6.391855084092111 ], [ -75.440404168150152, 6.391848659477009 ], [ -75.440411491792915, 6.391841775433458 ], [ -75.44041789959887, 6.391834892444487 ], [ -75.440424307608012, 6.391828467829238 ], [ -75.440430257698679, 6.391822043741271 ], [ -75.44043620697569, 6.391813786158222 ], [ -75.440442614984349, 6.391807361542846 ], [ -75.440449938829403, 6.391800935872725 ], [ -75.440457720795948, 6.391794968048949 ], [ -75.440464586722371, 6.39178854290605 ], [ -75.440470536812086, 6.391782118817808 ], [ -75.440476944413106, 6.391774777454658 ], [ -75.440484267240151, 6.391766059915471 ], [ -75.440489759004294, 6.391758719606975 ], [ -75.440495250564879, 6.391750920924701 ], [ -75.440501658165161, 6.391743579561394 ], [ -75.440508065561858, 6.391735779824293 ], [ -75.440513557121946, 6.391727981141922 ], [ -75.440519506193183, 6.39171926518465 ], [ -75.440524997752959, 6.391711466502232 ], [ -75.440530947434183, 6.391704125666134 ], [ -75.44053735523687, 6.391697242676344 ], [ -75.440543763242857, 6.391690818060247 ], [ -75.440550171045231, 6.391683935070367 ], [ -75.440556579254363, 6.391677968827922 ], [ -75.440563445178, 6.391671543684264 ], [ -75.440569852776392, 6.391664202320499 ], [ -75.440576718089247, 6.391656402055521 ], [ -75.440582209851044, 6.391649061746537 ], [ -75.44058907496003, 6.391640803107739 ], [ -75.440594566518001, 6.391633004424957 ], [ -75.440600515993907, 6.391625205214702 ], [ -75.440606007755051, 6.3916178649056 ], [ -75.44061149890554, 6.391609149475271 ], [ -75.440622481613062, 6.391592635362003 ], [ -75.44062797337358, 6.391585295052799 ], [ -75.440632549094374, 6.391577497424768 ], [ -75.440638041058136, 6.391570615489243 ], [ -75.440642158860641, 6.391562818388651 ], [ -75.440647192499071, 6.3915550202331 ], [ -75.44065222552679, 6.391545846956351 ], [ -75.440657258757881, 6.391537132053321 ], [ -75.440663207621284, 6.391527957721578 ], [ -75.440667325423135, 6.391520160620925 ], [ -75.440672359060855, 6.391512362465282 ], [ -75.440677392494905, 6.391504105935899 ], [ -75.44068288364322, 6.391495390505288 ], [ -75.440688375198462, 6.391487591822093 ], [ -75.440699357087169, 6.391469244213318 ], [ -75.440704848438372, 6.391460987156332 ], [ -75.440713999468656, 6.391444475152347 ], [ -75.440718575187162, 6.391436677524055 ], [ -75.440723150701999, 6.39142842152203 ], [ -75.440728184338141, 6.391420623366188 ], [ -75.440733217567015, 6.391411908462898 ], [ -75.440738709324336, 6.391404568153203 ], [ -75.440744200470775, 6.391395852722352 ], [ -75.440750149942062, 6.391388053511354 ], [ -75.440755641291744, 6.391379796454157 ], [ -75.44076067492702, 6.39137199829819 ], [ -75.440766166276404, 6.391363741240948 ], [ -75.440771657829217, 6.391355942557388 ], [ -75.440777148974675, 6.391347227126396 ], [ -75.440783098852165, 6.391340344662638 ], [ -75.440788590608108, 6.3913330043527 ], [ -75.440794539874503, 6.391324746767774 ], [ -75.440805523385635, 6.391310066147759 ], [ -75.440811015344593, 6.391303184211409 ], [ -75.440816507099797, 6.391295843901336 ], [ -75.440821540937108, 6.391288504118811 ], [ -75.44082703187749, 6.391279330313899 ], [ -75.440831149268135, 6.391270616465415 ], [ -75.440834808944572, 6.391262361518209 ], [ -75.440838010703203, 6.391254107098587 ], [ -75.440839838301329, 6.391244937514342 ], [ -75.440841208185361, 6.391236226831381 ], [ -75.440843951211548, 6.391226139444584 ], [ -75.440847610683946, 6.391217426123687 ], [ -75.440852644520206, 6.391210086341094 ], [ -75.440858594395323, 6.391203203876982 ], [ -75.440865001373368, 6.391194487390462 ], [ -75.440871867287115, 6.391188062244752 ], [ -75.440878733608017, 6.391182553846364 ], [ -75.440885141603772, 6.391176129228156 ], [ -75.440893839187567, 6.391169701971792 ], [ -75.440901621750569, 6.391165109265326 ], [ -75.440908488070804, 6.391159600866669 ], [ -75.440917644182662, 6.391154548203433 ], [ -75.440942365011395, 6.391139393378943 ], [ -75.440949689452111, 6.391134342825912 ], [ -75.440957471606538, 6.391128833371458 ], [ -75.440964795843186, 6.3911233244446 ], [ -75.440971203837066, 6.391116899825691 ], [ -75.440977611627076, 6.391110016833056 ], [ -75.440983561499323, 6.391103134368071 ], [ -75.440989510963945, 6.391095335155708 ], [ -75.440995460632166, 6.391087994316983 ], [ -75.441000494261388, 6.391080196159955 ], [ -75.441006901439309, 6.391071938046131 ], [ -75.441011477150695, 6.391064140416767 ], [ -75.441016510779491, 6.391056342259674 ], [ -75.441021544611914, 6.391049002476228 ], [ -75.441027035750395, 6.391040287044055 ], [ -75.441031152932467, 6.391031114821356 ], [ -75.44103664407065, 6.391022399389151 ], [ -75.441041677698735, 6.391014601231973 ], [ -75.441047169447913, 6.391007260920706 ], [ -75.441052203075714, 6.390999462763475 ], [ -75.441057694213256, 6.390990747331188 ], [ -75.441061811598331, 6.39098203348208 ], [ -75.441070045960544, 6.390963689036544 ], [ -75.441073705224071, 6.39095451734151 ], [ -75.441077364691282, 6.390945804020126 ], [ -75.441081024362191, 6.390937549072393 ], [ -75.441085141338988, 6.390927918475955 ], [ -75.441089258723267, 6.390919204626816 ], [ -75.441092917986282, 6.390910032931764 ], [ -75.441095203497099, 6.390900862819969 ], [ -75.441098862759929, 6.390891691124923 ], [ -75.441101147863023, 6.390881604265832 ], [ -75.441103891494805, 6.390872891999947 ], [ -75.441107093247652, 6.39086463757996 ], [ -75.44111029479663, 6.39085592478632 ], [ -75.44111486989361, 6.390846752035761 ], [ -75.441118529359684, 6.390838038714359 ], [ -75.441123562781343, 6.390829782183321 ], [ -75.441127679756832, 6.390820151586854 ], [ -75.441132713382032, 6.390812353429435 ], [ -75.441138204312878, 6.390803179623287 ], [ -75.441143695651192, 6.390794922564414 ], [ -75.441149644091297, 6.390784831483161 ], [ -75.441155135225443, 6.390776116050595 ], [ -75.44116108468431, 6.390768316837506 ], [ -75.441167033939195, 6.390760059250745 ], [ -75.441172525684351, 6.390752718939022 ], [ -75.441176643066214, 6.390744005089742 ], [ -75.441181218569028, 6.390735749086288 ], [ -75.441186251785041, 6.390727034181395 ], [ -75.441190369370389, 6.390718778705719 ], [ -75.441194486547943, 6.390709606482766 ], [ -75.441198604336932, 6.390701809380718 ], [ -75.441206839099152, 6.390684381682044 ], [ -75.441210956683946, 6.390676126206338 ], [ -75.441214158434391, 6.390667871786254 ], [ -75.441218275611234, 6.390658699563265 ], [ -75.441222392584123, 6.390649068966642 ], [ -75.441225593926546, 6.390639897799285 ], [ -75.441229710899194, 6.390630267202659 ], [ -75.441231538490186, 6.390621097618758 ], [ -75.441234281711431, 6.390611468605595 ], [ -75.441236567423275, 6.390602756867512 ], [ -75.441239310644377, 6.390593127854357 ], [ -75.441242049584176, 6.390573872994977 ], [ -75.441243876971086, 6.390564245037471 ], [ -75.441244330810775, 6.39055507703706 ], [ -75.441244784854348, 6.390546367410275 ], [ -75.441245238694066, 6.390537199409859 ], [ -75.441245692737652, 6.390528489783079 ], [ -75.441247519920651, 6.39051840345196 ], [ -75.441247515435705, 6.390508319232104 ], [ -75.441249342618647, 6.390498232901 ], [ -75.44125071168078, 6.390487688724085 ], [ -75.441252538659839, 6.390477144019362 ], [ -75.441255740205108, 6.390468431225722 ], [ -75.441262142072276, 6.390448255396685 ], [ -75.441264885700377, 6.39043954313087 ], [ -75.441267171207699, 6.390430373019242 ], [ -75.441269914224094, 6.39042028563255 ], [ -75.441274031398819, 6.390411113409665 ], [ -75.4412786064903, 6.390401940658953 ], [ -75.441283181173915, 6.390391851160986 ], [ -75.441286382310679, 6.39038222162011 ], [ -75.441287752187691, 6.390373510937768 ], [ -75.441287747906415, 6.39036388509165 ], [ -75.441286370078558, 6.390354719202609 ], [ -75.441286361108538, 6.390334550763088 ], [ -75.441288646819203, 6.390325839025137 ], [ -75.441289558167853, 6.390315753749754 ], [ -75.441292301795244, 6.390307041483996 ], [ -75.441296418765205, 6.390297410887545 ], [ -75.441300536346617, 6.390289155411963 ], [ -75.4413069439195, 6.390281814044514 ], [ -75.441312435047067, 6.390273098611813 ], [ -75.441316551608708, 6.390262551268084 ], [ -75.441320211068998, 6.390253837946666 ], [ -75.441323412408593, 6.390244666779453 ], [ -75.441326152161551, 6.390227245414921 ], [ -75.441327979750852, 6.390218075831206 ], [ -75.441329349219529, 6.390208448401711 ], [ -75.441331176604891, 6.390198820444388 ], [ -75.441332546481291, 6.390190109762135 ], [ -75.441334832191032, 6.390181398024232 ], [ -75.441336201659624, 6.390171770594753 ], [ -75.441336655702642, 6.390163060968169 ], [ -75.44133665142131, 6.390153435122168 ], [ -75.441338021297639, 6.390144724439933 ], [ -75.441338932849618, 6.390135097538285 ], [ -75.441340302522065, 6.39012592848244 ], [ -75.44134213011111, 6.390116758898775 ], [ -75.441342583950316, 6.390107590898581 ], [ -75.4413453228874, 6.39008833603967 ], [ -75.441345776930504, 6.390079626413098 ], [ -75.441345763679323, 6.390049832127869 ], [ -75.441343469611681, 6.390039750547297 ], [ -75.441343007821857, 6.390031041976327 ], [ -75.441344377290505, 6.39002141454689 ], [ -75.44134483072223, 6.390011329799446 ], [ -75.44134574268206, 6.390002619645056 ], [ -75.441348482434705, 6.389985198280679 ], [ -75.441350310227477, 6.389976487070694 ], [ -75.441351221371875, 6.389965943421839 ], [ -75.441353048553054, 6.389955857091004 ], [ -75.44135578789782, 6.389937518979425 ], [ -75.441356699449898, 6.389927892077822 ], [ -75.441357611205831, 6.389918723549845 ], [ -75.441358523165604, 6.389910013395482 ], [ -75.441359434513828, 6.389899928120268 ], [ -75.441360346473587, 6.389891217965914 ], [ -75.441361254560363, 6.389873798712794 ], [ -75.441362624232696, 6.38986462965703 ], [ -75.441362614652249, 6.389843086096924 ], [ -75.441363526408239, 6.389833917568961 ], [ -75.441363513159061, 6.389804123283676 ], [ -75.441363051369962, 6.389795414712675 ], [ -75.441363038325107, 6.389766078800971 ], [ -75.441362576332395, 6.389756911856328 ], [ -75.441361198507138, 6.389747745967215 ], [ -75.441359820274343, 6.389737663330846 ], [ -75.441359358485627, 6.389728954759794 ], [ -75.441358437965434, 6.389718413222013 ], [ -75.441357059936706, 6.389708788959218 ], [ -75.441356140028105, 6.389699622542271 ], [ -75.441356135748237, 6.389689996696185 ], [ -75.441354757923534, 6.389680830806972 ], [ -75.441354748752659, 6.3896602039939 ], [ -75.441354286760557, 6.389651037049163 ], [ -75.44135382497231, 6.389642328478046 ], [ -75.441353362980323, 6.389633161533288 ], [ -75.44135290058081, 6.389623077841284 ], [ -75.441351980876533, 6.389614369797879 ], [ -75.441349687016299, 6.389604746590412 ], [ -75.441348767108423, 6.38959558017335 ], [ -75.441347846996806, 6.389585955382652 ], [ -75.441347384801432, 6.389576330064214 ], [ -75.44134600718138, 6.389567622548477 ], [ -75.441343713321643, 6.389557999340896 ], [ -75.441342793006598, 6.389547916176512 ], [ -75.441341872895364, 6.389538291385747 ], [ -75.441340495071898, 6.389529125496303 ], [ -75.441339574553311, 6.389518583958251 ], [ -75.441338196933756, 6.389509876442409 ], [ -75.44133727682285, 6.38950025165158 ], [ -75.441336814220563, 6.389489709585789 ], [ -75.441336796494866, 6.38944983107992 ], [ -75.441335418468327, 6.389440206816732 ], [ -75.441335409707719, 6.389420496750575 ], [ -75.441334947513354, 6.389410871431986 ], [ -75.441334027403073, 6.389401246641074 ], [ -75.441333996233652, 6.389331115475232 ], [ -75.441335365703381, 6.389321488045926 ], [ -75.441335356740041, 6.389301319606049 ], [ -75.44133581058172, 6.389292151605707 ], [ -75.441336264219743, 6.389282525231733 ], [ -75.441337633893184, 6.38927335617608 ], [ -75.441337608837841, 6.389216976219056 ], [ -75.441336230812823, 6.389207351955659 ], [ -75.441335311111075, 6.389198643911874 ], [ -75.441334391001988, 6.389189019120808 ], [ -75.44133392860509, 6.389178935428453 ], [ -75.441333914550952, 6.389147307647535 ], [ -75.441335284428291, 6.38913859696555 ], [ -75.441336195778817, 6.389128511690283 ], [ -75.441337107740395, 6.389119801535925 ], [ -75.441337102852145, 6.389108800568648 ], [ -75.441338930441503, 6.3890996309854 ], [ -75.441340299707761, 6.389089545182521 ], [ -75.44134166877032, 6.389079001006001 ], [ -75.441343038647574, 6.389070290324034 ], [ -75.441343950201784, 6.38906066342242 ], [ -75.441345319671669, 6.389051035993185 ], [ -75.441347147260871, 6.389041866409967 ], [ -75.441348516730713, 6.389032238980743 ], [ -75.441349428488579, 6.389023070452778 ], [ -75.441350339839104, 6.389012985177548 ], [ -75.441351250985974, 6.38900244152868 ], [ -75.441352620863128, 6.388993730846738 ], [ -75.441353989925602, 6.388983186670259 ], [ -75.441354442953212, 6.388972185175383 ], [ -75.441354896184521, 6.388961642054145 ], [ -75.441356723569882, 6.388952014097326 ], [ -75.4413571774122, 6.388942846097003 ], [ -75.441357631050877, 6.388933219723032 ], [ -75.44135762636671, 6.388922677129406 ], [ -75.441358995429184, 6.38891213295295 ], [ -75.44135990677978, 6.38890204767774 ], [ -75.441359902299368, 6.388891963457751 ], [ -75.441360814260946, 6.388883253303448 ], [ -75.441362183730746, 6.388873625874273 ], [ -75.441363095488668, 6.388864457346343 ], [ -75.441364923077586, 6.388855287763209 ], [ -75.441366292750985, 6.388846118707677 ], [ -75.441366279310145, 6.388815866047704 ], [ -75.441367191271766, 6.388807155893423 ], [ -75.441367644707015, 6.388797071145834 ], [ -75.441367636561324, 6.388778736200373 ], [ -75.441367174573145, 6.388769569255235 ], [ -75.441366711770442, 6.388758568815535 ], [ -75.441363502697257, 6.388750321783164 ], [ -75.441358920081669, 6.388742534707121 ], [ -75.441352963720121, 6.388734749213711 ], [ -75.44134700776597, 6.388727880467489 ], [ -75.441340135981235, 6.388721012776269 ], [ -75.441336468789842, 6.388712307897488 ], [ -75.441334633260027, 6.388703600908459 ], [ -75.441334628984521, 6.388693975061932 ], [ -75.441335082420792, 6.388683890314209 ], [ -75.441337825840918, 6.38867471967605 ], [ -75.441340111549252, 6.388666007939086 ], [ -75.441343771003488, 6.388657294619479 ], [ -75.441346971524325, 6.388646289959204 ], [ -75.441351542940581, 6.388628866485298 ], [ -75.441353370733339, 6.388620155275899 ], [ -75.441355655830563, 6.388610068418028 ], [ -75.441357941131329, 6.388600439933805 ], [ -75.441361142669763, 6.388591727141764 ], [ -75.441363885885636, 6.388582098129999 ], [ -75.441366170779034, 6.388571552898507 ], [ -75.441367997960739, 6.388561466568216 ], [ -75.441370741380069, 6.3885522959301 ], [ -75.441371653342088, 6.388543585775838 ], [ -75.441376224757292, 6.388526162302014 ], [ -75.441377136312042, 6.38851653540049 ], [ -75.441379879120333, 6.388505989641479 ], [ -75.44138170650541, 6.38849636168486 ], [ -75.441383991601995, 6.388486274827053 ], [ -75.441386735020899, 6.388477104188976 ], [ -75.441388104490713, 6.388467476759915 ], [ -75.441390389790783, 6.388457848275761 ], [ -75.441393132395106, 6.388446844143146 ], [ -75.441394043949742, 6.388437217241659 ], [ -75.441394955911562, 6.388428507087445 ], [ -75.441397241211476, 6.388418878603306 ], [ -75.441398610681176, 6.388409251174281 ], [ -75.441404097110905, 6.388389993150932 ], [ -75.44140729885153, 6.388381738732616 ], [ -75.441409584354773, 6.388372568622137 ], [ -75.441410953620675, 6.388362482819499 ], [ -75.441411865582353, 6.388353772665323 ], [ -75.441412319629009, 6.388345063038695 ], [ -75.441413688691313, 6.388334518862429 ], [ -75.441414600449392, 6.388325350334625 ], [ -75.441415970326062, 6.388316639652908 ], [ -75.441417339591922, 6.38830655385029 ], [ -75.441418709061381, 6.388296926421311 ], [ -75.441420077920043, 6.388285923871429 ], [ -75.441420073033811, 6.388274922904188 ], [ -75.441420526673355, 6.388265296530307 ], [ -75.441420522194392, 6.388255212310323 ], [ -75.441420060207705, 6.388246045365156 ], [ -75.441420047381939, 6.388217167826093 ], [ -75.441419123816132, 6.388199750682968 ], [ -75.441418203711279, 6.388190125891656 ], [ -75.441417741724919, 6.388180958946439 ], [ -75.441417732767846, 6.38816079050639 ], [ -75.441416812866791, 6.388151624088679 ], [ -75.441415893169378, 6.388142916044587 ], [ -75.441414057642362, 6.388134209055513 ], [ -75.44141221784075, 6.388115876219992 ], [ -75.441412213769681, 6.388106708747202 ], [ -75.441413125731785, 6.388097998593043 ], [ -75.441414495608711, 6.388089287911379 ], [ -75.441416781111613, 6.388080117801073 ], [ -75.441419066003832, 6.388069572569852 ], [ -75.441420435880673, 6.388060861888203 ], [ -75.441423178483987, 6.388049857755854 ], [ -75.441427295442168, 6.388040227161903 ], [ -75.441432328840349, 6.388031970633839 ], [ -75.441435530579483, 6.388023716215814 ], [ -75.441439648147977, 6.388015460742754 ], [ -75.441447883691751, 6.387999866543893 ], [ -75.441451542938069, 6.387990694851063 ], [ -75.44145474426962, 6.387981523685752 ], [ -75.441457487482808, 6.387971894674332 ], [ -75.441459315070162, 6.387962725091585 ], [ -75.441462970651926, 6.387945302673379 ], [ -75.441464798239181, 6.387936133090647 ], [ -75.441467999163194, 6.387926045178093 ], [ -75.44147348640314, 6.387908620649831 ], [ -75.441476229615873, 6.38789899163844 ], [ -75.441479430336003, 6.387888445352265 ], [ -75.44148217395572, 6.387879733088143 ], [ -75.441485375693546, 6.387871478670125 ], [ -75.441489492853307, 6.387862306449796 ], [ -75.441491777743948, 6.387851761218688 ], [ -75.441494979481519, 6.387843506800672 ], [ -75.441497722897296, 6.387834336162932 ], [ -75.441504126372081, 6.3878178273269 ], [ -75.441507786023891, 6.387809572381349 ], [ -75.441509613203181, 6.38779948605143 ], [ -75.441512814736726, 6.387790773259795 ], [ -75.441519670628438, 6.387761887808353 ], [ -75.441522414043632, 6.387752717170642 ], [ -75.44152424183342, 6.38774400596163 ], [ -75.4415269854521, 6.387735293697544 ], [ -75.441529728663511, 6.387725664686217 ], [ -75.441531098538732, 6.387716954004752 ], [ -75.441532926124779, 6.387707784422131 ], [ -75.441536585368482, 6.387698612729355 ], [ -75.44153932817251, 6.387688066970802 ], [ -75.441542071587236, 6.387678896333113 ], [ -75.441545730830669, 6.387669724640347 ], [ -75.441550305902766, 6.387660551892492 ], [ -75.441553965553183, 6.387652296946959 ], [ -75.441558999150203, 6.387644498792397 ], [ -75.441563116511162, 6.387635784945681 ], [ -75.441568150107926, 6.387627986791088 ], [ -75.441572725790195, 6.387620189164035 ], [ -75.441577759183062, 6.387611932635792 ], [ -75.441582792779414, 6.387604134481151 ], [ -75.441588283882723, 6.387595419051684 ], [ -75.441592859564466, 6.387587621424569 ], [ -75.441596976924529, 6.387578907577782 ], [ -75.44160063657381, 6.387570652632179 ], [ -75.441604753933674, 6.387561938785381 ], [ -75.441607039229055, 6.38755231030165 ], [ -75.441608867017351, 6.38754359909273 ], [ -75.441611152516245, 6.387534428982625 ], [ -75.441613438218738, 6.387525717246131 ], [ -75.441615265599665, 6.387516089289996 ], [ -75.441617550894819, 6.387506460806296 ], [ -75.441619835986288, 6.387496373948981 ], [ -75.441622121484954, 6.387487203838898 ], [ -75.441623033444557, 6.387478493685152 ], [ -75.441624860621715, 6.387468407355427 ], [ -75.441626688002444, 6.387458779399325 ], [ -75.441628973297341, 6.387449150915649 ], [ -75.441631716709978, 6.38743998027801 ], [ -75.441633086176438, 6.387430352849493 ], [ -75.441635829385348, 6.387420723838254 ], [ -75.441639030508327, 6.38741109429945 ], [ -75.441641774124363, 6.38740238203543 ], [ -75.441644975654455, 6.387393669243839 ], [ -75.441648176777193, 6.387384039705041 ], [ -75.441651378510727, 6.387375785287055 ], [ -75.441654579633322, 6.387366155748256 ], [ -75.441657781163087, 6.387357442956668 ], [ -75.441661440403209, 6.387348271263891 ], [ -75.441665099439604, 6.387338641197509 ], [ -75.44166875806863, 6.387328094383916 ], [ -75.441671501480329, 6.38731892374631 ], [ -75.441677904538878, 6.387301498163142 ], [ -75.441681105660763, 6.387291868624353 ], [ -75.441684307393473, 6.387283614206371 ], [ -75.441687966836511, 6.387274900887196 ], [ -75.441691626075766, 6.387265729194416 ], [ -75.441695285722233, 6.38725747424883 ], [ -75.441698945164944, 6.387248760929647 ], [ -75.441703062317913, 6.387239588709257 ], [ -75.441707637181068, 6.387229957587667 ], [ -75.441711754333781, 6.387220785367268 ], [ -75.441715871690036, 6.387212071520461 ], [ -75.44171998945346, 6.387204274420843 ], [ -75.441725022637371, 6.3871955595188 ], [ -75.44172959790717, 6.387186845144354 ], [ -75.441734631498122, 6.387179046989471 ], [ -75.441739206971349, 6.387170790988595 ], [ -75.44174332473419, 6.387162993888926 ], [ -75.441748358528415, 6.387155654107582 ], [ -75.441753850440065, 6.387148772172187 ], [ -75.441760257975687, 6.387141430807907 ], [ -75.441765291769457, 6.387134091026489 ], [ -75.441769409531702, 6.387126293926745 ], [ -75.441774900628047, 6.387117578496891 ], [ -75.441780392131605, 6.387109779814186 ], [ -75.441785425313753, 6.387101064911937 ], [ -75.441790458903199, 6.387093266756839 ], [ -75.441795950202575, 6.387085009700486 ], [ -75.441800983384312, 6.387076294798179 ], [ -75.441806474479677, 6.387067579368203 ], [ -75.44181150827221, 6.387060239586606 ], [ -75.441817915398602, 6.387051981474832 ], [ -75.441823865018435, 6.387044640637844 ], [ -75.441829814434371, 6.387036841427244 ], [ -75.441834390108809, 6.387029043799648 ], [ -75.441839423289451, 6.387020328897204 ], [ -75.441843998963648, 6.387012531269584 ], [ -75.44184903214402, 6.387003816367108 ], [ -75.441854065527949, 6.386995559838192 ], [ -75.441859099319245, 6.386988220056406 ], [ -75.441863217079174, 6.386980422956412 ], [ -75.441874200488527, 6.386965742337354 ], [ -75.44188701514453, 6.386950142860204 ], [ -75.44189250684866, 6.386942802550561 ], [ -75.441897998756389, 6.386935920614466 ], [ -75.441903947966338, 6.386927663029916 ], [ -75.441909897787454, 6.386920780566033 ], [ -75.441916305318273, 6.38691343920082 ], [ -75.441922713052691, 6.386906556209127 ], [ -75.441934613101353, 6.386893708028211 ], [ -75.441941021039099, 6.386887283409951 ], [ -75.441947886482694, 6.386879941516775 ], [ -75.441954294216288, 6.386873058524854 ], [ -75.44196802510254, 6.386858374738248 ], [ -75.441975348458968, 6.386851032317094 ], [ -75.441981298482091, 6.386844608226308 ], [ -75.441995029366836, 6.386829924439286 ], [ -75.442000979389476, 6.38682350034837 ], [ -75.442007386917851, 6.386816158982533 ], [ -75.442019286146973, 6.386801477306321 ], [ -75.442025693674822, 6.38679413594036 ], [ -75.442032100998617, 6.386786336200809 ], [ -75.442038050001045, 6.386777620241941 ], [ -75.442043541701352, 6.386770279931486 ], [ -75.442048575487988, 6.386762940148829 ], [ -75.442054983014998, 6.386755598782683 ], [ -75.442061848455282, 6.386748256888668 ], [ -75.442067798272305, 6.386741374423796 ], [ -75.442074663712248, 6.386734032529685 ], [ -75.442086563753278, 6.386721184346828 ], [ -75.442092513365807, 6.386713843508267 ], [ -75.442099379008923, 6.386706959987505 ], [ -75.442105786330629, 6.386699160247476 ], [ -75.442111735942632, 6.386691819408803 ], [ -75.442117685758376, 6.386684936943625 ], [ -75.442123635777889, 6.386678512851939 ], [ -75.442130959945302, 6.386673003923646 ], [ -75.442138741822021, 6.386667036093877 ], [ -75.442145608075677, 6.386661527693325 ], [ -75.442152932038667, 6.38665556039129 ], [ -75.442161172032129, 6.386650050406923 ], [ -75.442169412229362, 6.386644998795976 ], [ -75.442176736599706, 6.386639948240751 ], [ -75.442184976388674, 6.386633979882586 ], [ -75.442193674294757, 6.386628469369922 ], [ -75.442201914287281, 6.386622959385074 ], [ -75.442209696978225, 6.38661882504861 ], [ -75.442227093197005, 6.386608720769574 ], [ -75.4422348754795, 6.386603669685793 ], [ -75.442243573792425, 6.386599075919519 ], [ -75.442251814395888, 6.386594941054599 ], [ -75.442260054795184, 6.386590347816074 ], [ -75.442267837485048, 6.386586213478926 ], [ -75.442276078088042, 6.386582078613703 ], [ -75.442285234925549, 6.386578859439389 ], [ -75.442293933645587, 6.386575182419439 ], [ -75.442310415666782, 6.386568746182194 ], [ -75.44232003041698, 6.386565526479338 ], [ -75.442328728932367, 6.386561391085404 ], [ -75.442336969534324, 6.386557256219388 ], [ -75.442345667845288, 6.386552662451735 ], [ -75.442354824069326, 6.386548068155919 ], [ -75.442363980089056, 6.386543015486487 ], [ -75.442372220690345, 6.386538880620028 ], [ -75.442380919204709, 6.386534745225394 ], [ -75.442390076040397, 6.386531526049525 ], [ -75.442398317049467, 6.386528307929687 ], [ -75.442407015767515, 6.38652463090817 ], [ -75.442416172602762, 6.386521411731909 ], [ -75.442424871320512, 6.38651773471014 ], [ -75.442434943981866, 6.386514514477375 ], [ -75.442444100816658, 6.38651129530069 ], [ -75.442453715564511, 6.386508075595736 ], [ -75.442462872603201, 6.386505314792235 ], [ -75.442471571728575, 6.386502554516734 ], [ -75.442479812736451, 6.386499336395793 ], [ -75.442488969570562, 6.386496117218422 ], [ -75.442497210578196, 6.386492899097251 ], [ -75.44250545138145, 6.386489222602504 ], [ -75.44251415030196, 6.38648600395293 ], [ -75.442523307135502, 6.386482784775043 ], [ -75.442532921882048, 6.386479565068821 ], [ -75.442541621006384, 6.386476804792307 ], [ -75.442551235956898, 6.386474043459248 ], [ -75.442559934876741, 6.386470824809008 ], [ -75.442569091913839, 6.386468064003876 ], [ -75.442578707068222, 6.386465761043806 ], [ -75.442597936968028, 6.386460238376303 ], [ -75.442608009422216, 6.386456559767169 ], [ -75.442616708136896, 6.386452882742672 ], [ -75.442625406647124, 6.386448747344616 ], [ -75.442635021800683, 6.386446444383624 ], [ -75.442644179858362, 6.386445975444499 ], [ -75.442691802820292, 6.386445920500282 ], [ -75.442700960877687, 6.386445451560157 ], [ -75.442749957577675, 6.386445395025548 ], [ -75.4427586581306, 6.386445843359616 ], [ -75.442778348392878, 6.386445820638453 ], [ -75.442788422889407, 6.386446725760191 ], [ -75.442797581559802, 6.386447631938579 ], [ -75.442807198347737, 6.386448995961766 ], [ -75.442816357222625, 6.386450360513201 ], [ -75.442825516302022, 6.386452183437867 ], [ -75.442834675585956, 6.386454464735757 ], [ -75.44284383466541, 6.386456287660065 ], [ -75.442852536036384, 6.386458569486067 ], [ -75.442862153847116, 6.38646222537511 ], [ -75.442871771453426, 6.386465422890562 ], [ -75.442881846972895, 6.386468619877298 ], [ -75.442890548548647, 6.386471360075965 ], [ -75.442908867935685, 6.386477756162506 ], [ -75.442918485746986, 6.38648141205034 ], [ -75.442927645236125, 6.386484151719748 ], [ -75.442937720551498, 6.38648689033186 ], [ -75.442946421923068, 6.386489172156072 ], [ -75.442956039120858, 6.386491452922976 ], [ -75.442965197996358, 6.386492817471516 ], [ -75.442975273516581, 6.386496014456183 ], [ -75.442984432801438, 6.386498295751092 ], [ -75.442994508117152, 6.386501034361966 ], [ -75.443013743331989, 6.38650742938704 ], [ -75.44302290302646, 6.386510627427914 ], [ -75.443032062925695, 6.386514283841946 ], [ -75.443040764707249, 6.386517482411091 ], [ -75.443049466898316, 6.386521597726781 ], [ -75.443066870871306, 6.386528911610915 ], [ -75.4430755726532, 6.386532110179371 ], [ -75.443084274639943, 6.386535767121006 ], [ -75.443092976422022, 6.386538965689118 ], [ -75.443101220291084, 6.386542164785776 ], [ -75.443109922278097, 6.386545821726898 ], [ -75.443118166556872, 6.386549937569922 ], [ -75.443126868953655, 6.38655451125739 ], [ -75.443135113437478, 6.38655908547342 ], [ -75.443142900213104, 6.38656411859138 ], [ -75.443151144901975, 6.386569151180427 ], [ -75.44315984750412, 6.386574183240534 ], [ -75.443168549901571, 6.386578756927126 ], [ -75.443176794181213, 6.386582872768993 ], [ -75.44318549637407, 6.386586988081906 ], [ -75.443194656685037, 6.386591561239155 ], [ -75.443203358673287, 6.386595218178376 ], [ -75.443211145040252, 6.386599334548392 ], [ -75.443219389320433, 6.386603450389427 ], [ -75.443228091718765, 6.386608024074787 ], [ -75.443235878495855, 6.386613057190984 ], [ -75.443242292148355, 6.38661946701354 ], [ -75.44324916330433, 6.38662495956049 ], [ -75.4432564921687, 6.386629993205132 ], [ -75.443264278741424, 6.386634567947449 ], [ -75.443272065519196, 6.386639601062932 ], [ -75.44328076791848, 6.386644174747165 ], [ -75.443289470112958, 6.386648290057908 ], [ -75.443305042849587, 6.386656522794533 ], [ -75.443313286926255, 6.386660180260402 ], [ -75.443330691316177, 6.386668410880384 ], [ -75.443339851219477, 6.386672067287858 ], [ -75.443348095296557, 6.386675724753061 ], [ -75.443356339168702, 6.386678923844808 ], [ -75.44336504115914, 6.386682580780724 ], [ -75.443375116889172, 6.386686236129509 ], [ -75.443384734706143, 6.386689892007067 ], [ -75.443393436696866, 6.386693548942416 ], [ -75.44340213889275, 6.38669766425088 ], [ -75.443410382970512, 6.386701321714895 ], [ -75.443419542874707, 6.386704978120705 ], [ -75.443428702573939, 6.386708176153042 ], [ -75.443436947267244, 6.386713208736396 ], [ -75.443446107787082, 6.386718240261475 ], [ -75.443455267896852, 6.386722355039798 ], [ -75.443463970093518, 6.386726470347003 ], [ -75.443473130613796, 6.386731501871495 ], [ -75.443482291339336, 6.386736991769056 ], [ -75.443490077915158, 6.386741566507165 ], [ -75.443498322609472, 6.386746599089291 ], [ -75.443506109595873, 6.386752090573625 ], [ -75.443514354495619, 6.386757581528688 ], [ -75.44353771484063, 6.386772680860499 ], [ -75.443545043709349, 6.386777714499957 ], [ -75.443553288609877, 6.386783205454208 ], [ -75.443561074981673, 6.386787321817704 ], [ -75.44357023529848, 6.386791894966764 ], [ -75.443586723048142, 6.386798293141586 ], [ -75.443604127856133, 6.386807440496844 ], [ -75.443620616017071, 6.386814755416863 ], [ -75.443629317805645, 6.386817953974162 ], [ -75.443638477507534, 6.386821152002042 ], [ -75.44364763659361, 6.386822974910022 ], [ -75.443656338177092, 6.386825715093559 ], [ -75.443666413295063, 6.386827995315885 ], [ -75.443677404239551, 6.386830274479432 ], [ -75.443687937476199, 6.386833012545244 ], [ -75.443696638854604, 6.386835294354789 ], [ -75.443706713972773, 6.386837574576248 ], [ -75.44371724700423, 6.386839854268166 ], [ -75.443726864209253, 6.386842135018513 ], [ -75.443735565382454, 6.386843958454109 ], [ -75.443744266966462, 6.38684669863598 ], [ -75.443753425847603, 6.38684806316868 ], [ -75.443762127020904, 6.386849886603787 ], [ -75.44377082839965, 6.386852168411941 ], [ -75.443780903312771, 6.386853990258592 ], [ -75.44379052031266, 6.386855812634416 ], [ -75.443800595225838, 6.386857634480656 ], [ -75.443810212020338, 6.386858998482874 ], [ -75.443820745052264, 6.386861278172486 ], [ -75.443830362257771, 6.386863558920707 ], [ -75.443840436965601, 6.3868649223929 ], [ -75.443849595846956, 6.386866286923765 ], [ -75.443858754933814, 6.386868109827653 ], [ -75.443867455901952, 6.386869474887624 ], [ -75.443876157281139, 6.386871756693829 ], [ -75.443894475455096, 6.386875402500402 ], [ -75.443903176423319, 6.386876767559722 ], [ -75.443912335715936, 6.386879048835763 ], [ -75.443921494391901, 6.386879954992063 ], [ -75.443931111392246, 6.386881777365053 ], [ -75.443939812154966, 6.386882684050533 ], [ -75.443949886863024, 6.38688404752044 ], [ -75.443959503657851, 6.386885411519675 ], [ -75.443969578160321, 6.386886316615996 ], [ -75.443979653073995, 6.38688813845846 ], [ -75.44398881195562, 6.386889502986676 ], [ -75.443997512718397, 6.386890409671134 ], [ -75.444006671394391, 6.386891315825845 ], [ -75.444016287983644, 6.386892221450794 ], [ -75.444026363103063, 6.386894501665448 ], [ -75.444035521984745, 6.386895866192784 ], [ -75.444044680660781, 6.386896772346783 ], [ -75.444053839542491, 6.386898136873774 ], [ -75.444063456131758, 6.386899042497798 ], [ -75.444073989370253, 6.386901780554962 ], [ -75.444083147840615, 6.386902228335085 ], [ -75.444091848603449, 6.386903135017861 ], [ -75.444110623045844, 6.386903113301315 ], [ -75.444120239635083, 6.386904018924235 ], [ -75.444181142093456, 6.386903948472008 ], [ -75.444190300563548, 6.386904396250194 ], [ -75.444220522835465, 6.386904361285713 ], [ -75.444230139218647, 6.386904808533409 ], [ -75.444239297894441, 6.386905714683837 ], [ -75.444248456364392, 6.386906162460972 ], [ -75.444257156921111, 6.386906610767754 ], [ -75.444277305513722, 6.386907504201899 ], [ -75.444286006276286, 6.386908410881299 ], [ -75.444295164540236, 6.386908400284465 ], [ -75.444305239042379, 6.386909305373992 ], [ -75.444315313132662, 6.38690929371709 ], [ -75.444325387634763, 6.386910198806212 ], [ -75.444335004223646, 6.386911104425004 ], [ -75.444345536844864, 6.386912467356938 ], [ -75.444354237607385, 6.386913374035136 ], [ -75.444363396077122, 6.386913821810174 ], [ -75.444373470785166, 6.386915185271413 ], [ -75.444383087785994, 6.386917007635463 ], [ -75.444392246461703, 6.386917913783068 ], [ -75.444402321169775, 6.386919277243711 ], [ -75.444411022138297, 6.386920642293993 ], [ -75.444420638727223, 6.386921547911109 ], [ -75.444430713435324, 6.386922911371163 ], [ -75.444439872523091, 6.386924734264046 ], [ -75.444459106113015, 6.38692746224313 ], [ -75.444468722495898, 6.386927909486227 ], [ -75.444477423258434, 6.386928816162242 ], [ -75.444487497966605, 6.386930179621122 ], [ -75.444506730732272, 6.386931074106035 ], [ -75.444516804822143, 6.386931062445098 ], [ -75.444526879118087, 6.386931509157037 ], [ -75.444537411533304, 6.386932413711771 ], [ -75.444547028122145, 6.386933319326435 ], [ -75.444557560537334, 6.386934223880743 ], [ -75.444567635245491, 6.386935587337986 ], [ -75.444576336214155, 6.38693695238532 ], [ -75.444586868835501, 6.386938315312058 ], [ -75.444606102425553, 6.386941043285369 ], [ -75.444616177133767, 6.386942406741601 ], [ -75.444625793928836, 6.386943770727775 ], [ -75.444656018672248, 6.386949236213753 ], [ -75.444665177760456, 6.386951059102353 ], [ -75.444674336436208, 6.386951965244699 ], [ -75.444683953231376, 6.386953329229706 ], [ -75.444694486059149, 6.386955150527151 ], [ -75.444713720062126, 6.386958795242246 ], [ -75.444723336857365, 6.386960159226467 ], [ -75.444732495739473, 6.386961523740756 ], [ -75.444741654827894, 6.386963346627888 ], [ -75.444750355796856, 6.386964711672081 ], [ -75.444760888418486, 6.386966074595036 ], [ -75.444778289943855, 6.386967887936532 ], [ -75.444788822359172, 6.386968792485868 ], [ -75.444797523121835, 6.386969699156196 ], [ -75.444806681591302, 6.386970146923046 ], [ -75.444827746009111, 6.386971039274264 ], [ -75.444857510363789, 6.386971004801864 ], [ -75.444867126952659, 6.386971910410267 ], [ -75.444936729749699, 6.386971829789842 ], [ -75.44494680404506, 6.386972276493304 ], [ -75.444956420427275, 6.386972723727009 ], [ -75.444966495135603, 6.386974087176053 ], [ -75.444975195898039, 6.386974993843295 ], [ -75.444984812693264, 6.386976357822414 ], [ -75.444993971368845, 6.386977263958851 ], [ -75.445002672131267, 6.386978170625604 ], [ -75.445011831219929, 6.386979993507658 ], [ -75.445020989895525, 6.386980899643588 ], [ -75.445031064397341, 6.386981804718319 ], [ -75.44504159722544, 6.386983626008263 ], [ -75.445050297987891, 6.386984532674171 ], [ -75.445068615752277, 6.386987261690354 ], [ -75.445078232134378, 6.386987708921704 ], [ -75.445096549485569, 6.38698952119092 ], [ -75.44510525045466, 6.386990886228815 ], [ -75.445113951010498, 6.386991334520637 ], [ -75.445123567392542, 6.386991781751111 ], [ -75.445142799743266, 6.386991759465614 ], [ -75.445152416125225, 6.386992206695541 ], [ -75.445162948540073, 6.386993111236968 ], [ -75.445172564715321, 6.386993100093567 ], [ -75.445182181097209, 6.38699354732293 ], [ -75.445211487535715, 6.386993513360423 ], [ -75.445220188091312, 6.386993961650424 ], [ -75.445229346353244, 6.386993951036637 ], [ -75.445238504821887, 6.386994398795623 ], [ -75.445247205584195, 6.386995305458091 ], [ -75.445256822379434, 6.386996669431891 ], [ -75.445265980848049, 6.386997117190376 ], [ -75.445285671110895, 6.386997094368766 ], [ -75.445295745405616, 6.386997541065222 ], [ -75.445305361580409, 6.386997529919324 ], [ -75.445315435875074, 6.386997976615387 ], [ -75.445325967875959, 6.386997964407558 ], [ -75.445344284812819, 6.38699885992186 ], [ -75.445352985574985, 6.386999766582476 ], [ -75.445363517575743, 6.386999754373869 ], [ -75.445372218131027, 6.387000202661246 ], [ -75.445381834719328, 6.387001108259716 ], [ -75.445391451100718, 6.387001555485091 ], [ -75.445400151655974, 6.387002003771982 ], [ -75.445409768244247, 6.387002909369912 ], [ -75.445418469006356, 6.387003816029385 ], [ -75.445439533835142, 6.387005625100814 ], [ -75.445449150423386, 6.387006530697978 ], [ -75.445459683044717, 6.387007893606047 ], [ -75.445469757752988, 6.387009257044796 ], [ -75.445480290581287, 6.387011078325307 ], [ -75.445490365289615, 6.387012441763624 ], [ -75.445499982291835, 6.387014264105558 ], [ -75.445509141381038, 6.387016086978245 ], [ -75.445519216089409, 6.387017450415962 ], [ -75.445528832884719, 6.38701881438444 ], [ -75.445538907593104, 6.387020177821745 ], [ -75.445548066475382, 6.387021542320816 ], [ -75.445558141183781, 6.387022905757727 ], [ -75.44556684194599, 6.38702381241456 ], [ -75.445575542915236, 6.387025177444105 ], [ -75.445584701590505, 6.387026083569613 ], [ -75.445594318385886, 6.38702744753679 ], [ -75.445603019355175, 6.387028812565846 ], [ -75.445611720117398, 6.387029719221881 ], [ -75.445620878792681, 6.387030625346712 ], [ -75.445631411414212, 6.387031988251059 ], [ -75.44564194424288, 6.387033809528035 ], [ -75.445651560831209, 6.387034715121224 ], [ -75.445662093452782, 6.38703607802491 ], [ -75.445670794215019, 6.387036984679895 ], [ -75.445679494770104, 6.38703743296188 ], [ -75.445688653652539, 6.387038797458297 ], [ -75.445697812120656, 6.387039245208851 ], [ -75.445706513090045, 6.38704061023605 ], [ -75.445715671765328, 6.387041516359118 ], [ -75.445725288146448, 6.387041963578035 ], [ -75.445734904734778, 6.387042869169603 ], [ -75.445744063202824, 6.387043316919309 ], [ -75.445754137704171, 6.387044221979341 ], [ -75.445764670118521, 6.387045126507997 ], [ -75.445773828379302, 6.387045115884326 ], [ -75.445782986018287, 6.38704373014201 ], [ -75.445803134191735, 6.387043706769019 ], [ -75.445812750158083, 6.387043237240623 ], [ -75.445821450298325, 6.387042768774516 ], [ -75.44583015002398, 6.387041383562623 ], [ -75.445838850164122, 6.387040915096228 ], [ -75.445986756065494, 6.387040743482969 ], [ -75.445995914117916, 6.387040274482576 ], [ -75.446004614049841, 6.387039347640632 ], [ -75.446013772309598, 6.387039337012713 ], [ -75.44602247224141, 6.387038410170471 ], [ -75.446031629878689, 6.387037024423895 ], [ -75.446040787308434, 6.387035180304384 ], [ -75.446051318269497, 6.387032876217652 ], [ -75.446061391524935, 6.387031031034939 ], [ -75.446070548954339, 6.387029186914944 ], [ -75.446080622417071, 6.387027800104656 ], [ -75.446090696087225, 6.387026871666958 ], [ -75.446099853723865, 6.387025485919247 ], [ -75.446109927601398, 6.387025015853954 ], [ -75.446177698717889, 6.387024937190027 ], [ -75.446186399478989, 6.387025843836139 ], [ -75.446196932099454, 6.387027206728606 ], [ -75.44620792263288, 6.387028569089281 ], [ -75.446251424361805, 6.387028518588217 ], [ -75.446261498861617, 6.387029423638183 ], [ -75.446272031066684, 6.387029869783586 ], [ -75.446281647861241, 6.387031233737509 ], [ -75.446290806742866, 6.387032598222889 ], [ -75.446300423745157, 6.387034420549172 ], [ -75.446309582626824, 6.387035785034194 ], [ -75.446319657542105, 6.387037606828423 ], [ -75.446328816631535, 6.387039429685804 ], [ -75.44633751801581, 6.387041711447417 ], [ -75.446346219192392, 6.387043534836153 ], [ -75.446355835987106, 6.387044898788594 ], [ -75.446366368399921, 6.387045803304694 ], [ -75.446375069368813, 6.387047168320179 ], [ -75.44638376992215, 6.387047616590083 ], [ -75.446394302334937, 6.387048521105591 ], [ -75.446404377042626, 6.387049884525333 ], [ -75.446413993629577, 6.387050790103924 ], [ -75.446423152303595, 6.387051696214083 ], [ -75.446434143252773, 6.387053975315089 ], [ -75.446444675873423, 6.387055338202226 ], [ -75.446453376634551, 6.387056244843608 ], [ -75.446463451550144, 6.387058066634828 ], [ -75.446473068552848, 6.387059888957647 ], [ -75.446482227226909, 6.387060795066705 ], [ -75.446491386108875, 6.387062159548283 ], [ -75.446501460816663, 6.387063522966012 ], [ -75.446511077195765, 6.387063970169998 ], [ -75.446521151279867, 6.387063958469261 ], [ -75.446530767866818, 6.387064864045565 ], [ -75.446541300071672, 6.387065310185249 ], [ -75.446569690671879, 6.387065277208247 ], [ -75.446579764547806, 6.387064807133677 ], [ -75.446590296336552, 6.387064336526993 ], [ -75.446598996473639, 6.387063868047809 ], [ -75.446649366891805, 6.387063809533531 ], [ -75.446658067028636, 6.387063341053359 ], [ -75.446668140904066, 6.387062870977081 ], [ -75.44668645700321, 6.387061932951966 ], [ -75.446706605169794, 6.387061909543437 ], [ -75.446715763219203, 6.387061440530287 ], [ -75.446727211249069, 6.387061885602082 ], [ -75.446737285332219, 6.387061873897119 ], [ -75.446746444005797, 6.387062780001363 ], [ -75.446756060384132, 6.387063227200732 ], [ -75.446765219057681, 6.387064133304626 ], [ -75.446772997657206, 6.38706320343593 ], [ -75.446777706055755, 6.387063412274331 ], [ -75.446786410263798, 6.387063821275848 ], [ -75.446825340282984, 6.387063598830906 ], [ -75.446834495879969, 6.387062629042316 ], [ -75.446844113884552, 6.387062574084714 ], [ -75.446854183278077, 6.387061140337635 ], [ -75.44686425487528, 6.387060165314451 ], [ -75.446873868472181, 6.387059192908142 ], [ -75.446883940069213, 6.387058217884587 ], [ -75.446894927666563, 6.387057237626693 ], [ -75.446904541263237, 6.387056265219838 ], [ -75.446913696859625, 6.387055295429898 ], [ -75.446923770660135, 6.387054779129667 ], [ -75.446932470460027, 6.387054270680583 ], [ -75.446941165852209, 6.387052844783214 ], [ -75.446951241856368, 6.387052787206527 ], [ -75.446960399656263, 6.387052276139853 ], [ -75.446969095048274, 6.387050850242037 ], [ -75.446979624644726, 6.387049872599547 ], [ -75.446999776652547, 6.387049757444498 ], [ -75.447008476451984, 6.387049248994154 ], [ -75.447019006048194, 6.38704827135088 ], [ -75.447027703643627, 6.387047304176173 ], [ -75.447036399035113, 6.387045878277276 ], [ -75.447046010426831, 6.387044447143824 ], [ -75.447055161614387, 6.38704255990338 ], [ -75.44706522880216, 6.387040667428331 ], [ -75.447074384397368, 6.387039697635658 ], [ -75.447083535584639, 6.387037810394742 ], [ -75.447092230975613, 6.387036384494971 ], [ -75.447100924162541, 6.387034499871028 ], [ -75.447118314944063, 6.387031648070796 ], [ -75.447128840131271, 6.387029752977328 ], [ -75.447137995725924, 6.387028783183587 ], [ -75.447146693320406, 6.387027816006986 ], [ -75.447155397526814, 6.387028225002318 ], [ -75.447175549532275, 6.387028109840574 ], [ -75.447184258146649, 6.387029436283458 ], [ -75.447202595783793, 6.387033001382092 ], [ -75.447212222602531, 6.38703478131379 ], [ -75.447221851625358, 6.387037019969308 ], [ -75.447231027056262, 6.387040178690022 ], [ -75.447239744487121, 6.387043340027927 ], [ -75.447248003917935, 6.387046503983049 ], [ -75.447257637349196, 6.387049660085824 ], [ -75.447274156211208, 6.387055987995253 ], [ -75.447291591073792, 6.387062310669203 ], [ -75.447310857937239, 6.387068622872672 ], [ -75.447320033368939, 6.387071781591557 ], [ -75.447328292800478, 6.387074945545188 ], [ -75.447337012436378, 6.387078565605177 ], [ -75.447346185664173, 6.387081265599535 ], [ -75.447355367708766, 6.387085800489652 ], [ -75.447363633753227, 6.387090340614573 ], [ -75.44737099041015, 6.387096262146292 ], [ -75.447378807271591, 6.387102639784335 ], [ -75.447385705928696, 6.387108563933288 ], [ -75.447399507651824, 6.387121329678759 ], [ -75.447405948309239, 6.387127256444868 ], [ -75.447412846966969, 6.387133180593312 ], [ -75.447419747829102, 6.387139563465601 ], [ -75.447425732691045, 6.387145951572888 ], [ -75.447432177757605, 6.387152795786475 ], [ -75.447438162619861, 6.387159183893556 ], [ -75.447444607686762, 6.387166028106913 ], [ -75.447451515162612, 6.387173787150489 ], [ -75.447457508842561, 6.387182010153091 ], [ -75.4474630379096, 6.3871888596013 ], [ -75.447469487385831, 6.387196621262108 ], [ -75.447475476657729, 6.387203926816458 ], [ -75.447481468134129, 6.387211691094658 ], [ -75.447487457406396, 6.387218996648789 ], [ -75.447492986474245, 6.387225846096495 ], [ -75.447498980155544, 6.387234069098331 ], [ -75.44750542963294, 6.387241830758441 ], [ -75.447511874701803, 6.387248674970522 ], [ -75.447517859566247, 6.387255063076203 ], [ -75.447523846635193, 6.387261909905733 ], [ -75.447530287295805, 6.387267836669573 ], [ -75.447536732365322, 6.387274680881198 ], [ -75.447544095639984, 6.387281978581255 ], [ -75.447551452301653, 6.387287900109324 ], [ -75.44755881116788, 6.387294280361196 ], [ -75.447565251829289, 6.38730020712442 ], [ -75.447572610695858, 6.387306587376018 ], [ -75.447579507153421, 6.387312052797331 ], [ -75.447585947815284, 6.387317979560193 ], [ -75.447593764682651, 6.387324357193633 ], [ -75.447600205344813, 6.38733028395625 ], [ -75.447607108416364, 6.38733712554885 ], [ -75.447613549078838, 6.38734305231123 ], [ -75.447621361537941, 6.387348512496231 ], [ -75.44763882727591, 6.387361257290288 ], [ -75.447646641940025, 6.387367176198707 ], [ -75.447653998603968, 6.387373097724786 ], [ -75.447661808859365, 6.387378099185055 ], [ -75.447669621319449, 6.387383559369094 ], [ -75.447678347575831, 6.387388555593384 ], [ -75.447694884088335, 6.387398553277118 ], [ -75.447702694344443, 6.387403554736599 ], [ -75.44771050239612, 6.387408097472011 ], [ -75.447718312652498, 6.387413098931187 ], [ -75.447727496910105, 6.38741809253655 ], [ -75.447736676758666, 6.387422168693904 ], [ -75.447745398606969, 6.387426247468963 ], [ -75.447761917484726, 6.387432575358786 ], [ -75.447770637128727, 6.387436195409433 ], [ -75.447796802675228, 6.387448431732021 ], [ -75.447805062114583, 6.38745159567604 ], [ -75.44781424196411, 6.387455671831738 ], [ -75.447822503608336, 6.387459294499322 ], [ -75.447831227662391, 6.387463831996528 ], [ -75.447840869922061, 6.387468822981445 ], [ -75.447850049772086, 6.387472899136379 ], [ -75.447858309212009, 6.387476063079384 ], [ -75.447866570856746, 6.387479685746115 ], [ -75.447874378910626, 6.387484228478473 ], [ -75.447883558761092, 6.387488304632694 ], [ -75.44789136461047, 6.387492388640858 ], [ -75.44790054666592, 6.387496923518587 ], [ -75.447909270721098, 6.387501461014182 ], [ -75.447919373187162, 6.387506908103114 ], [ -75.447928097242638, 6.387511445598313 ], [ -75.447936363297814, 6.387515985711425 ], [ -75.447944169147917, 6.387520069718608 ], [ -75.447952890998948, 6.387524148489426 ], [ -75.447961615054922, 6.387528685983932 ], [ -75.447969420905352, 6.387532769990645 ], [ -75.447978600757139, 6.387536846142813 ], [ -75.447987318198969, 6.387540007465222 ], [ -75.447996495846127, 6.38754362489316 ], [ -75.448004755287684, 6.387546788833371 ], [ -75.448013932935041, 6.387550406260954 ], [ -75.448022194581625, 6.387554028924682 ], [ -75.448030458433209, 6.387558110312103 ], [ -75.448038264284463, 6.387562194317553 ], [ -75.448047446342017, 6.387566729192107 ], [ -75.448055705784128, 6.387569893131354 ], [ -75.44806534143251, 6.387573507939631 ], [ -75.448074058875221, 6.387576669260315 ], [ -75.448091489350972, 6.387582074453509 ], [ -75.448100655974514, 6.387583398260108 ], [ -75.448109364597642, 6.387584724684786 ], [ -75.448118068810871, 6.387585133661651 ], [ -75.448144188065385, 6.387587736762817 ], [ -75.448153352483999, 6.387588601844602 ], [ -75.448162058902156, 6.387589469544518 ], [ -75.448172145936638, 6.387591705560798 ], [ -75.448182224151083, 6.387592106681598 ], [ -75.448191395184764, 6.387594347934116 ], [ -75.448201026423988, 6.387597045291929 ], [ -75.448219359671384, 6.387599692900804 ], [ -75.448228986500609, 6.387601472810429 ], [ -75.448238157534504, 6.387603714062032 ], [ -75.448247779953618, 6.387604576523666 ], [ -75.448256488576973, 6.387605902945694 ], [ -75.448266573406727, 6.387607680236163 ], [ -75.448275284235223, 6.387609465381657 ], [ -75.448283988448395, 6.387609874355592 ], [ -75.448294068867952, 6.387610734197896 ], [ -75.448303689081911, 6.387611137934639 ], [ -75.448314223091572, 6.387611077710524 ], [ -75.448324303511072, 6.387611937552219 ], [ -75.448372393554379, 6.387611662612331 ], [ -75.448382009357715, 6.387611148900038 ], [ -75.448391622955782, 6.387610176463795 ], [ -75.448400320552977, 6.387609209264418 ], [ -75.448409015944861, 6.38760778334113 ], [ -75.448418629542715, 6.387606810904406 ], [ -75.44842870114087, 6.387605835848962 ], [ -75.448438777149462, 6.387605778240864 ], [ -75.448447932746703, 6.387604808422163 ], [ -75.448457999934092, 6.387602915918642 ], [ -75.448467157736474, 6.38760240482338 ], [ -75.44849646976067, 6.387602237233489 ], [ -75.44850654135827, 6.387601262176571 ], [ -75.44851753336718, 6.387601199329723 ], [ -75.448528060759671, 6.387599762930023 ], [ -75.448537674356672, 6.387598790491155 ], [ -75.448555985549717, 6.387596850850209 ], [ -75.448564685351144, 6.387596342371913 ], [ -75.448574756948233, 6.387595367313712 ], [ -75.448592147729258, 6.387592515461408 ], [ -75.448600836503473, 6.387589713363843 ], [ -75.448610901483974, 6.387587362133774 ], [ -75.448619590257934, 6.387584560035935 ], [ -75.44862827462093, 6.387580840490505 ], [ -75.448637414778673, 6.387576659602503 ], [ -75.448646101346782, 6.387573398780559 ], [ -75.448655239298745, 6.387568759168571 ], [ -75.448663921455662, 6.38756458089893 ], [ -75.448672145612136, 6.387560405247924 ], [ -75.44868082997418, 6.387556685701772 ], [ -75.448689054130313, 6.387552510050547 ], [ -75.448697740697554, 6.387549249227884 ], [ -75.448707345470694, 6.387546441891245 ], [ -75.448716490037938, 6.38754317844953 ], [ -75.448726548400074, 6.387539451046361 ], [ -75.448734776966432, 6.387536192841964 ], [ -75.448743463532963, 6.387532932018647 ], [ -75.448752605894072, 6.387529209852677 ], [ -75.448761746049513, 6.38752502896287 ], [ -75.448771802205272, 6.387520842835262 ], [ -75.448806526412454, 6.387503212302184 ], [ -75.448814754977533, 6.387499954096733 ], [ -75.448823437131551, 6.387495775824911 ], [ -75.448832121490966, 6.38749205627666 ], [ -75.448841261644858, 6.387487875385712 ], [ -75.44884994820957, 6.387484614560908 ], [ -75.448859092774342, 6.387481351117072 ], [ -75.448867779338784, 6.387478090292009 ], [ -75.448877837698006, 6.387474362886387 ], [ -75.448886522056526, 6.387470643337376 ], [ -75.448905722773787, 6.387463193763232 ], [ -75.448914411543115, 6.387460391661184 ], [ -75.44892263790085, 6.387456674730621 ], [ -75.448932238258919, 6.387452949943055 ], [ -75.448941382822355, 6.387449686497986 ], [ -75.44895006717978, 6.387445966948085 ], [ -75.448959665331671, 6.387441783436426 ], [ -75.448967891688667, 6.387438066505268 ], [ -75.448976115839812, 6.387433890850335 ], [ -75.448983877579266, 6.38742880036698 ], [ -75.449001237469545, 6.387419526371259 ], [ -75.449009463825774, 6.387415809439576 ], [ -75.449018603976327, 6.387411628546055 ], [ -75.449026830332244, 6.387407911614146 ], [ -75.449035514688134, 6.387404192063081 ], [ -75.449045575249897, 6.387400923378379 ], [ -75.449054261811213, 6.387397662550704 ], [ -75.449062950578181, 6.387394860446554 ], [ -75.449072084110426, 6.387389303381306 ], [ -75.449081222054033, 6.387384663763237 ], [ -75.449088525791396, 6.387379575897757 ], [ -75.449095825117041, 6.387373570584917 ], [ -75.449103589059931, 6.387368938823833 ], [ -75.449111355208473, 6.387364765786299 ], [ -75.449120037356963, 6.387360587510448 ], [ -75.449129177505327, 6.387356406615353 ], [ -75.449139238065214, 6.387353137929146 ], [ -75.449147933448216, 6.387351711994715 ], [ -75.449157086831178, 6.387350283440997 ], [ -75.449167156214088, 6.387348849648818 ], [ -75.449176309596865, 6.387347421094786 ], [ -75.449185009391286, 6.387346912607017 ], [ -75.449202400156452, 6.387344060736566 ], [ -75.449212925333043, 6.387342165600744 ], [ -75.44922299250949, 6.387340273083918 ], [ -75.449232139274031, 6.387337468358106 ], [ -75.449241737420678, 6.387333284842085 ], [ -75.449250421773073, 6.387329565287977 ], [ -75.449267794889309, 6.387323043626633 ], [ -75.449276483653179, 6.387320241519375 ], [ -75.449286088416855, 6.387317434173495 ], [ -75.449296148974383, 6.387314165484584 ], [ -75.449316278912889, 6.38730946300066 ], [ -75.449325885881976, 6.387307114377722 ], [ -75.449335034851003, 6.387304768373918 ], [ -75.449343723613978, 6.38730196626567 ], [ -75.44935332617068, 6.387298700195084 ], [ -75.449362019345429, 6.38729681553376 ], [ -75.449371166107952, 6.387294010805791 ], [ -75.449379857076451, 6.387291667420604 ], [ -75.449389459632613, 6.387288401349433 ], [ -75.449398601982637, 6.387284679173868 ], [ -75.449409116126205, 6.387280490416522 ], [ -75.449417802682049, 6.387277229583614 ], [ -75.449426031237849, 6.387273971369954 ], [ -75.44943425758747, 6.3872702544326 ], [ -75.449443397730633, 6.387266073532797 ], [ -75.44945208207983, 6.387262353975836 ], [ -75.449460308428982, 6.387258637038141 ], [ -75.449468530365792, 6.3872540026532 ], [ -75.44947904450791, 6.387249813894677 ], [ -75.449487273062715, 6.387246555680206 ], [ -75.449496415410991, 6.387242833503207 ], [ -75.449506015758985, 6.387239108706641 ], [ -75.449524300454712, 6.387231664351955 ], [ -75.44953252680267, 6.387227947413322 ], [ -75.44954213156231, 6.38722514006331 ], [ -75.449550360116149, 6.387221881848001 ], [ -75.449559962669341, 6.387218615774144 ], [ -75.449568649222712, 6.387215354939108 ], [ -75.449577329157407, 6.38721071793329 ], [ -75.449586467091706, 6.387206078307856 ], [ -75.449596063025623, 6.387201436062796 ], [ -75.449604745165956, 6.387197257780165 ], [ -75.449613883099701, 6.387192618154348 ], [ -75.449622565239693, 6.387188439871475 ], [ -75.449631245173293, 6.387183802864943 ], [ -75.449639469313169, 6.387179627201379 ], [ -75.449648609452424, 6.387175446298619 ], [ -75.449665057731409, 6.387167094970949 ], [ -75.449674197870166, 6.387162914067821 ], [ -75.44968242421551, 6.387159197127249 ], [ -75.449690648354462, 6.387155021463032 ], [ -75.449698414493511, 6.387150848418305 ], [ -75.449707096631869, 6.387146670134294 ], [ -75.449716236769831, 6.387142489230568 ], [ -75.449725379113872, 6.387138767050235 ], [ -75.449734977251182, 6.38713458352662 ], [ -75.449743663801527, 6.387131322689163 ], [ -75.449751887939371, 6.387127147024164 ], [ -75.449761483869821, 6.387122504776635 ], [ -75.449770168213362, 6.387118785215285 ], [ -75.449779306143753, 6.387114145587131 ], [ -75.449789362279674, 6.38710995944304 ], [ -75.449807638139475, 6.387100680186064 ], [ -75.449824081999864, 6.38709141140733 ], [ -75.449831848136554, 6.387087238361016 ], [ -75.449839612066697, 6.387082606591105 ], [ -75.449847836202721, 6.3870784309249 ], [ -75.449855602338971, 6.387074257878307 ], [ -75.449863824268277, 6.3870696234884 ], [ -75.449872048403847, 6.387065447821897 ], [ -75.449879814539642, 6.387061274775017 ], [ -75.449888038674914, 6.38705709910831 ], [ -75.449896718603199, 6.387052462098258 ], [ -75.449904484738539, 6.387048289051092 ], [ -75.449912702253954, 6.387042737213604 ], [ -75.449920466182519, 6.387038105442763 ], [ -75.449928227904465, 6.387033014948347 ], [ -75.449935529420173, 6.387027468350136 ], [ -75.449942828729235, 6.387021463028372 ], [ -75.449949670038535, 6.387015460326322 ], [ -75.449956504728206, 6.387008081453767 ], [ -75.449962427831593, 6.387001625267715 ], [ -75.449967890728743, 6.38699471297795 ], [ -75.449978807696652, 6.386979053504408 ], [ -75.449985649004972, 6.38697305080208 ], [ -75.449993406312188, 6.386967042860064 ], [ -75.450001628238283, 6.386962408468572 ], [ -75.450010314783299, 6.386959147627563 ], [ -75.450019919533744, 6.38695634027023 ], [ -75.450028145872437, 6.386952623325333 ], [ -75.450037748416037, 6.386949357244245 ], [ -75.450047806752394, 6.386945629819681 ], [ -75.45005695129619, 6.386942366358148 ], [ -75.450065633427215, 6.386938188069424 ], [ -75.450074780177275, 6.386935383331084 ], [ -75.450083008721691, 6.386932125108923 ], [ -75.450092604644567, 6.386927482856592 ], [ -75.450101284568348, 6.386922845843927 ], [ -75.450116816830786, 6.386914499744825 ], [ -75.450124580755173, 6.386909867971687 ], [ -75.450131882266689, 6.386904321371489 ], [ -75.450139637364217, 6.386897854704388 ], [ -75.450146936668773, 6.386891849380601 ], [ -75.450154696179197, 6.386886300160243 ], [ -75.450168383201913, 6.386875212199098 ], [ -75.450174766506962, 6.386869212114953 ], [ -75.450182065810665, 6.386863206790828 ], [ -75.450189362907523, 6.386856742743198 ], [ -75.450195746212103, 6.386850742658893 ], [ -75.45021034481826, 6.38683873201019 ], [ -75.450217641914392, 6.386832267962308 ], [ -75.450224483217667, 6.386826265257787 ], [ -75.45023132672749, 6.386820721276633 ], [ -75.450239539821766, 6.386814251988546 ], [ -75.450246839123864, 6.386808246663818 ], [ -75.450254142839214, 6.386803158785879 ], [ -75.450261437727519, 6.38679623601416 ], [ -75.45026919723513, 6.386790686792627 ], [ -75.450276496536517, 6.386784681467621 ], [ -75.450282877632404, 6.3867782226592 ], [ -75.450288800728828, 6.386771766470773 ], [ -75.450296086789237, 6.386763008805073 ], [ -75.450302003265108, 6.386755176446305 ], [ -75.450307466155039, 6.386748264154393 ], [ -75.450312462218534, 6.386739519588843 ], [ -75.450317462695409, 6.386731692470113 ], [ -75.450322918964631, 6.386723404007886 ], [ -75.45032791944125, 6.386715576889115 ], [ -75.450333380123681, 6.386708205873672 ], [ -75.450339752390875, 6.38669991217123 ], [ -75.450346589277402, 6.386692992018911 ], [ -75.450353423956969, 6.386685613143124 ], [ -75.450360265256691, 6.386679610437514 ], [ -75.450366186144294, 6.386672695525215 ], [ -75.450372560617367, 6.386664860545965 ], [ -75.450378941710625, 6.3866584017369 ], [ -75.450385313976511, 6.38665010803417 ], [ -75.450390316658357, 6.386642739638531 ], [ -75.450394859134107, 6.386634915139576 ], [ -75.450400315401211, 6.38662662667699 ], [ -75.450405313669037, 6.386618340834486 ], [ -75.450410776556268, 6.38661142854205 ], [ -75.45041715323481, 6.386604052285939 ], [ -75.450424910530941, 6.386598044339595 ], [ -75.450432663413224, 6.386591118946382 ], [ -75.450441330086647, 6.386583729589414 ], [ -75.450450474620482, 6.386580466122743 ], [ -75.450458698742324, 6.386576290449464 ], [ -75.450467383069963, 6.386572570879311 ], [ -75.450476525396496, 6.386568848688868 ], [ -75.450485214137572, 6.386566046565243 ], [ -75.450493894050993, 6.386561409547945 ], [ -75.450502118172068, 6.386557233874109 ], [ -75.450510813533413, 6.386555807920266 ], [ -75.45051950448088, 6.386553464519527 ], [ -75.450528193221317, 6.386550662395277 ], [ -75.45053734437451, 6.386548775097431 ], [ -75.450546035321636, 6.386546431696297 ], [ -75.450566178451425, 6.386544481512398 ], [ -75.45057487601909, 6.386543514280926 ], [ -75.450584031585748, 6.386542544429054 ], [ -75.450614259521288, 6.386542371490961 ], [ -75.450624337706699, 6.386542772567897 ], [ -75.450633957893089, 6.386543176264939 ], [ -75.450642664288424, 6.386544043925779 ], [ -75.450654116470815, 6.386544437141175 ], [ -75.450663734450103, 6.386544382114294 ], [ -75.450672434224288, 6.386543873604564 ], [ -75.4506820477894, 6.386542901130645 ], [ -75.450692123767539, 6.38654284348289 ], [ -75.450701737332508, 6.386541871008617 ], [ -75.450711808896401, 6.386540895913797 ], [ -75.450720508670301, 6.386540387403277 ], [ -75.450729666443152, 6.386539876272224 ], [ -75.450739742421035, 6.386539818623548 ], [ -75.450748442194808, 6.38653931011256 ], [ -75.450757597760386, 6.386538340257689 ], [ -75.450766295326915, 6.386537373023076 ], [ -75.450788279278143, 6.38653724724236 ], [ -75.45079789504959, 6.386536733489671 ], [ -75.450807055029159, 6.386536681080599 ], [ -75.450818498382077, 6.386535239399056 ], [ -75.450827193741063, 6.386533813440124 ], [ -75.450837260889671, 6.386531920896295 ], [ -75.450847323623776, 6.386529110905648 ], [ -75.450857844356705, 6.386526298294329 ], [ -75.450867455713194, 6.386524867093775 ], [ -75.45087660024177, 6.386521603620324 ], [ -75.450885751391866, 6.386519716316664 ], [ -75.450894446750155, 6.386518290356695 ], [ -75.450903137693885, 6.386515946949976 ], [ -75.45091274242813, 6.38651313957873 ], [ -75.450920968750964, 6.386509422622384 ], [ -75.4509305801067, 6.386507991420754 ], [ -75.450939273257248, 6.386506106736798 ], [ -75.450948428821164, 6.386505136878726 ], [ -75.450958493761007, 6.386502785609439 ], [ -75.450967642702878, 6.386500439581157 ], [ -75.450976340267644, 6.386499472343218 ], [ -75.450986402999803, 6.386496662350143 ], [ -75.450996470146478, 6.386494769803474 ], [ -75.451005161089, 6.386492426395213 ], [ -75.451013858653411, 6.386491459156681 ], [ -75.451023014216659, 6.386490489297369 ], [ -75.451033081362922, 6.386488596750031 ], [ -75.451041781134478, 6.386488088234337 ], [ -75.45106192867074, 6.386487055478459 ], [ -75.45107108202626, 6.386485626895054 ], [ -75.451081151379441, 6.386484193070111 ], [ -75.451092138937682, 6.386483212726852 ], [ -75.451101756914028, 6.386483157692033 ], [ -75.451111828474367, 6.386482182589784 ], [ -75.451131522425683, 6.386482069898505 ], [ -75.451141600608139, 6.386482470965471 ], [ -75.451201598458596, 6.386482127644368 ], [ -75.451227697770449, 6.386480602088462 ], [ -75.451236855539818, 6.38648009094871 ], [ -75.45126754146213, 6.386479915352225 ], [ -75.451278989225472, 6.386479391107448 ], [ -75.451299141174104, 6.386479275788918 ], [ -75.451308756941941, 6.38647876202702 ], [ -75.451318828500945, 6.386477786920818 ], [ -75.451329362473899, 6.386477726639965 ], [ -75.451339434032761, 6.386476751533377 ], [ -75.451349052007956, 6.386476696493966 ], [ -75.451358209776672, 6.386476185352095 ], [ -75.451366909546536, 6.386475676831012 ], [ -75.451375604901031, 6.38647425086335 ], [ -75.45138476046192, 6.386473280997806 ], [ -75.451395287811494, 6.386471844545992 ], [ -75.451404438956885, 6.386469957233694 ], [ -75.451413594517533, 6.386468987367664 ], [ -75.451423663868013, 6.386467553536293 ], [ -75.45143601879694, 6.386465189153307 ], [ -75.451446088147208, 6.386463755321522 ], [ -75.451454781293279, 6.38646187062941 ], [ -75.451463936853514, 6.38646090076254 ], [ -75.451474008411225, 6.386459925653434 ], [ -75.451485911963957, 6.386458940059962 ], [ -75.451495981313741, 6.386457506227256 ], [ -75.451504681082668, 6.386456997703935 ], [ -75.451513836642505, 6.386456027836207 ], [ -75.451522531995764, 6.386454601866226 ], [ -75.451531687555459, 6.386453631998199 ], [ -75.451540385116346, 6.386452664751111 ], [ -75.451549996466881, 6.386451233538501 ], [ -75.451558691819812, 6.38644980756794 ], [ -75.451568305378004, 6.386448835078186 ], [ -75.451577916728269, 6.386447403865082 ], [ -75.451587983869359, 6.386445511307503 ], [ -75.451598053218177, 6.386444077472913 ], [ -75.451607666776013, 6.386443104982463 ], [ -75.451616364336317, 6.386442137734156 ], [ -75.451625517687404, 6.386440709141379 ], [ -75.451634673246303, 6.386439739271617 ], [ -75.451643368598496, 6.38643831329972 ], [ -75.451652519741458, 6.386436425983322 ], [ -75.451662131090941, 6.386434994768749 ], [ -75.451670826442893, 6.386433568796421 ], [ -75.451681349373814, 6.386431214892776 ], [ -75.45169050272429, 6.386429786298921 ], [ -75.451699195868031, 6.386427901602991 ], [ -75.451708347010424, 6.386426014285691 ], [ -75.451718409734198, 6.386423204279446 ], [ -75.451728012251166, 6.386419938171144 ], [ -75.451737154561343, 6.386416215960796 ], [ -75.451761840122799, 6.386406441226075 ], [ -75.451770066435031, 6.38640272425781 ], [ -75.451779206536457, 6.386398543323704 ], [ -75.451787890847072, 6.386394823733907 ], [ -75.451797491154835, 6.386391098901373 ], [ -75.451814864191292, 6.38638457716742 ], [ -75.451824008707973, 6.386381313678925 ], [ -75.451833611223137, 6.386378047568948 ], [ -75.451842295532828, 6.386374327978394 ], [ -75.451851440049055, 6.386371064489483 ], [ -75.451870645078316, 6.386364532268511 ], [ -75.451879331595464, 6.386361271400554 ], [ -75.451888473903011, 6.386357549187962 ], [ -75.451898076417109, 6.386354283076965 ], [ -75.451906760725748, 6.386350563485504 ], [ -75.451915449450425, 6.386347761340138 ], [ -75.451924591757376, 6.38634403912702 ], [ -75.451933282689922, 6.38634169570451 ], [ -75.45194289182767, 6.386339805762117 ], [ -75.451960273692222, 6.386335118916422 ], [ -75.451968962416203, 6.386332316770274 ], [ -75.451978567137189, 6.386329509381079 ], [ -75.451987711651299, 6.386326245890096 ], [ -75.451997314163805, 6.386322979777502 ], [ -75.452006000679063, 6.386319718907719 ], [ -75.452014689402375, 6.386316916760909 ], [ -75.452023373709196, 6.386313197167786 ], [ -75.45203251822258, 6.386309933676128 ], [ -75.452041206945495, 6.386307131528932 ], [ -75.452050351458595, 6.386303868037006 ], [ -75.452059498179793, 6.386301063268022 ], [ -75.452069102899358, 6.386298255877366 ], [ -75.452079167825559, 6.38629590458809 ], [ -75.452097461267002, 6.386290295049088 ], [ -75.452106610195784, 6.38628794900245 ], [ -75.452116672913192, 6.386285138989444 ], [ -75.452134966353597, 6.386279529449274 ], [ -75.452162399888252, 6.386269738968759 ], [ -75.452172460396469, 6.38626647023174 ], [ -75.452181607115904, 6.386263665460871 ], [ -75.452190298045082, 6.386261322034551 ], [ -75.452199442555923, 6.386258058540342 ], [ -75.452209503063528, 6.386254789802691 ], [ -75.452218649782438, 6.386251985031246 ], [ -75.452228254499644, 6.386249177637998 ], [ -75.452237401218269, 6.386246372866264 ], [ -75.452247463933645, 6.386243562851019 ], [ -75.452256610652015, 6.386240758078986 ], [ -75.452266213160286, 6.386237491962065 ], [ -75.452276273666811, 6.386234223223285 ], [ -75.452285420384754, 6.38623141845081 ], [ -75.452301877409752, 6.386224901946266 ], [ -75.452311015293546, 6.386220262281245 ], [ -75.452318781390431, 6.386216089204357 ], [ -75.45232745906705, 6.386210993437817 ], [ -75.452335225163608, 6.386206820360742 ], [ -75.452343900631419, 6.386201265870958 ], [ -75.452351204312336, 6.386196177969397 ], [ -75.452359419572929, 6.386190167378162 ], [ -75.452366260838218, 6.386184164652165 ], [ -75.452373104311832, 6.38617862064914 ], [ -75.452379487578455, 6.386172620544817 ], [ -75.452386328843261, 6.386166617818652 ], [ -75.452393628106236, 6.386160612470633 ], [ -75.452400469370716, 6.386154609744344 ], [ -75.452408224423166, 6.38614814305137 ], [ -75.452415065687305, 6.386142140324957 ], [ -75.452422362741046, 6.386135676253653 ], [ -75.452429666420187, 6.386130588351329 ], [ -75.452437428097468, 6.386125497827106 ], [ -75.452446103562622, 6.386119943336108 ], [ -75.452805163133561, 6.386451928387321 ], [ -75.452139716754388, 6.386761220245772 ], [ -75.451613647647008, 6.387047844161562 ], [ -75.451331564494538, 6.387192707700849 ], [ -75.451098254726347, 6.387266281520533 ], [ -75.450471191442048, 6.387497865591707 ], [ -75.450162024335242, 6.387619063911912 ], [ -75.450496219512615, 6.387694784291259 ], [ -75.450701363501281, 6.387906574111173 ], [ -75.450766261516677, 6.387942949259558 ], [ -75.450862851767397, 6.387999424484261 ], [ -75.450936758109265, 6.388055934646411 ], [ -75.451001354886316, 6.38810532652113 ], [ -75.451095904565562, 6.388157598615836 ], [ -75.451138187077817, 6.388201721507138 ], [ -75.451188788254001, 6.388272114113281 ], [ -75.451253518311077, 6.388362161729484 ], [ -75.451320320402587, 6.388466573045692 ], [ -75.451381113452484, 6.388574632824111 ], [ -75.451425091965802, 6.388695437919062 ], [ -75.451496882303971, 6.388852175143403 ], [ -75.451601068561402, 6.38911966040516 ], [ -75.451724099171329, 6.389389735356494 ], [ -75.451810769545474, 6.389636387088905 ], [ -75.451858712825583, 6.389812488632796 ], [ -75.451933001902177, 6.389946651463561 ], [ -75.452054353042172, 6.390090767773654 ], [ -75.452226225243365, 6.390275039762231 ], [ -75.452661678102004, 6.390497804620987 ], [ -75.452857320734481, 6.390554692674644 ], [ -75.452969231764541, 6.390556108978552 ], [ -75.453194724337479, 6.390494651685179 ], [ -75.453234344699695, 6.390576908432939 ], [ -75.453363312452268, 6.390401531254754 ], [ -75.453424835310344, 6.39047039271184 ], [ -75.453498888329946, 6.390548765189273 ], [ -75.453542969375192, 6.390576135618552 ], [ -75.453587050424645, 6.390603506043019 ], [ -75.453787458754078, 6.390991062132989 ], [ -75.45383035458957, 6.391116883770468 ], [ -75.454127707620557, 6.391167069945864 ], [ -75.454162245367954, 6.391416304813448 ], [ -75.454198685046293, 6.391442784882097 ], [ -75.454251169483854, 6.391458775429779 ], [ -75.454268746808765, 6.391495021147813 ], [ -75.454269388781782, 6.391545256192352 ], [ -75.454253078889352, 6.391633168705667 ], [ -75.454359036271796, 6.391613016752866 ], [ -75.454471709917101, 6.391625960712258 ], [ -75.454737008830804, 6.39172460238148 ], [ -75.454813259582039, 6.391744269020736 ], [ -75.454889510336855, 6.391763935647419 ], [ -75.454998457698792, 6.391829681642283 ], [ -75.455039521008672, 6.391859585010473 ], [ -75.455092338678099, 6.391900205564026 ], [ -75.455159413354409, 6.391996037966629 ], [ -75.455209715111764, 6.392066869412829 ], [ -75.455259927680416, 6.392104305571794 ], [ -75.455280985696319, 6.392171043751276 ], [ -75.455329726054686, 6.392260181387479 ], [ -75.455151079839311, 6.392478154878239 ], [ -75.454967601736541, 6.392613547358216 ], [ -75.454611624469607, 6.392800237934328 ], [ -75.454644923840561, 6.393136262006252 ], [ -75.454767675682902, 6.393585432866064 ], [ -75.454831194008122, 6.393813904437097 ], [ -75.454852857560368, 6.39389182685527 ], [ -75.454921155286058, 6.39400189504004 ], [ -75.455051762750401, 6.393883496766824 ], [ -75.455118542794992, 6.393805850055933 ], [ -75.455184015487887, 6.39374667533187 ], [ -75.455404776649075, 6.39353645706963 ], [ -75.455681335043934, 6.393391448275696 ], [ -75.45590362297547, 6.393217178706954 ], [ -75.456054953642436, 6.393029324815181 ], [ -75.456188923206099, 6.392925862537338 ], [ -75.456278327891781, 6.39286855360517 ], [ -75.456352766855488, 6.392827903278679 ], [ -75.45642335697525, 6.3927414028151 ], [ -75.456470794495175, 6.392720484501173 ], [ -75.456518232010509, 6.392699566183675 ], [ -75.456550237085736, 6.392674050241764 ], [ -75.456622360007984, 6.392539084361712 ], [ -75.45667104045566, 6.392479578252654 ], [ -75.456680294269347, 6.392448366450622 ], [ -75.456736244042276, 6.39242455636056 ], [ -75.456768127795087, 6.392397566772812 ], [ -75.456788069672641, 6.392369676818784 ], [ -75.45682274983227, 6.392320870722135 ], [ -75.456848771992185, 6.39228948529092 ], [ -75.456897492400316, 6.392285004038437 ], [ -75.456933595992879, 6.392280993116964 ], [ -75.456962730741864, 6.39227352016375 ], [ -75.456983586524487, 6.392263025252015 ], [ -75.457000120906272, 6.392255766993304 ], [ -75.456996612607682, 6.392253421468091 ], [ -75.457003610482843, 6.392225383692798 ], [ -75.457010433468909, 6.392213805029478 ], [ -75.45702950189775, 6.392184613632116 ], [ -75.457050320445077, 6.392160199048476 ], [ -75.45706422018074, 6.392151028010351 ], [ -75.457114368294498, 6.392134754179237 ], [ -75.457309956159889, 6.392152940721447 ], [ -75.457460373356668, 6.392168205824164 ], [ -75.457614757550118, 6.39218540457351 ], [ -75.457665369909691, 6.39219104289458 ], [ -75.457682774969371, 6.392322309376324 ], [ -75.457717534390355, 6.392406350804047 ], [ -75.457747304932141, 6.392424097550987 ], [ -75.457777094553464, 6.392448973018145 ], [ -75.457800934301559, 6.392471490685795 ], [ -75.457871254354885, 6.392537856237841 ], [ -75.457910611927645, 6.392584098444788 ], [ -75.457801355594029, 6.392640129886844 ], [ -75.457814502971885, 6.392653878835708 ], [ -75.457820019320124, 6.392785994797725 ], [ -75.457834691478524, 6.392866471552584 ], [ -75.457859517788336, 6.392882919690132 ], [ -75.457863903201641, 6.392977878470377 ], [ -75.457874344388799, 6.393019141639671 ], [ -75.457893127579453, 6.393057510231166 ], [ -75.457903732971189, 6.393196612685123 ], [ -75.457891543770927, 6.393273035002861 ], [ -75.457869785496953, 6.393345235381933 ], [ -75.457907582326712, 6.393547866369646 ], [ -75.457962246527586, 6.393854944874574 ], [ -75.458020968814239, 6.394144407172245 ], [ -75.458071600960011, 6.394299253372094 ], [ -75.458097266246313, 6.394609490682703 ], [ -75.45820784901592, 6.395323128835559 ], [ -75.458187352094299, 6.395359304218911 ], [ -75.458343860295898, 6.395571643738203 ], [ -75.458418319858779, 6.395580097769263 ], [ -75.458509927646062, 6.395536583977722 ], [ -75.458579016356396, 6.395481040906841 ], [ -75.458637817553338, 6.395467037428268 ], [ -75.458672449965007, 6.395472136753209 ], [ -75.45873309089481, 6.395497922343652 ], [ -75.458776450401899, 6.395534138632557 ], [ -75.458821688901494, 6.395608413160463 ], [ -75.458802027560068, 6.39567248780199 ], [ -75.458766551136492, 6.395712379227418 ], [ -75.458697351201351, 6.39572641060958 ], [ -75.458621290479414, 6.395750844745913 ], [ -75.458529099638568, 6.395801411506863 ], [ -75.45848304808284, 6.395837700888871 ], [ -75.458459013735606, 6.395906994442557 ], [ -75.458469221980053, 6.396005171875381 ], [ -75.458535491669053, 6.396038273807903 ], [ -75.458557967843532, 6.396026098448152 ], [ -75.458628837273096, 6.395996486048934 ], [ -75.458671475682607, 6.395982618403306 ], [ -75.45872392113975, 6.395996483492107 ], [ -75.458770907512204, 6.396044565453695 ], [ -75.458795207219737, 6.396139174426692 ], [ -75.458783193323839, 6.396210756954488 ], [ -75.458869899052146, 6.396212741352277 ], [ -75.459000711771864, 6.396226648854451 ], [ -75.45903991052667, 6.396238459638663 ], [ -75.459143857711453, 6.396263714350392 ], [ -75.459232468710965, 6.396285606118687 ], [ -75.459363702748618, 6.396326108929007 ], [ -75.459523949472498, 6.39639036501779 ], [ -75.459656959586297, 6.396458098885464 ], [ -75.459523949472498, 6.39639036501779 ], [ -75.459517915713192, 6.396679766760923 ], [ -75.459535335991959, 6.396826115842511 ], [ -75.459624773346661, 6.397156115565849 ], [ -75.459669587958587, 6.397356864285332 ], [ -75.459724520242148, 6.397520135013355 ], [ -75.459792995168812, 6.39765693045302 ], [ -75.459719294200923, 6.397661006179085 ], [ -75.459657253041613, 6.397672807061213 ], [ -75.459595211877911, 6.397684607936447 ], [ -75.459509944688477, 6.39771586127507 ], [ -75.459564590537681, 6.397839812561521 ], [ -75.459735645027834, 6.39797120714342 ], [ -75.459822083042994, 6.398070693136345 ], [ -75.459977727049733, 6.398202984336199 ], [ -75.460469274504163, 6.398439536628355 ], [ -75.460657453594052, 6.398561722015249 ], [ -75.460838129574299, 6.39868893536068 ], [ -75.46094142881212, 6.398726985022224 ], [ -75.461076843350796, 6.398669614216752 ], [ -75.461161166394774, 6.398643310215935 ], [ -75.46119498307695, 6.398666228029135 ], [ -75.461221218060771, 6.398721379815095 ], [ -75.461239762533324, 6.398770417250197 ], [ -75.461258307010297, 6.398819454683781 ], [ -75.46130042730644, 6.39891106236508 ], [ -75.461423350552806, 6.399001382777746 ], [ -75.461471611475233, 6.399097235149213 ], [ -75.461493278228801, 6.399219820173148 ], [ -75.461520434956029, 6.399401046426718 ], [ -75.461584854579201, 6.399555511322267 ], [ -75.461654449942856, 6.399722386424026 ], [ -75.461809636449445, 6.399837521897854 ], [ -75.461970113366988, 6.400007724600738 ], [ -75.462018392736809, 6.400108910484784 ], [ -75.462141852071795, 6.400190300129191 ], [ -75.462262798146213, 6.400390584254514 ], [ -75.462206676384127, 6.400546158014176 ], [ -75.46209388944078, 6.400654786638524 ], [ -75.462047089603075, 6.400772657379772 ], [ -75.461962710598456, 6.400933016966102 ], [ -75.461955260708052, 6.400977169472757 ], [ -75.4619348838593, 6.401097934852621 ], [ -75.461925802389644, 6.401225123163325 ], [ -75.461853787645438, 6.401305542317454 ], [ -75.461742569027464, 6.40141871738049 ], [ -75.461587528398653, 6.401583977429249 ], [ -75.461616190640058, 6.401729903512788 ], [ -75.461682519706358, 6.401866309244541 ], [ -75.461734706267848, 6.401999339580986 ], [ -75.461867428947912, 6.402295699277762 ], [ -75.461938356391755, 6.402389704209996 ], [ -75.461990298496133, 6.402431952515346 ], [ -75.462042240608682, 6.402474200813536 ], [ -75.462075588878818, 6.402610694584073 ], [ -75.462113471394133, 6.402673613048997 ], [ -75.462170289838511, 6.40277707552956 ], [ -75.462172759388565, 6.402819456938547 ], [ -75.462175228939785, 6.402861838347368 ], [ -75.462175294520577, 6.402886225608666 ], [ -75.46217174232936, 6.402994864060598 ], [ -75.462158369707424, 6.403123690100553 ], [ -75.462121310561315, 6.403141130325285 ], [ -75.462021111498785, 6.403246874924261 ], [ -75.461972826914092, 6.403315768054735 ], [ -75.461913661403216, 6.403428863738198 ], [ -75.461755151534987, 6.403455709732821 ], [ -75.461716139419011, 6.403470830994554 ], [ -75.461673286635474, 6.403478444802969 ], [ -75.461654677681494, 6.403528461931243 ], [ -75.461540908821874, 6.403661597473817 ], [ -75.461206097244528, 6.403998111359285 ], [ -75.461128243447476, 6.404088886453535 ], [ -75.461050389623793, 6.404179661541574 ], [ -75.460980815494011, 6.404356867334856 ], [ -75.460955735414018, 6.404365303502983 ], [ -75.460966148018969, 6.404527342565399 ], [ -75.460932923734845, 6.404634626636501 ], [ -75.460866205056007, 6.404748695685428 ], [ -75.460812900917972, 6.404849338861449 ], [ -75.460799892045443, 6.404996763404702 ], [ -75.460793711666852, 6.405191059318672 ], [ -75.460787387292228, 6.405331770987885 ], [ -75.460774324383848, 6.405459085530621 ], [ -75.460774477422987, 6.405516029927085 ], [ -75.460774900562555, 6.405673473418654 ], [ -75.460728397252495, 6.405827682946944 ], [ -75.460698443099304, 6.405904805738099 ], [ -75.460668488939234, 6.405981928529214 ], [ -75.460548564279193, 6.406250250599186 ], [ -75.460431452397259, 6.406521682479646 ], [ -75.460320642682916, 6.406464880164053 ] ] ] ] } },
{ "type": "Feature", "properties": { "FID_": 0, "Name": "Loma de los Ochoa" }, "geometry": { "type": "MultiPolygon", "coordinates": [ [ [ [ -75.452446103562608, 6.386119943336111 ], [ -75.452454783444651, 6.386115306291031 ], [ -75.45246254732993, 6.386110674489534 ], [ -75.452470767004783, 6.38610558134309 ], [ -75.452478068474363, 6.386100034717256 ], [ -75.452491746582254, 6.386087111817115 ], [ -75.452499041425625, 6.386080189022078 ], [ -75.452505420272303, 6.386073271470739 ], [ -75.45251179470165, 6.386065436473355 ], [ -75.452517715549789, 6.386058521543818 ], [ -75.452523634189177, 6.386051147891249 ], [ -75.452530010826592, 6.386043771616748 ], [ -75.452535931674234, 6.386036856687101 ], [ -75.4525427685181, 6.386029936513611 ], [ -75.452549147363598, 6.386023018961977 ], [ -75.45255643999667, 6.386015637443476 ], [ -75.452562816633204, 6.386008261168748 ], [ -75.452569191060945, 6.386000426170994 ], [ -75.452581019502304, 6.385983843973248 ], [ -75.452586935931379, 6.385976011597317 ], [ -75.452591936364016, 6.385968184465231 ], [ -75.452596478798398, 6.385960359955062 ], [ -75.452601479230779, 6.385952532822944 ], [ -75.452606477454353, 6.385944246967821 ], [ -75.452611015471078, 6.385935505011642 ], [ -75.452616927481898, 6.385926755189606 ], [ -75.45262238370313, 6.385918466712473 ], [ -75.452627844341507, 6.385911095681282 ], [ -75.45263375414315, 6.385901887136182 ], [ -75.452640128568646, 6.385894052138029 ], [ -75.452646044995916, 6.385886219761805 ], [ -75.452652868584394, 6.385876547249695 ], [ -75.452657869015255, 6.385868720117359 ], [ -75.452663325235307, 6.385860431640052 ], [ -75.452669239453215, 6.385852140540734 ], [ -75.452674235466262, 6.38584339596239 ], [ -75.452678775689847, 6.385835112728995 ], [ -75.452682860124042, 6.385827290840547 ], [ -75.452687395930013, 6.385818090161184 ], [ -75.452692389733812, 6.385808886859823 ], [ -75.452696469750251, 6.385800147525408 ], [ -75.452700551975255, 6.385791866913957 ], [ -75.45270463199148, 6.385783127579531 ], [ -75.452708251800928, 6.385773932144143 ], [ -75.45271187602772, 6.385765654154681 ], [ -75.452716411832782, 6.38575645347527 ], [ -75.452720496265968, 6.385748631586757 ], [ -75.452724574072917, 6.385739433529342 ], [ -75.452728656297168, 6.385731152917848 ], [ -75.452732276105991, 6.385721957482438 ], [ -75.452735900332158, 6.385713679492958 ], [ -75.452739980347374, 6.385704940158488 ], [ -75.452747224381767, 6.385687466733576 ], [ -75.452751299979212, 6.385677809953173 ], [ -75.452755837991816, 6.385669067996662 ], [ -75.452761296417364, 6.385661238242003 ], [ -75.45276629463622, 6.385652952386391 ], [ -75.452770837065884, 6.385645127875756 ], [ -75.452776295490992, 6.385637298121035 ], [ -75.452781295918157, 6.385629470988329 ], [ -75.452786752134244, 6.385621182510607 ], [ -75.452791294563369, 6.385613357999909 ], [ -75.452795830366128, 6.385604157320334 ], [ -75.452803078815279, 6.385587601341189 ], [ -75.45280624504197, 6.385579325973667 ], [ -75.452809862640066, 6.385569671815232 ], [ -75.452812568660121, 6.385560940346811 ], [ -75.452816642046983, 6.38555082484337 ], [ -75.452819343649367, 6.385541175929053 ], [ -75.452821591671523, 6.385532447082698 ], [ -75.452824751271478, 6.385522795546336 ], [ -75.452827455082442, 6.385513605354976 ], [ -75.452830621308507, 6.385505329987461 ], [ -75.452834241114644, 6.385496134551989 ], [ -75.452837407340539, 6.385487859184471 ], [ -75.452840566940083, 6.385478207648111 ], [ -75.452843272959427, 6.385469476179717 ], [ -75.45284506077472, 6.385460291232508 ], [ -75.4528473065876, 6.38545110366324 ], [ -75.452850012606774, 6.38544237219485 ], [ -75.452852709790847, 6.385431805834684 ], [ -75.452854953394791, 6.385422159542484 ], [ -75.452856739001106, 6.385412515872354 ], [ -75.452858529024923, 6.385403789648115 ], [ -75.452860770419989, 6.385393684632983 ], [ -75.452863018441278, 6.385384955786694 ], [ -75.452866175831318, 6.385374845527433 ], [ -75.452867507857434, 6.385366121925278 ], [ -75.45286975366983, 6.385356934356055 ], [ -75.4528724574797, 6.385347744164765 ], [ -75.452874703291982, 6.385338556595547 ], [ -75.452877865099239, 6.385329363782193 ], [ -75.452880566700131, 6.385319714867974 ], [ -75.452883272718495, 6.385310983399637 ], [ -75.452886432316745, 6.38530133186335 ], [ -75.452890003528253, 6.385282044523221 ], [ -75.452890877556598, 6.385273323543193 ], [ -75.452893118950968, 6.385263218528124 ], [ -75.452894450976729, 6.38525449492603 ], [ -75.452896696788557, 6.385245307356853 ], [ -75.452898940391577, 6.385235661064741 ], [ -75.452901181785776, 6.385225556049698 ], [ -75.452902507185144, 6.385215456278797 ], [ -75.452904292790635, 6.38520581260877 ], [ -75.452906082813641, 6.385197086384629 ], [ -75.45290787062784, 6.385187901437556 ], [ -75.45290965181573, 6.385177340321667 ], [ -75.452911893209716, 6.385167235306651 ], [ -75.452913216400177, 6.385156676812842 ], [ -75.452916373788725, 6.385146566553702 ], [ -75.45291724119059, 6.385136469404904 ], [ -75.452918106383706, 6.385125913533177 ], [ -75.452917912013064, 6.385085545914524 ], [ -75.452917409840751, 6.385076374077784 ], [ -75.452917312655799, 6.385056190268424 ], [ -75.452918182266615, 6.385046551842567 ], [ -75.452918040907065, 6.385017193574376 ], [ -75.452917540943815, 6.385008480460543 ], [ -75.452917494560339, 6.38499884727878 ], [ -75.452916076394061, 6.384989680686071 ], [ -75.452915111807599, 6.384979594025426 ], [ -75.452914145012471, 6.384969048641825 ], [ -75.452912724637727, 6.384959423326124 ], [ -75.452911766677673, 6.384950712834267 ], [ -75.452911260088683, 6.384940623551538 ], [ -75.452911215914312, 6.384931449092665 ], [ -75.45291208552554, 6.384921810666802 ], [ -75.452912041351212, 6.384912636207926 ], [ -75.452913829165425, 6.384903451260967 ], [ -75.45291515677377, 6.384893810213089 ], [ -75.452916026384997, 6.384884171787237 ], [ -75.452917353993328, 6.384874530739369 ], [ -75.452917767816203, 6.384865353658476 ], [ -75.452917723642003, 6.384856179199604 ], [ -75.452917798997277, 6.384855427311505 ], [ -75.452899307490071, 6.384729910523156 ], [ -75.452869763114336, 6.384494044368106 ], [ -75.45285449483471, 6.384359478945017 ], [ -75.452860287016009, 6.384227117394545 ], [ -75.45286719741199, 6.384141399444204 ], [ -75.452871979725131, 6.384003074162259 ], [ -75.452868535449312, 6.383965205595453 ], [ -75.452857932572186, 6.383919852878752 ], [ -75.452843351590602, 6.38387369716061 ], [ -75.452724945858932, 6.383556888269486 ], [ -75.452698056971414, 6.383469813977676 ], [ -75.452681393601964, 6.383422126991344 ], [ -75.452670794131478, 6.383378039860017 ], [ -75.452655121383827, 6.383329084626839 ], [ -75.45264725252018, 6.383292403047663 ], [ -75.452632387503172, 6.383241366452064 ], [ -75.45262952490458, 6.383218321987276 ], [ -75.452630870580933, 6.38318071185125 ], [ -75.452628885131602, 6.383147721009359 ], [ -75.452622044914762, 6.383124054339969 ], [ -75.452610397454691, 6.383093620451642 ], [ -75.452596307571, 6.383062198666263 ], [ -75.452585100855131, 6.383027605185636 ], [ -75.452576444014653, 6.383000417740641 ], [ -75.452570125280388, 6.382968975248766 ], [ -75.452566620046454, 6.382942135679321 ], [ -75.452561899917583, 6.382900202485541 ], [ -75.452516723681057, 6.382766349499808 ], [ -75.452504433357575, 6.38273203010249 ], [ -75.452494019705611, 6.382689840872948 ], [ -75.452483894467136, 6.382654159701 ], [ -75.452475036224627, 6.382619198356248 ], [ -75.452466727855992, 6.382587128358059 ], [ -75.452460141180396, 6.382556861780462 ], [ -75.452420363506761, 6.382448216095481 ], [ -75.452413249341717, 6.382423465344009 ], [ -75.452406127478383, 6.382395821800846 ], [ -75.452401790959883, 6.382362204413444 ], [ -75.452394577052488, 6.382333928312314 ], [ -75.452385389135941, 6.382310900690649 ], [ -75.452375931337301, 6.382288325789355 ], [ -75.452369069979483, 6.382256703934371 ], [ -75.452360148581036, 6.382231957994634 ], [ -75.45235465083563, 6.382203406119716 ], [ -75.452353134793398, 6.382177013248194 ], [ -75.452344454652035, 6.382141057018484 ], [ -75.45234310441937, 6.382109058881787 ], [ -75.452337882334533, 6.382082223879015 ], [ -75.452332656641943, 6.382054032880018 ], [ -75.452328107896932, 6.382008573605862 ], [ -75.452314098720819, 6.38193954502965 ], [ -75.452305684623653, 6.38190168968105 ], [ -75.452296834354925, 6.381869711518252 ], [ -75.452291225571102, 6.381833385503888 ], [ -75.452284997485535, 6.381802033159453 ], [ -75.452282976239744, 6.381755572747636 ], [ -75.452282609895022, 6.381719775173079 ], [ -75.452284325242829, 6.381685237659813 ], [ -75.452286493362692, 6.381651060542251 ], [ -75.452286610821915, 6.381627284929626 ], [ -75.452276204204367, 6.381587717277804 ], [ -75.45226491369452, 6.381555564810494 ], [ -75.452262176536749, 6.381511727915183 ], [ -75.452253663435684, 6.381470618412797 ], [ -75.452240559680305, 6.381436210763173 ], [ -75.452221998298924, 6.381354357445361 ], [ -75.452142835562228, 6.381012764384702 ], [ -75.452101131800148, 6.380825385019426 ], [ -75.452092982707825, 6.380717287850449 ], [ -75.452102538389795, 6.380674774225994 ], [ -75.45219785967123, 6.380317412824851 ], [ -75.452212859706663, 6.380262977933812 ], [ -75.452225157430362, 6.380198218514626 ], [ -75.452251625399938, 6.380161174285913 ], [ -75.452278680988712, 6.380141214164722 ], [ -75.452297954170291, 6.380117025945896 ], [ -75.452302571841216, 6.380103498793546 ], [ -75.452629057872286, 6.380496248756131 ], [ -75.453030000912591, 6.380590973061856 ], [ -75.453370062634988, 6.380720692867027 ], [ -75.45386721652028, 6.380963202882759 ], [ -75.45475883941009, 6.381529591624566 ], [ -75.455430903854662, 6.38203288502348 ], [ -75.455622955976963, 6.3821891231887 ], [ -75.455983620415822, 6.382826328919635 ], [ -75.456246311100912, 6.383339422070338 ], [ -75.456395345188483, 6.383696067861703 ], [ -75.456623147497112, 6.384191836920633 ], [ -75.45665686394058, 6.384222315953627 ], [ -75.45696311031017, 6.384336943918671 ], [ -75.457076765589022, 6.384482621672996 ], [ -75.456553723569158, 6.384825109254691 ], [ -75.456103660437606, 6.385118674382638 ], [ -75.455860221279025, 6.385216778945638 ], [ -75.455226895496054, 6.38532810672557 ], [ -75.454873920993137, 6.385475230465588 ], [ -75.454533423706707, 6.385731956590882 ], [ -75.454470632708663, 6.385861989187314 ], [ -75.454495448072677, 6.385974236995963 ], [ -75.454522565317163, 6.386194034072033 ], [ -75.454529601583545, 6.386361830157584 ], [ -75.454549938331553, 6.386592109997835 ], [ -75.45455098337122, 6.386853017557757 ], [ -75.454530007220512, 6.387217279903856 ], [ -75.454782339527256, 6.387445219078185 ], [ -75.454944988362939, 6.387716249880559 ], [ -75.455135106058478, 6.388077594350422 ], [ -75.456134400392671, 6.388155110491518 ], [ -75.456103992698928, 6.388353076501486 ], [ -75.456094139453285, 6.388454095428353 ], [ -75.456063525263176, 6.388574760900636 ], [ -75.455989684156918, 6.388717157890852 ], [ -75.455925095759937, 6.388844090173831 ], [ -75.455879016358111, 6.388974086282824 ], [ -75.455888392893868, 6.389004966469346 ], [ -75.455947167546512, 6.389004809348798 ], [ -75.45602438741561, 6.388967496359674 ], [ -75.456116995867603, 6.388908526261829 ], [ -75.456218922961796, 6.388858769905132 ], [ -75.456348696664193, 6.388812052375322 ], [ -75.456484591926468, 6.388737475884318 ], [ -75.456583511920101, 6.388721771370766 ], [ -75.456713508631466, 6.388758530223864 ], [ -75.456849759117077, 6.388816888261203 ], [ -75.456951983652885, 6.388878450588194 ], [ -75.457035763075297, 6.388977168772162 ], [ -75.457085582589755, 6.389103795042599 ], [ -75.457141490663247, 6.389190210486702 ], [ -75.457231391794011, 6.38926109499675 ], [ -75.457336640004399, 6.389294806574325 ], [ -75.457377033388497, 6.389371999522488 ], [ -75.457302928117301, 6.389415480355765 ], [ -75.457173038687671, 6.389418915933223 ], [ -75.457043165828139, 6.389428552730349 ], [ -75.456947302458076, 6.389428809216702 ], [ -75.456863737844031, 6.389410479514701 ], [ -75.45679261481321, 6.389410669783627 ], [ -75.456696798659095, 6.389444919330323 ], [ -75.456672256666877, 6.389519198056266 ], [ -75.456644435435209, 6.389567435507174 ], [ -75.456664986995776, 6.38957321487999 ], [ -75.456707604092671, 6.389571192466527 ], [ -75.456739189392209, 6.389569801602273 ], [ -75.456769956975293, 6.389569719294961 ], [ -75.456807824508829, 6.38957198524187 ], [ -75.456848071292256, 6.389576606225619 ], [ -75.456877703644309, 6.389596636883486 ], [ -75.456908808474182, 6.389622824294501 ], [ -75.456939621616598, 6.389641668163584 ], [ -75.456978712918001, 6.389656939006531 ], [ -75.457018954676627, 6.389661562911127 ], [ -75.457066287484793, 6.389661436261366 ], [ -75.457098240310174, 6.38966371801156 ], [ -75.457124278416032, 6.389666012664347 ], [ -75.457152728704656, 6.389684862841146 ], [ -75.457178852206638, 6.389719094675135 ], [ -75.457217178890289, 6.389776253248968 ], [ -75.457288406491003, 6.389862408788663 ], [ -75.457346622022285, 6.389950963466287 ], [ -75.457386961867485, 6.389992256059982 ], [ -75.457426494386908, 6.390018017562411 ], [ -75.457469104064316, 6.390022632164319 ], [ -75.457519980552362, 6.390021315278193 ], [ -75.457585000579968, 6.389999850597586 ], [ -75.457639321332351, 6.389958304624137 ], [ -75.457690039606334, 6.389897844910378 ], [ -75.457736036597538, 6.389840945784739 ], [ -75.457786814969339, 6.38980296015861 ], [ -75.457835266564985, 6.389780356187032 ], [ -75.457952152560793, 6.389775305812256 ], [ -75.4580056553784, 6.389815978599525 ], [ -75.458043580489374, 6.389903783808989 ], [ -75.458072112958703, 6.390004172273577 ], [ -75.458147761640376, 6.390104437478461 ], [ -75.458235928291799, 6.390188969312733 ], [ -75.458315042062395, 6.390239840303748 ], [ -75.458381163731431, 6.390302456653341 ], [ -75.458400165838242, 6.390362057491702 ], [ -75.458394106859259, 6.390443702876724 ], [ -75.458391164763398, 6.39051905939802 ], [ -75.458397727019516, 6.390567094039739 ], [ -75.458448057613282, 6.390595217146093 ], [ -75.458510990183242, 6.390639000465406 ], [ -75.458561366172518, 6.390685959133542 ], [ -75.458599199020355, 6.390739231914457 ], [ -75.458633921718601, 6.390805068206627 ], [ -75.458671830229378, 6.39088659578161 ], [ -75.458700245235931, 6.390943032579118 ], [ -75.458738027681875, 6.390977466858947 ], [ -75.458814135272377, 6.3909837070928 ], [ -75.458898965068016, 6.390996040792153 ], [ -75.45897442069365, 6.39102409357606 ], [ -75.459062495151585, 6.391074089936749 ], [ -75.459175728237398, 6.391136576944334 ], [ -75.459219843687293, 6.391189832817624 ], [ -75.45921999504607, 6.391246342410112 ], [ -75.459191827205146, 6.391284095145774 ], [ -75.459112930682366, 6.391303142320687 ], [ -75.459065802627933, 6.39129699105192 ], [ -75.459009177656512, 6.39126260730852 ], [ -75.458936806911211, 6.391212568858254 ], [ -75.458877060032023, 6.391184471053883 ], [ -75.458757695765414, 6.391178513336267 ], [ -75.45864774432448, 6.391169388650826 ], [ -75.45856601458037, 6.391144491425865 ], [ -75.458506208895002, 6.391094419236551 ], [ -75.458455732012084, 6.391009786522946 ], [ -75.45839900625856, 6.390937728647155 ], [ -75.45833602322223, 6.390875103911471 ], [ -75.458269687235699, 6.390843504946338 ], [ -75.458194261893894, 6.390824868352661 ], [ -75.458102984952603, 6.390752902973005 ], [ -75.458030597552153, 6.390696586811889 ], [ -75.457970884368478, 6.390681046897034 ], [ -75.457942733240685, 6.390725077126244 ], [ -75.457927357127943, 6.390847560595277 ], [ -75.457921419058863, 6.390976299305813 ], [ -75.457943590134917, 6.391045310991342 ], [ -75.458000265437889, 6.391098530439293 ], [ -75.458085192716538, 6.391145396617179 ], [ -75.458119795039266, 6.391162497177375 ], [ -75.458157644695177, 6.391222047539683 ], [ -75.458186168912775, 6.391319297198886 ], [ -75.458227199340641, 6.391394535934768 ], [ -75.458280752787459, 6.39145404421416 ], [ -75.458356233685734, 6.391491516324096 ], [ -75.458478820838081, 6.39152886513384 ], [ -75.458601399583245, 6.391563069292332 ], [ -75.458648924879498, 6.39159526510905 ], [ -75.458693006700528, 6.391635960092819 ], [ -75.458727779946457, 6.391720637766139 ], [ -75.45874682421092, 6.391795935355822 ], [ -75.458750237010833, 6.391896391043829 ], [ -75.458744282375619, 6.392018849249027 ], [ -75.45868163543399, 6.392081810584783 ], [ -75.458574920042821, 6.392107212771896 ], [ -75.458436699582947, 6.392098163835064 ], [ -75.458323558768456, 6.392070211968433 ], [ -75.458231379782291, 6.392032144572874 ], [ -75.45812444587375, 6.391975921017409 ], [ -75.458017582561155, 6.391947949335384 ], [ -75.45791706563503, 6.391941940973862 ], [ -75.457873210672005, 6.391986010351092 ], [ -75.457840963598116, 6.392035530056766 ], [ -75.457758168530958, 6.391987904831216 ], [ -75.457644718697452, 6.391866416852268 ], [ -75.457539889136044, 6.391714457252634 ], [ -75.457456721264407, 6.391527642054533 ], [ -75.457395401250409, 6.391375566225596 ], [ -75.457351962172069, 6.391401781008709 ], [ -75.45738261635239, 6.391475644096208 ], [ -75.457439748449474, 6.391688627197371 ], [ -75.457623708832742, 6.392144854898522 ], [ -75.457614757550118, 6.39218540457351 ], [ -75.457460373356668, 6.392168205824164 ], [ -75.457309956159889, 6.392152940721447 ], [ -75.457114368294498, 6.392134754179237 ], [ -75.45706422018074, 6.392151028010351 ], [ -75.457050320445077, 6.392160199048476 ], [ -75.45702950189775, 6.392184613632116 ], [ -75.457010433468909, 6.392213805029478 ], [ -75.457003610482843, 6.392225383692798 ], [ -75.456996612607682, 6.392253421468091 ], [ -75.457000120906272, 6.392255766993304 ], [ -75.456983586524487, 6.392263025252015 ], [ -75.456962730741864, 6.39227352016375 ], [ -75.456933595992879, 6.392280993116964 ], [ -75.456897492400316, 6.392285004038437 ], [ -75.456848771992185, 6.39228948529092 ], [ -75.45682274983227, 6.392320870722135 ], [ -75.456788069672641, 6.392369676818784 ], [ -75.456768127795087, 6.392397566772812 ], [ -75.456736244042276, 6.39242455636056 ], [ -75.456680294269347, 6.392448366450622 ], [ -75.45667104045566, 6.392479578252654 ], [ -75.456622360007984, 6.392539084361712 ], [ -75.456550237085736, 6.392674050241764 ], [ -75.456518232010509, 6.392699566183675 ], [ -75.456470794495175, 6.392720484501173 ], [ -75.45642335697525, 6.3927414028151 ], [ -75.456352766855488, 6.392827903278679 ], [ -75.456278327891781, 6.39286855360517 ], [ -75.456188923206099, 6.392925862537338 ], [ -75.456054953642436, 6.393029324815181 ], [ -75.45590362297547, 6.393217178706954 ], [ -75.455681335043934, 6.393391448275696 ], [ -75.455404776649075, 6.39353645706963 ], [ -75.455184015487887, 6.39374667533187 ], [ -75.455118542794992, 6.393805850055933 ], [ -75.455051762750401, 6.393883496766824 ], [ -75.454921155286058, 6.39400189504004 ], [ -75.454852857560368, 6.39389182685527 ], [ -75.454831194008122, 6.393813904437097 ], [ -75.454767675682902, 6.393585432866064 ], [ -75.454644923840561, 6.393136262006252 ], [ -75.454611624469607, 6.392800237934328 ], [ -75.454967601736541, 6.392613547358216 ], [ -75.455151079839311, 6.392478154878239 ], [ -75.455329726054686, 6.392260181387479 ], [ -75.455280985696319, 6.392171043751276 ], [ -75.455259927680416, 6.392104305571794 ], [ -75.455209715111764, 6.392066869412829 ], [ -75.455159413354409, 6.391996037966629 ], [ -75.455092338678099, 6.391900205564026 ], [ -75.455039521008672, 6.391859585010473 ], [ -75.454998457698792, 6.391829681642283 ], [ -75.454889510336855, 6.391763935647419 ], [ -75.454813259582039, 6.391744269020736 ], [ -75.454737008830804, 6.39172460238148 ], [ -75.454471709917101, 6.391625960712258 ], [ -75.454359036271796, 6.391613016752866 ], [ -75.454253078889352, 6.391633168705667 ], [ -75.454269388781782, 6.391545256192352 ], [ -75.454268746808765, 6.391495021147813 ], [ -75.454251169483854, 6.391458775429779 ], [ -75.454198685046293, 6.391442784882097 ], [ -75.454162245367954, 6.391416304813448 ], [ -75.454127707620557, 6.391167069945864 ], [ -75.45383035458957, 6.391116883770468 ], [ -75.453787458754078, 6.390991062132989 ], [ -75.453587050424645, 6.390603506043019 ], [ -75.453542969375192, 6.390576135618552 ], [ -75.453498888329946, 6.390548765189273 ], [ -75.453424835310344, 6.39047039271184 ], [ -75.453363312452268, 6.390401531254754 ], [ -75.453234344699695, 6.390576908432939 ], [ -75.453194724337479, 6.390494651685179 ], [ -75.452969231764541, 6.390556108978552 ], [ -75.452857320734481, 6.390554692674644 ], [ -75.452661678102004, 6.390497804620987 ], [ -75.452226225243365, 6.390275039762231 ], [ -75.452054353042172, 6.390090767773654 ], [ -75.451933001902177, 6.389946651463561 ], [ -75.451858712825583, 6.389812488632796 ], [ -75.451810769545474, 6.389636387088905 ], [ -75.451724099171329, 6.389389735356494 ], [ -75.451601068561402, 6.38911966040516 ], [ -75.451496882303971, 6.388852175143403 ], [ -75.451425091965802, 6.388695437919062 ], [ -75.451381113452484, 6.388574632824111 ], [ -75.451320320402587, 6.388466573045692 ], [ -75.451253518311077, 6.388362161729484 ], [ -75.451188788254001, 6.388272114113281 ], [ -75.451138187077817, 6.388201721507138 ], [ -75.451095904565562, 6.388157598615836 ], [ -75.451001354886316, 6.38810532652113 ], [ -75.450936758109265, 6.388055934646411 ], [ -75.450862851767397, 6.387999424484261 ], [ -75.450766261516677, 6.387942949259558 ], [ -75.450701363501281, 6.387906574111173 ], [ -75.450496219512615, 6.387694784291259 ], [ -75.450162024335242, 6.387619063911912 ], [ -75.450471191442048, 6.387497865591707 ], [ -75.451098254726347, 6.387266281520533 ], [ -75.451331564494538, 6.387192707700849 ], [ -75.451613647647008, 6.387047844161562 ], [ -75.452139716754388, 6.386761220245772 ], [ -75.452805163133561, 6.386451928387321 ], [ -75.452446103562608, 6.386119943336111 ] ] ] ] } },
{ "type": "Feature", "properties": { "FID_": 0, "Name": "San Diego" }, "geometry": { "type": "MultiPolygon", "coordinates": [ [ [ [ -75.422861674476451, 6.382156426477589 ], [ -75.422960230738255, 6.382063983623158 ], [ -75.423099258119308, 6.381880269127056 ], [ -75.423211980965164, 6.38187973158239 ], [ -75.42323644878725, 6.381908930352665 ], [ -75.423309878198793, 6.382006280716807 ], [ -75.423378289251858, 6.382049996110541 ], [ -75.423432052486916, 6.382088872460941 ], [ -75.423617594333763, 6.382151790982886 ], [ -75.423756340582585, 6.382157071246519 ], [ -75.423658140583342, 6.381896043086932 ], [ -75.423584936938724, 6.381648686227878 ], [ -75.423572363408368, 6.381438331357723 ], [ -75.423535141600695, 6.381136935604333 ], [ -75.423528191752993, 6.380996700740494 ], [ -75.423758144473496, 6.380899462643297 ], [ -75.423894526367462, 6.380818779951921 ], [ -75.42396268706122, 6.380766389051743 ], [ -75.423998832597491, 6.380762278718822 ], [ -75.424131448009092, 6.380777998549619 ], [ -75.424190620091906, 6.380758890285502 ], [ -75.424230844926186, 6.380738651629052 ], [ -75.424406888084235, 6.380672758455803 ], [ -75.424542758488954, 6.380647237057843 ], [ -75.424713911190651, 6.380636723643506 ], [ -75.424915245867922, 6.380616064771449 ], [ -75.425051116204401, 6.380590543021285 ], [ -75.42515185354614, 6.380536650451185 ], [ -75.425159950470004, 6.380444955048278 ], [ -75.425147218099298, 6.380357480990718 ], [ -75.425143139041523, 6.380277072259035 ], [ -75.425216974736742, 6.38029456915871 ], [ -75.4252505100024, 6.380312509227986 ], [ -75.425284045270075, 6.380330449294584 ], [ -75.42530158401604, 6.380334158743982 ], [ -75.425497204818669, 6.380201925229826 ], [ -75.425577337164214, 6.380102759433941 ], [ -75.425600746730211, 6.380066144482095 ], [ -75.425660596932033, 6.379982436526776 ], [ -75.425739952170005, 6.379984226773594 ], [ -75.425828564255525, 6.379981723747068 ], [ -75.42586484930365, 6.379954368688862 ], [ -75.425895919510481, 6.379924695276523 ], [ -75.42592698971373, 6.379895021863027 ], [ -75.425923864039561, 6.37984703546968 ], [ -75.42587197037615, 6.379743137242011 ], [ -75.425826513529017, 6.379673619148608 ], [ -75.425805381053166, 6.379583146504475 ], [ -75.42580859110771, 6.379478683158378 ], [ -75.425829413253098, 6.37937418340282 ], [ -75.425835680375215, 6.379322976674315 ], [ -75.42587407423234, 6.379319677007148 ], [ -75.425896484009769, 6.379322817920404 ], [ -75.425979739505195, 6.379341796867544 ], [ -75.426050177341622, 6.37935441063524 ], [ -75.426094921769121, 6.379331898036152 ], [ -75.426127715742126, 6.379209330638961 ], [ -75.426148640565387, 6.379069407107222 ], [ -75.426161593007393, 6.379062470062447 ], [ -75.426244473951527, 6.379118248905415 ], [ -75.426292899983309, 6.379165012237412 ], [ -75.426360079196684, 6.379155238722871 ], [ -75.426401615087585, 6.379129535059683 ], [ -75.426414340728144, 6.379100707220672 ], [ -75.426448202516724, 6.378992297679561 ], [ -75.426477563774014, 6.378924299984014 ], [ -75.426558701485519, 6.378888650907293 ], [ -75.42659558573061, 6.378873789111553 ], [ -75.426633870173518, 6.378829392864453 ], [ -75.42664554648772, 6.378776206704655 ], [ -75.426639461516345, 6.378708301385777 ], [ -75.42661863077528, 6.378649294002584 ], [ -75.426621515259441, 6.378622708638266 ], [ -75.426631838141361, 6.378616775536546 ], [ -75.426665791814202, 6.378610780706987 ], [ -75.426698253146, 6.378598883530435 ], [ -75.42672184907606, 6.378585532977032 ], [ -75.426733645201367, 6.378578119490904 ], [ -75.426825283180875, 6.378604457923225 ], [ -75.426964047733762, 6.378655777356298 ], [ -75.427011757389721, 6.378881137675182 ], [ -75.427059467107171, 6.379106497979012 ], [ -75.427194944647852, 6.379395473525958 ], [ -75.4273945175877, 6.379753562423383 ], [ -75.427524838756995, 6.380002619656256 ], [ -75.427723905228049, 6.380022316190986 ], [ -75.427986617650006, 6.38002162902103 ], [ -75.428084485096448, 6.379985760264441 ], [ -75.428195559293982, 6.379891985689176 ], [ -75.428264565767336, 6.379812724530777 ], [ -75.428009245125907, 6.379697941300164 ], [ -75.427982642311434, 6.379710529464416 ], [ -75.427949183408202, 6.379680154589364 ], [ -75.427972684937089, 6.379654245021946 ], [ -75.427911025213618, 6.379476982093252 ], [ -75.42770782445443, 6.379103832617587 ], [ -75.427538475371932, 6.378840322120142 ], [ -75.427357155898378, 6.378537950796887 ], [ -75.427294449937477, 6.378420594219226 ], [ -75.427362237429975, 6.37843584060386 ], [ -75.427596875709199, 6.37853444654972 ], [ -75.427434923783508, 6.378303678280239 ], [ -75.427342722451158, 6.378132687757269 ], [ -75.427285327018254, 6.377942998228983 ], [ -75.427214448104181, 6.377836413662997 ], [ -75.427255208695684, 6.377699076396502 ], [ -75.427325032890593, 6.377473805629193 ], [ -75.427354096501602, 6.377385872127898 ], [ -75.427401338287922, 6.377133330613129 ], [ -75.427426532763391, 6.376984061643255 ], [ -75.427494437325819, 6.376813050170824 ], [ -75.427606153748144, 6.376593114180299 ], [ -75.427789101327164, 6.376271071331817 ], [ -75.427547083449937, 6.376283391699181 ], [ -75.427320669046907, 6.376295302677341 ], [ -75.427259947871818, 6.376166657076936 ], [ -75.427191620731477, 6.376015910155395 ], [ -75.427153495951146, 6.375868857166665 ], [ -75.427251769583819, 6.375815625895886 ], [ -75.427345924134244, 6.375739917233793 ], [ -75.427402279148197, 6.375641668482144 ], [ -75.427420715873666, 6.375475602124882 ], [ -75.42737102176126, 6.375468782758567 ], [ -75.427305106933886, 6.375476279154729 ], [ -75.427159356220415, 6.375331474691875 ], [ -75.427018982535145, 6.375385642013205 ], [ -75.427002489428787, 6.375250580893026 ], [ -75.426990508469714, 6.375199287508174 ], [ -75.426867903529995, 6.375128542776391 ], [ -75.426765115977943, 6.375085382645078 ], [ -75.426701798073722, 6.375034223283029 ], [ -75.426670113380396, 6.374998773644779 ], [ -75.426654234843767, 6.374967230639398 ], [ -75.426654162756307, 6.374939594447458 ], [ -75.426665814128128, 6.37486455104875 ], [ -75.42668938462063, 6.374817112913052 ], [ -75.42676031234754, 6.374757707077386 ], [ -75.426823475727986, 6.374749646005533 ], [ -75.426923552450234, 6.374738928758624 ], [ -75.426973820058024, 6.374729995043036 ], [ -75.427004286052949, 6.374712969422907 ], [ -75.427058393974079, 6.37466199011272 ], [ -75.427098994656632, 6.374631381171016 ], [ -75.427154691402166, 6.374539727150228 ], [ -75.427240854099537, 6.374431047498124 ], [ -75.427217442420641, 6.374553120123157 ], [ -75.427226870943841, 6.374736407206334 ], [ -75.427295740840151, 6.374706868311142 ], [ -75.427323900274985, 6.374733600809448 ], [ -75.427334207878431, 6.374769315342568 ], [ -75.427324160106423, 6.374833165576606 ], [ -75.42740488599712, 6.374814547791073 ], [ -75.427461046081206, 6.37484865820896 ], [ -75.427470472377607, 6.374879776353378 ], [ -75.427514164421382, 6.374910804984311 ], [ -75.42767038776455, 6.375091025104886 ], [ -75.427732737059358, 6.375109547929801 ], [ -75.427814873665952, 6.37511654750466 ], [ -75.427855315156307, 6.375038085722396 ], [ -75.427903501977241, 6.374989658474295 ], [ -75.428040707424344, 6.374874120118671 ], [ -75.428129774249129, 6.374825586020982 ], [ -75.428203009181374, 6.374791431007595 ], [ -75.428276244102236, 6.374757275985792 ], [ -75.428322999310168, 6.374714805388581 ], [ -75.428346606200492, 6.374657303226788 ], [ -75.428332076581938, 6.374566838602034 ], [ -75.428322174562567, 6.374423965730127 ], [ -75.428326727519703, 6.374342977929048 ], [ -75.428340859071213, 6.374281018140278 ], [ -75.428335970263916, 6.374233398119551 ], [ -75.428277903209079, 6.374047559207979 ], [ -75.428340020211479, 6.374036591568814 ], [ -75.428399858159594, 6.374000484794421 ], [ -75.428449050447753, 6.373983494592311 ], [ -75.428509145916777, 6.373968826047306 ], [ -75.42856924138097, 6.373954157496008 ], [ -75.428595158027306, 6.373936786087467 ], [ -75.428621074671725, 6.373919414677983 ], [ -75.428648308874372, 6.373860014121613 ], [ -75.428680907153392, 6.373799694897513 ], [ -75.428579069152619, 6.373674830992163 ], [ -75.428543464408463, 6.373635487008277 ], [ -75.428494421989939, 6.373580211094716 ], [ -75.428462362216237, 6.373544993823832 ], [ -75.428389303860243, 6.373513635178156 ], [ -75.428318998129072, 6.373443713252998 ], [ -75.428272674085591, 6.373413375627981 ], [ -75.428201557202442, 6.373370180723016 ], [ -75.428175880958051, 6.373356444864081 ], [ -75.428154126970256, 6.373323036041191 ], [ -75.42813237298553, 6.373289627216747 ], [ -75.428166808215011, 6.373257183034881 ], [ -75.428187146417429, 6.373196735179095 ], [ -75.428201003821002, 6.373133068783316 ], [ -75.428206237007672, 6.373071581905286 ], [ -75.428207231217272, 6.37303922501318 ], [ -75.428235528819158, 6.372920486199411 ], [ -75.428286806537074, 6.372845303437714 ], [ -75.428322111164931, 6.372774248459713 ], [ -75.428338108004752, 6.372722597290334 ], [ -75.428367031482523, 6.372678976479867 ], [ -75.428405735019098, 6.372674037002941 ], [ -75.428465426624399, 6.372675493734445 ], [ -75.428496081214206, 6.372677026343863 ], [ -75.428560667067529, 6.372699436706645 ], [ -75.428618808775823, 6.372725089342264 ], [ -75.428638208902015, 6.372741166551951 ], [ -75.42867201761068, 6.372774717114094 ], [ -75.428686426193025, 6.372792190466925 ], [ -75.428787368808429, 6.372949711539483 ], [ -75.428832119013819, 6.373010386411488 ], [ -75.428929605392469, 6.373148121066698 ], [ -75.429028765939478, 6.372988424397628 ], [ -75.429097070194871, 6.372960188852847 ], [ -75.429143672808891, 6.372950148342773 ], [ -75.429190275420225, 6.372940107828865 ], [ -75.429273972983779, 6.372927811088672 ], [ -75.429356259965729, 6.372905774963794 ], [ -75.429418710175881, 6.372885774419006 ], [ -75.429462305319774, 6.372863839555729 ], [ -75.429542615918081, 6.372844784144034 ], [ -75.429605040337051, 6.372814865079449 ], [ -75.429696144569348, 6.372750155915788 ], [ -75.429741515716529, 6.372745859092046 ], [ -75.429795268140992, 6.372758608051486 ], [ -75.429828685956281, 6.372801485290629 ], [ -75.42985126512815, 6.372746971401716 ], [ -75.42983585364739, 6.372664967046755 ], [ -75.429799150259171, 6.372576940924074 ], [ -75.429647711875319, 6.372329631502966 ], [ -75.429647711875319, 6.372329631502966 ], [ -75.429905753406359, 6.372131124092784 ], [ -75.430016660311651, 6.372045369625365 ], [ -75.43018878929297, 6.37189055140465 ], [ -75.430343275742729, 6.371894579253248 ], [ -75.430407645913263, 6.371963169688805 ], [ -75.430540365536388, 6.371868851815154 ], [ -75.430673979887516, 6.371986141940737 ], [ -75.431003731273051, 6.371904906438109 ], [ -75.431322719553677, 6.371825421438557 ], [ -75.431283206290914, 6.371902094895384 ], [ -75.431262044747072, 6.372005619608794 ], [ -75.431254065760072, 6.372206294466249 ], [ -75.431283836233959, 6.372292980140112 ], [ -75.431344499116491, 6.372385912145935 ], [ -75.431343244288897, 6.372423224015593 ], [ -75.43133163044908, 6.372490611534501 ], [ -75.431326204167931, 6.372552066280391 ], [ -75.431348877102081, 6.372625056155148 ], [ -75.431378199287124, 6.372674676243997 ], [ -75.431407521478448, 6.372724296329899 ], [ -75.431480873007146, 6.372812507367994 ], [ -75.431521833457424, 6.372880958090454 ], [ -75.43155329808711, 6.372981348020508 ], [ -75.431549854798021, 6.373069697485423 ], [ -75.431585142275921, 6.373105806958482 ], [ -75.431625899080231, 6.373166582524376 ], [ -75.431741756949904, 6.373234618496949 ], [ -75.431804896198358, 6.373250223556968 ], [ -75.431865632764044, 6.373352573494659 ], [ -75.43188939752622, 6.373391937743386 ], [ -75.431947360904687, 6.373439097934543 ], [ -75.432094767605122, 6.373507050818552 ], [ -75.43226852019157, 6.37359596232413 ], [ -75.432305451301985, 6.373643177589174 ], [ -75.432431001705211, 6.373713492098146 ], [ -75.43250152209913, 6.373744605447257 ], [ -75.432475156622658, 6.373855790005413 ], [ -75.432479930536232, 6.373929076749814 ], [ -75.432503034227054, 6.374002315439464 ], [ -75.432558225995507, 6.374080051498478 ], [ -75.432603685424809, 6.374150222914293 ], [ -75.432634435019949, 6.374237324981304 ], [ -75.432652310043594, 6.374402925728479 ], [ -75.432490785651197, 6.374482396764846 ], [ -75.432329811644351, 6.374617952352073 ], [ -75.432234093051733, 6.374696667899757 ], [ -75.43196933626578, 6.374822850080691 ], [ -75.431835225894275, 6.374887661622128 ], [ -75.431822434650883, 6.374917974047831 ], [ -75.432246031686049, 6.374989884379115 ], [ -75.432385426790347, 6.374984158242031 ], [ -75.432469866089974, 6.374979916493731 ], [ -75.432691394207424, 6.374954124817227 ], [ -75.43262199360764, 6.375169860563559 ], [ -75.432489344402072, 6.375361565821137 ], [ -75.432400450530551, 6.375555534166836 ], [ -75.432235440534072, 6.37546611171056 ], [ -75.432126136101317, 6.375402216093184 ], [ -75.431870277428843, 6.375307949255628 ], [ -75.431920886634458, 6.375392823804202 ], [ -75.431949558973884, 6.375518684720626 ], [ -75.432122017759951, 6.37591651315309 ], [ -75.43219081842345, 6.375857242975561 ], [ -75.432253197957451, 6.375853796728176 ], [ -75.432314157614954, 6.375874343479654 ], [ -75.432360232469179, 6.375974978680216 ], [ -75.432427950217686, 6.376129091611331 ], [ -75.432437938547224, 6.376181590133458 ], [ -75.432441523408642, 6.376286811885757 ], [ -75.432448202957346, 6.376319804630613 ], [ -75.432499296576779, 6.376395174536266 ], [ -75.432553613132711, 6.376447556478078 ], [ -75.432586517750977, 6.376473732374309 ], [ -75.432622783457077, 6.376529444345183 ], [ -75.432652664794873, 6.376602196910763 ], [ -75.432666031722235, 6.376690796842673 ], [ -75.432646777670257, 6.376861551943491 ], [ -75.43266665979074, 6.376930437977705 ], [ -75.432709855017293, 6.376989785159525 ], [ -75.432759211885241, 6.377029048973931 ], [ -75.432821604448549, 6.377030526795902 ], [ -75.432897062290266, 6.377005707821699 ], [ -75.432941313349716, 6.376976046831743 ], [ -75.432985564403594, 6.376946385839029 ], [ -75.433044608484124, 6.376923251418678 ], [ -75.433109680777719, 6.376933369822293 ], [ -75.433144148841421, 6.376946854169388 ], [ -75.433191805869782, 6.37691760432138 ], [ -75.433344168142952, 6.376824313343249 ], [ -75.433505907221118, 6.376724822156499 ], [ -75.433820008312381, 6.37653203984835 ], [ -75.433927983686061, 6.376791831399337 ], [ -75.433944581115441, 6.376948098839757 ], [ -75.433938094227202, 6.377291615266458 ], [ -75.434111727431599, 6.377294302638063 ], [ -75.434331191057424, 6.377288193248611 ], [ -75.434480937026152, 6.377286631201862 ], [ -75.434642259049511, 6.377286904225893 ], [ -75.434820184464826, 6.377285739943551 ], [ -75.434913663080806, 6.377385012142743 ], [ -75.435007141733223, 6.377484284316997 ], [ -75.435032437820183, 6.377521430872947 ], [ -75.435045956327741, 6.37758594385622 ], [ -75.435043303712177, 6.377650442507571 ], [ -75.435019401964027, 6.37773023056234 ], [ -75.434992117671399, 6.377788435107293 ], [ -75.434972614980282, 6.377820867172267 ], [ -75.434972615246053, 6.377896676057152 ], [ -75.434975146422445, 6.377936273977642 ], [ -75.434980542900092, 6.378027292612016 ], [ -75.435003285036572, 6.378024559497765 ], [ -75.43504182822349, 6.378017233019551 ], [ -75.435080371408702, 6.378009906538678 ], [ -75.435126338371546, 6.377998299566478 ], [ -75.43521037442936, 6.377977977751827 ], [ -75.435254183633376, 6.377965658490656 ], [ -75.435321702332743, 6.377950405309424 ], [ -75.435360467278031, 6.377933074068127 ], [ -75.435403548142233, 6.377917167379278 ], [ -75.435442358337383, 6.377917065350452 ], [ -75.435468265603191, 6.377929919295615 ], [ -75.435488449736098, 6.37795283853882 ], [ -75.435505789276618, 6.377987251623919 ], [ -75.43551593058659, 6.378017376351756 ], [ -75.435523238197689, 6.378063301964479 ], [ -75.435530330197309, 6.378131586688687 ], [ -75.435536750133139, 6.378221145221741 ], [ -75.435553249055076, 6.378357140702485 ], [ -75.435570507272132, 6.378401752847176 ], [ -75.435584300137307, 6.378420179333323 ], [ -75.435605665931888, 6.378434798723207 ], [ -75.435626148406797, 6.378505261790969 ], [ -75.435678143390064, 6.378632466704574 ], [ -75.435708452732854, 6.378726757368883 ], [ -75.435727992064628, 6.378808207761731 ], [ -75.435749382710057, 6.378870548354518 ], [ -75.435965454358296, 6.37871437954748 ], [ -75.436194256812925, 6.378536818431106 ], [ -75.436295869213055, 6.378456636167981 ], [ -75.436406288749808, 6.378380045938332 ], [ -75.436550217650506, 6.378279106869931 ], [ -75.436668734515749, 6.378184702298018 ], [ -75.436738139911697, 6.378102699663658 ], [ -75.436811489718295, 6.377963412923793 ], [ -75.436856086579326, 6.377791473980126 ], [ -75.436872091452159, 6.377648247246557 ], [ -75.436847155894981, 6.377509973518696 ], [ -75.436757087999709, 6.377293134931601 ], [ -75.437002254049972, 6.377107834981383 ], [ -75.437134917579812, 6.376978667181904 ], [ -75.437238277619329, 6.37690697226657 ], [ -75.43734163762781, 6.376835277336399 ], [ -75.437776325121533, 6.376401173294542 ], [ -75.43806093002641, 6.376183688957133 ], [ -75.438401313910845, 6.375959865045164 ], [ -75.438858450624721, 6.375849826886886 ], [ -75.438859191253044, 6.375852623927264 ], [ -75.438871474144619, 6.375876276598764 ], [ -75.438888175682195, 6.375939061213776 ], [ -75.438894896057604, 6.375986142371337 ], [ -75.43889826378026, 6.376029706727613 ], [ -75.438890779563067, 6.376070045245496 ], [ -75.438880335788539, 6.376118889245443 ], [ -75.438870481228875, 6.3761512787306 ], [ -75.438840969992228, 6.376199720966677 ], [ -75.438810007017381, 6.37624590700484 ], [ -75.438757164727818, 6.376321982984495 ], [ -75.438726813634759, 6.376394654871172 ], [ -75.438712478894004, 6.376475782243705 ], [ -75.438698537893103, 6.376534850760192 ], [ -75.438695136588379, 6.37658150658473 ], [ -75.438711867347223, 6.376621058096183 ], [ -75.438750906703675, 6.376656482786467 ], [ -75.438792086659177, 6.376681234526801 ], [ -75.438844928019421, 6.376707763552322 ], [ -75.438902482942552, 6.376739885005275 ], [ -75.438944938207328, 6.376768520607848 ], [ -75.438961394217415, 6.376780830197336 ], [ -75.438982150363074, 6.376796356415514 ], [ -75.439010080750876, 6.376833889575926 ], [ -75.439013992898623, 6.376844559783589 ], [ -75.437250635215392, 6.37797835699201 ], [ -75.437227448172933, 6.37799344128905 ], [ -75.438512227234057, 6.380437100874834 ], [ -75.438476493197896, 6.380438042557239 ], [ -75.438440169249091, 6.38043877110744 ], [ -75.438361319446301, 6.38045281027099 ], [ -75.438320318559519, 6.380461868022414 ], [ -75.438232213804397, 6.380495819758086 ], [ -75.438206134582813, 6.380509358221611 ], [ -75.438163910746368, 6.380534420145034 ], [ -75.438078614895417, 6.380605609630424 ], [ -75.437990721124322, 6.380685394038454 ], [ -75.437865534659082, 6.380809844348419 ], [ -75.437775514007114, 6.380905544898768 ], [ -75.437722777212301, 6.380953234725035 ], [ -75.437641313330573, 6.381038426211084 ], [ -75.437550086715774, 6.381122287394276 ], [ -75.437470755310358, 6.381193732305637 ], [ -75.437408417676721, 6.381232949714727 ], [ -75.437374400536683, 6.381251842712378 ], [ -75.437299052126107, 6.38129163678795 ], [ -75.437229738953235, 6.381324182884355 ], [ -75.437191829553242, 6.381340554897745 ], [ -75.437129098312056, 6.381367569190791 ], [ -75.437014888535273, 6.381405386356012 ], [ -75.436959999065039, 6.381424876702641 ], [ -75.436887772126738, 6.381449023145803 ], [ -75.436808792728726, 6.381482589058717 ], [ -75.436749303551395, 6.381505436332721 ], [ -75.436739727222289, 6.381509692311224 ], [ -75.436663441959411, 6.381547201633964 ], [ -75.436625583287423, 6.381569133138001 ], [ -75.436562976343254, 6.381609074383767 ], [ -75.436484780424962, 6.381665690438999 ], [ -75.436412818313954, 6.381721838071282 ], [ -75.43619037773162, 6.381906389550679 ], [ -75.436055035424729, 6.38201775815681 ], [ -75.435798247460724, 6.382233226651304 ], [ -75.435660391249172, 6.38234741327391 ], [ -75.435613035869792, 6.382386753822196 ], [ -75.435595302050885, 6.382402213850495 ], [ -75.435469082519447, 6.382512193296347 ], [ -75.435439952842103, 6.382537573171112 ], [ -75.434816755211074, 6.383095549230333 ], [ -75.434784658753017, 6.38312330538994 ], [ -75.434666191676385, 6.383236582038782 ], [ -75.434534332331324, 6.383366925438132 ], [ -75.434445422494591, 6.383473109218331 ], [ -75.434404817961479, 6.383529987825267 ], [ -75.434331820912135, 6.383670500230918 ], [ -75.434318418729589, 6.383704417774669 ], [ -75.434129732028339, 6.384279502834633 ], [ -75.434014643783243, 6.384636889508546 ], [ -75.433991605448995, 6.384703937246928 ], [ -75.43396968211762, 6.384765449510273 ], [ -75.433911359338282, 6.384905742531446 ], [ -75.433910451370309, 6.384905744918323 ], [ -75.433875461554379, 6.384976764852579 ], [ -75.433820516290197, 6.385080028064809 ], [ -75.433740845708058, 6.385230103751835 ], [ -75.433668039885845, 6.385353567586614 ], [ -75.433553119788741, 6.38559908921936 ], [ -75.433505975217827, 6.385756472567332 ], [ -75.433493624033005, 6.385826667181672 ], [ -75.433478996476012, 6.385954202725343 ], [ -75.433464420511967, 6.386291827257939 ], [ -75.433447498903149, 6.38640468632785 ], [ -75.433423242104752, 6.386494158350422 ], [ -75.433409051002499, 6.38653362120992 ], [ -75.433386616304389, 6.386581348875162 ], [ -75.433341282725635, 6.386652034333127 ], [ -75.433273965080986, 6.386740172173129 ], [ -75.433217716539389, 6.386801611066119 ], [ -75.433201493194105, 6.386890628815403 ], [ -75.433293517361918, 6.387107177896485 ], [ -75.433611897906232, 6.38750902932137 ], [ -75.433840695709151, 6.387804397926801 ], [ -75.434209536951101, 6.388296710418722 ], [ -75.434427905629249, 6.388585512600465 ], [ -75.434917076153425, 6.38924739107122 ], [ -75.435077503625919, 6.389436885560919 ], [ -75.435161764256179, 6.389563094995215 ], [ -75.435231940448091, 6.389657017757182 ], [ -75.435291313396959, 6.389760843872436 ], [ -75.435330501205243, 6.389829273458931 ], [ -75.435357817403769, 6.389876465720341 ], [ -75.435380356372562, 6.389908309238349 ], [ -75.4354017190538, 6.389940155852798 ], [ -75.435447930042443, 6.389981391079367 ], [ -75.43549443442312, 6.390021863103235 ], [ -75.435551359431443, 6.390091429224848 ], [ -75.435586918710513, 6.390140017862058 ], [ -75.435679086319638, 6.390209991276248 ], [ -75.435922306826484, 6.390320521050186 ], [ -75.43606806883642, 6.390417105089099 ], [ -75.436141856360749, 6.390492143581182 ], [ -75.436163810606828, 6.390572332366131 ], [ -75.436303881140219, 6.391007395671747 ], [ -75.436381395372933, 6.391193527732636 ], [ -75.436400124355913, 6.391318866584561 ], [ -75.436433788023209, 6.391400698753121 ], [ -75.436484046146958, 6.391432328828771 ], [ -75.436581266615235, 6.39151399341217 ], [ -75.438100984117867, 6.393492749030857 ], [ -75.437519229546709, 6.394078723322011 ], [ -75.436954781955336, 6.394327374503473 ], [ -75.435772349206118, 6.394612963407588 ], [ -75.435084377494405, 6.394897247124514 ], [ -75.434661388875924, 6.395216140716201 ], [ -75.433933784594927, 6.395785112700487 ], [ -75.433282011132178, 6.396404732835315 ], [ -75.433243116616907, 6.396456862260525 ], [ -75.433176426050906, 6.396546246067606 ], [ -75.433035707067617, 6.396758469421139 ], [ -75.433036032068557, 6.396882049553601 ], [ -75.433072279753574, 6.397235042452787 ], [ -75.433179165737045, 6.397587849382984 ], [ -75.433180094547424, 6.397940935216202 ], [ -75.433093154298021, 6.398492373742789 ], [ -75.432758040903991, 6.398652145560134 ], [ -75.432316274460774, 6.398547381796083 ], [ -75.431591398532063, 6.398231508789804 ], [ -75.431361639197775, 6.398161495226439 ], [ -75.43114972472155, 6.398162052350054 ], [ -75.430867636051602, 6.398339338285303 ], [ -75.430744390057527, 6.398480897647266 ], [ -75.430498408312687, 6.398958213500454 ], [ -75.430130338551535, 6.40001844667493 ], [ -75.429704290307569, 6.400960920941291 ], [ -75.429495870844633, 6.401307734653138 ], [ -75.429325765899165, 6.40140753205247 ], [ -75.429183943956801, 6.401464676438859 ], [ -75.428829127231694, 6.401508186867621 ], [ -75.428445804410345, 6.401509193186476 ], [ -75.42807671615806, 6.401524354768738 ], [ -75.427835513611711, 6.40158175960129 ], [ -75.427665445354293, 6.401695749343735 ], [ -75.427523957360933, 6.401880628920466 ], [ -75.427340101204607, 6.402150777367463 ], [ -75.427156021695708, 6.402335768292244 ], [ -75.427028284500679, 6.402350296516916 ], [ -75.426871854901464, 6.402251356039264 ], [ -75.426672462789156, 6.402010598396325 ], [ -75.426373244372101, 6.40159978701451 ], [ -75.426273418466053, 6.40142973304293 ], [ -75.426073208992023, 6.400876732419459 ], [ -75.425830594648744, 6.400394807273798 ], [ -75.425700211599917, 6.400209753218634 ], [ -75.425543820568777, 6.400125005273872 ], [ -75.42537334359001, 6.400082872594236 ], [ -75.425132029738805, 6.400097697294602 ], [ -75.424909434669502, 6.400188722229008 ], [ -75.424860320033687, 6.400086854193528 ], [ -75.424713158371375, 6.40000970036922 ], [ -75.424614289776926, 6.399935125663762 ], [ -75.424528968686545, 6.39983670451559 ], [ -75.424474070297379, 6.399750818137496 ], [ -75.424439822615454, 6.399665869555115 ], [ -75.424415693577686, 6.399546879093039 ], [ -75.424408577489373, 6.399427844434213 ], [ -75.424421929858951, 6.39932916508829 ], [ -75.424445498147051, 6.399233860809093 ], [ -75.424472576343334, 6.39917936538773 ], [ -75.424598220753154, 6.398997728661452 ], [ -75.424676176549752, 6.398881872589512 ], [ -75.424693046651086, 6.398827404189403 ], [ -75.424696129186046, 6.398704941065978 ], [ -75.424705631721949, 6.398455742556876 ], [ -75.424708598668261, 6.398289060221088 ], [ -75.424681124009325, 6.398192371764119 ], [ -75.42462566977116, 6.398070524465874 ], [ -75.424606737751489, 6.398007058119093 ], [ -75.424506960590278, 6.397928514554967 ], [ -75.424390522620186, 6.397825129002844 ], [ -75.424348709506091, 6.397700810035261 ], [ -75.424311970852955, 6.397549734256475 ], [ -75.424481215396, 6.397421315929186 ], [ -75.425132296184643, 6.396859899862125 ], [ -75.425471265563175, 6.396567756230613 ], [ -75.425339126891785, 6.396316171442071 ], [ -75.425025216199359, 6.395779700292 ], [ -75.424964697086864, 6.395681277034278 ], [ -75.424882533547361, 6.395413718459382 ], [ -75.42484460826266, 6.395289104215188 ], [ -75.424743228611618, 6.395200927951925 ], [ -75.424751168131877, 6.394997669396628 ], [ -75.424732579198519, 6.394878940079125 ], [ -75.424695526186312, 6.394818228775914 ], [ -75.424558018674489, 6.394658695200956 ], [ -75.424470884691772, 6.394540145067408 ], [ -75.424411156654529, 6.39441695501829 ], [ -75.424383416637667, 6.394293681338049 ], [ -75.424352102841723, 6.394284245583846 ], [ -75.424316597154444, 6.394296977527287 ], [ -75.424283460394676, 6.394299041835001 ], [ -75.424213096036581, 6.394286264731739 ], [ -75.424146744544686, 6.394260233517223 ], [ -75.424059339804856, 6.394166262074926 ], [ -75.423960651043686, 6.394032741420101 ], [ -75.423900122729236, 6.393910021841711 ], [ -75.423843644634786, 6.393812673820359 ], [ -75.423797441470242, 6.39371296191268 ], [ -75.423768721652081, 6.393639356168158 ], [ -75.423768657650996, 6.393614839698808 ], [ -75.423749019917622, 6.393591814586459 ], [ -75.423639587990664, 6.393474855517384 ], [ -75.423445357954549, 6.393257319590546 ], [ -75.423400360520063, 6.393167935139597 ], [ -75.423305656664098, 6.392899676534075 ], [ -75.42321125650183, 6.392747769672672 ], [ -75.42300701299996, 6.392506141706806 ], [ -75.422934049151081, 6.39255731586084 ], [ -75.422861085286584, 6.392608490007454 ], [ -75.422762516229966, 6.392618943851226 ], [ -75.422670265628554, 6.392605624504444 ], [ -75.422537609530508, 6.392582178046507 ], [ -75.422435498610355, 6.392538258747634 ], [ -75.42232994386822, 6.392477353953728 ], [ -75.422282345808753, 6.392477478150943 ], [ -75.422174723567181, 6.39246278812342 ], [ -75.422016574222582, 6.392230376229313 ], [ -75.421932170153426, 6.39210252488184 ], [ -75.421827492184406, 6.39196632625821 ], [ -75.421779347829641, 6.391926429787079 ], [ -75.421735133770909, 6.39185850693882 ], [ -75.421632928821737, 6.391700260987195 ], [ -75.421633277181414, 6.391614126226842 ], [ -75.421628906289556, 6.391602566205189 ], [ -75.421554214514828, 6.391491516172707 ], [ -75.421509139133988, 6.3914244990874 ], [ -75.421350922356609, 6.391235695044013 ], [ -75.421259962271876, 6.391149223769907 ], [ -75.421108754402127, 6.390995644737065 ], [ -75.421036408270737, 6.390907352230141 ], [ -75.420913501159347, 6.390814870069589 ], [ -75.420728493102359, 6.390705586763768 ], [ -75.42063985098568, 6.390658649362481 ], [ -75.420608478294582, 6.390616444925201 ], [ -75.420600998478449, 6.390539363343591 ], [ -75.421252556190254, 6.390168936398057 ], [ -75.421548719194632, 6.390091595704613 ], [ -75.421671102525693, 6.390097492574452 ], [ -75.421713753109586, 6.390204344324745 ], [ -75.421733523473222, 6.39024790898881 ], [ -75.421781966603788, 6.390306404510706 ], [ -75.421891944034229, 6.39034745850627 ], [ -75.421938609263748, 6.390345727963972 ], [ -75.42198527449213, 6.390343997417499 ], [ -75.422167690228122, 6.390331155682915 ], [ -75.422317656807863, 6.390315768035232 ], [ -75.422496005951729, 6.390283204893144 ], [ -75.4226097828452, 6.390238628637591 ], [ -75.422792891821757, 6.390141835854988 ], [ -75.422973771206699, 6.390033925457582 ], [ -75.423118152347129, 6.38996782420824 ], [ -75.423225651865579, 6.389918355552886 ], [ -75.423274061029673, 6.389876191058337 ], [ -75.423342828530252, 6.389796562429265 ], [ -75.423411596010226, 6.389716933795208 ], [ -75.42349585138922, 6.389635180676849 ], [ -75.423577630363297, 6.389581310759564 ], [ -75.42367450211394, 6.389554936382262 ], [ -75.423845980748624, 6.389555587969089 ], [ -75.423983791835823, 6.389564711895985 ], [ -75.424126798277555, 6.389535771786073 ], [ -75.424350834180103, 6.389481398911103 ], [ -75.424500754272373, 6.389456187548919 ], [ -75.42462498663113, 6.389473598972119 ], [ -75.42484257118376, 6.389480280544394 ], [ -75.425222919679157, 6.389504631933486 ], [ -75.425460128306639, 6.389490217798623 ], [ -75.425560188521274, 6.389469425357096 ], [ -75.425591715297074, 6.389465705082738 ], [ -75.42564930071606, 6.389464181563926 ], [ -75.425687734823924, 6.389422060942358 ], [ -75.425622393484588, 6.389416571138368 ], [ -75.425544692240308, 6.389374463569655 ], [ -75.425523901041615, 6.389318789994884 ], [ -75.425471701636837, 6.389180782309474 ], [ -75.425440293437575, 6.389098448196449 ], [ -75.425342658567715, 6.388911924844055 ], [ -75.425252471888697, 6.388750131737313 ], [ -75.425194486579969, 6.388607238204979 ], [ -75.425068110224331, 6.388336239094882 ], [ -75.425031830291317, 6.38823517391185 ], [ -75.425016826170676, 6.388136998032673 ], [ -75.425004012094803, 6.388002470375258 ], [ -75.424999959411664, 6.387874629552587 ], [ -75.425001066773007, 6.387813883623402 ], [ -75.424982676493968, 6.38771041638672 ], [ -75.42493171969312, 6.387526220267923 ], [ -75.424888158816827, 6.387358956950595 ], [ -75.424845919498622, 6.387269553469427 ], [ -75.424781651678231, 6.387177546482352 ], [ -75.424724435014639, 6.387101692139121 ], [ -75.424718181834947, 6.387060744816069 ], [ -75.424733829025186, 6.386958826243454 ], [ -75.424740137792639, 6.386913839118974 ], [ -75.42473787118567, 6.386842409460449 ], [ -75.424724397301404, 6.386685705659533 ], [ -75.424704432811623, 6.386606746677315 ], [ -75.424652591863762, 6.386407906042213 ], [ -75.424633310494599, 6.386284751275688 ], [ -75.424623208533774, 6.386120381674756 ], [ -75.424588730365812, 6.385987940129505 ], [ -75.424693764739544, 6.385909179150253 ], [ -75.424877083479444, 6.385731649501778 ], [ -75.424916919547513, 6.385631328133392 ], [ -75.424916727772597, 6.38555783590308 ], [ -75.424883138449999, 6.385491111962564 ], [ -75.424816082900577, 6.385404431880225 ], [ -75.424749026854855, 6.385317751785495 ], [ -75.424668081369262, 6.385130009200047 ], [ -75.424574101818592, 6.384969906620166 ], [ -75.424513711546155, 6.384876527998686 ], [ -75.424433377093493, 6.384823288494768 ], [ -75.424299701439097, 6.384816956029529 ], [ -75.423992148075214, 6.384764309457648 ], [ -75.42382253323423, 6.384732078293251 ], [ -75.42375141483916, 6.384729576779211 ], [ -75.423695504527473, 6.384746935350357 ], [ -75.423666899083273, 6.384781435071792 ], [ -75.423643743334793, 6.384785220715272 ], [ -75.423544931036446, 6.384622419274836 ], [ -75.423474713254535, 6.384390296430595 ], [ -75.423368810908158, 6.384300138432161 ], [ -75.423267486756544, 6.384265200398369 ], [ -75.423210164882846, 6.384225747548223 ], [ -75.423150424712261, 6.384102695643607 ], [ -75.423130515151229, 6.384063145222659 ], [ -75.422966897496508, 6.383979890366039 ], [ -75.422680770830482, 6.383967435485333 ], [ -75.422142656427937, 6.384011941064495 ], [ -75.42210316309297, 6.383941687384372 ], [ -75.422538490010893, 6.383603924119353 ], [ -75.422956327903321, 6.383767318766254 ], [ -75.423149662359137, 6.383561743923104 ], [ -75.423469554162907, 6.383664445862796 ], [ -75.423635022499795, 6.383517539027091 ], [ -75.423656890316479, 6.383312119226111 ], [ -75.423598232092431, 6.383177334138172 ], [ -75.423491441917577, 6.382992838478313 ], [ -75.423443687000443, 6.382928763838889 ], [ -75.423230160415613, 6.382964618576533 ], [ -75.423102916977371, 6.382863393594147 ], [ -75.423122479598234, 6.382573906007917 ], [ -75.423170592632331, 6.382365186097741 ], [ -75.422981538519323, 6.382220166842577 ], [ -75.422861674476451, 6.382156426477599 ], [ -75.422861674476451, 6.382156426477589 ] ] ] ] } },
{ "type": "Feature", "properties": { "FID_": 0, "Name": "Jamundi" }, "geometry": { "type": "MultiPolygon", "coordinates": [ [ [ [ -75.438101503780643, 6.370877505078026 ], [ -75.438009281665742, 6.370907996026716 ], [ -75.438014860536768, 6.370946566646287 ], [ -75.438014009905899, 6.370982857139894 ], [ -75.438011864173461, 6.371063248148795 ], [ -75.438010610792418, 6.371129856487412 ], [ -75.438015338190155, 6.371204258256167 ], [ -75.438015894203232, 6.371256622210712 ], [ -75.438013695687332, 6.371308533932588 ], [ -75.438014741302638, 6.371377433061612 ], [ -75.438017145878305, 6.371436682425079 ], [ -75.438019522355958, 6.371480773458556 ], [ -75.438019130679137, 6.371517062766401 ], [ -75.438024225926071, 6.371542313612265 ], [ -75.438038090550407, 6.371594183851784 ], [ -75.438050574932035, 6.371644220272656 ], [ -75.438060755215659, 6.371689209842394 ], [ -75.438067678590826, 6.371710321856069 ], [ -75.438080112734937, 6.371733257019566 ], [ -75.438099448115523, 6.371765361269309 ], [ -75.438107750037702, 6.371787388412553 ], [ -75.438107778993867, 6.371803006084855 ], [ -75.438100003298132, 6.371817265877437 ], [ -75.438093136127705, 6.371826470523033 ], [ -75.438089934570797, 6.371832450283086 ], [ -75.438078477079287, 6.371841207438207 ], [ -75.438067017032495, 6.371848586563225 ], [ -75.438306922067312, 6.372543037643545 ], [ -75.438308314350309, 6.372552220851415 ], [ -75.438309705857378, 6.37256094472657 ], [ -75.438312478783487, 6.372572421151752 ], [ -75.438313871842794, 6.372582063692262 ], [ -75.438316640889056, 6.372591243453883 ], [ -75.438323093719774, 6.372607763348761 ], [ -75.438326320911372, 6.372616482628827 ], [ -75.438327712419138, 6.372625206503812 ], [ -75.438328188413124, 6.372635310674347 ], [ -75.438329124104229, 6.372645873028828 ], [ -75.438329140401279, 6.3726555190154 ], [ -75.438328241184465, 6.372666545297549 ], [ -75.438327799336591, 6.372676651765562 ], [ -75.43832735593665, 6.372685839568187 ], [ -75.438326454391714, 6.372695487852253 ], [ -75.438326014096006, 6.372706512985655 ], [ -75.43832421100619, 6.372725809553804 ], [ -75.438323768382375, 6.372735456689122 ], [ -75.438322407916388, 6.372745106121958 ], [ -75.438321049002511, 6.372755674220187 ], [ -75.438320146681562, 6.37276486317158 ], [ -75.438318788543725, 6.372775890602509 ], [ -75.4383178877749, 6.372785998219291 ], [ -75.438317443599018, 6.372794726689235 ], [ -75.438316081580837, 6.372803457456704 ], [ -75.438314262193629, 6.372813108038329 ], [ -75.438311983109159, 6.372822300436029 ], [ -75.438308328037166, 6.372831955612716 ], [ -75.438305131886267, 6.372841609640638 ], [ -75.438302394656461, 6.372851262519805 ], [ -75.43830011479568, 6.372859995584824 ], [ -75.438298294632119, 6.372869186833785 ], [ -75.438296016323378, 6.372878838564199 ], [ -75.43829465663309, 6.372888947329803 ], [ -75.438291462033916, 6.372899520023144 ], [ -75.438290101567517, 6.372909169456061 ], [ -75.438287362785218, 6.372917903669861 ], [ -75.438285084476234, 6.372927555400303 ], [ -75.43828234879804, 6.372938126944906 ], [ -75.438279613895844, 6.372949157822211 ], [ -75.438277792955873, 6.372957889738508 ], [ -75.438275974344052, 6.372967999652915 ], [ -75.438274156508257, 6.372978568900018 ], [ -75.438272339448503, 6.372989597479828 ], [ -75.438270062691316, 6.373000167875705 ], [ -75.438268242527244, 6.373009359124728 ], [ -75.438265507624664, 6.373020390002078 ], [ -75.438262771169917, 6.373030502214023 ], [ -75.438260950229648, 6.373039234130361 ], [ -75.438258211446581, 6.373047968344222 ], [ -75.438255933136972, 6.373057620074726 ], [ -75.438254113748684, 6.373067270656478 ], [ -75.438255051769161, 6.373079211009178 ], [ -75.438255526987973, 6.373088855847126 ], [ -75.438255543285408, 6.373098501833835 ], [ -75.438256492171149, 6.373116872844297 ], [ -75.438256508468726, 6.373126518830991 ], [ -75.438256983687808, 6.373136163668903 ], [ -75.438257458130835, 6.373145349174114 ], [ -75.43825750935234, 6.373175665132234 ], [ -75.43825706750475, 6.373185771600384 ], [ -75.438255248892631, 6.373195881514881 ], [ -75.438253886873767, 6.373204612282506 ], [ -75.438252985328589, 6.37321426056675 ], [ -75.43825301792441, 6.373233552540086 ], [ -75.438253950513314, 6.373242277563776 ], [ -75.438255803273677, 6.373252378287953 ], [ -75.438257195560396, 6.373261561495511 ], [ -75.438258129701723, 6.373271205184549 ], [ -75.438260440607863, 6.373280845427165 ], [ -75.438262750738019, 6.37329002633705 ], [ -75.438265522118257, 6.373300584096182 ], [ -75.438271058670182, 6.373318024952763 ], [ -75.438272450957584, 6.37332720816016 ], [ -75.43827476574512, 6.373339145066042 ], [ -75.438275699887214, 6.373348788754926 ], [ -75.43827709139876, 6.373357512629571 ], [ -75.438278024764841, 6.373366696985736 ], [ -75.438279417052684, 6.373375880193046 ], [ -75.43828035197123, 6.37338598321456 ], [ -75.43828174348306, 6.37339470708915 ], [ -75.438280842714974, 6.37340481470602 ], [ -75.438279483025212, 6.373414923471743 ], [ -75.43827766286141, 6.373424114720932 ], [ -75.438274465932409, 6.37343330941667 ], [ -75.438271727148916, 6.373442043630866 ], [ -75.438269906208816, 6.373450775547377 ], [ -75.438266707727323, 6.373459051577737 ], [ -75.438263050323982, 6.373467328756934 ], [ -75.438259851842318, 6.373475604787287 ], [ -75.438256194438793, 6.373483881966484 ], [ -75.438251620743912, 6.373493080108732 ], [ -75.438246586574834, 6.373501360734418 ], [ -75.438241550853348, 6.373508722694697 ], [ -75.438235597288127, 6.3735160869526 ], [ -75.438222770761286, 6.373529899100554 ], [ -75.4382163559454, 6.37353588650906 ], [ -75.438209483759749, 6.373542793731731 ], [ -75.438202610797802, 6.373549241621641 ], [ -75.438189784269298, 6.373563053769121 ], [ -75.438183370228685, 6.373569500510086 ], [ -75.438176956964014, 6.373576406583707 ], [ -75.438171001844964, 6.3735828521758 ], [ -75.438162753668493, 6.373590222177151 ], [ -75.438148085241778, 6.373600364257425 ], [ -75.438139834736532, 6.373606356260391 ], [ -75.438131585007113, 6.373612807595979 ], [ -75.438123791871263, 6.373617879784586 ], [ -75.438115542917473, 6.373624790452713 ], [ -75.438108668401142, 6.373630319676401 ], [ -75.438101335738736, 6.373636309381469 ], [ -75.438094002300133, 6.373641839753749 ], [ -75.438086668085347, 6.373646910793235 ], [ -75.438078874172419, 6.373651523648635 ], [ -75.438069704269495, 6.373656599282787 ], [ -75.438061449106272, 6.373659835288508 ], [ -75.438052276874984, 6.373663532924229 ], [ -75.43804264649755, 6.373667691041232 ], [ -75.438032098275983, 6.37367185145543 ], [ -75.438022008200207, 6.373675551388048 ], [ -75.437995409347806, 6.373686641995763 ], [ -75.437983482031456, 6.37368942785684 ], [ -75.437974766393054, 6.373691746344541 ], [ -75.437966512004323, 6.373695441681726 ], [ -75.437958326165614, 6.37369792137698 ], [ -75.437958256063595, 6.373698218353311 ], [ -75.437955976971878, 6.373707410751314 ], [ -75.437952782363794, 6.373717983444786 ], [ -75.437950502496037, 6.373726716510049 ], [ -75.43794502491626, 6.373744184937804 ], [ -75.437942290005864, 6.37375521581543 ], [ -75.437939096949222, 6.373766707174419 ], [ -75.437937276779181, 6.37377589842384 ], [ -75.437935915531213, 6.373785088524652 ], [ -75.437934097688867, 6.373795657772329 ], [ -75.43793228062242, 6.373806686352763 ], [ -75.437930918598468, 6.373815417120837 ], [ -75.43793001627256, 6.373824606073057 ], [ -75.437928196878289, 6.37383425665525 ], [ -75.43792729377644, 6.373842986274727 ], [ -75.437923638693505, 6.373852641451379 ], [ -75.437921359601035, 6.373861833849453 ], [ -75.437917244043874, 6.373870571509222 ], [ -75.43791358896064, 6.373880226685879 ], [ -75.437910391247669, 6.373888962048419 ], [ -75.437905817543893, 6.373898160189537 ], [ -75.437900323667861, 6.373905982629588 ], [ -75.437894370093545, 6.373913346885451 ], [ -75.437888414967261, 6.37391979247577 ], [ -75.437881083074132, 6.373926241511813 ], [ -75.437874208551293, 6.373931770733692 ], [ -75.437866416959679, 6.373937761585427 ], [ -75.437857249376989, 6.373944215215549 ], [ -75.437849457784978, 6.373950206067104 ], [ -75.437841666968609, 6.373956656251345 ], [ -75.437834334298486, 6.373962645954183 ], [ -75.437826542705892, 6.373968636805505 ], [ -75.437819209259544, 6.373974167175435 ], [ -75.437812335511168, 6.373980155729519 ], [ -75.437805003616177, 6.373986604764855 ], [ -75.437799967884189, 6.373993966723027 ], [ -75.437797229091146, 6.374002700936863 ], [ -75.437795408142705, 6.374011432853636 ], [ -75.437794506590564, 6.374021081138911 ], [ -75.437796357020801, 6.374029803867452 ], [ -75.437798209002821, 6.374039445261512 ], [ -75.437800519131457, 6.374048626174243 ], [ -75.437803747104951, 6.374057804789853 ], [ -75.437806516156186, 6.374066984553961 ], [ -75.437808826285178, 6.374076165466586 ], [ -75.437811596888409, 6.37408626389616 ], [ -75.437812529474613, 6.374094988921629 ], [ -75.437812547319524, 6.374105553575274 ], [ -75.437810269000678, 6.374115205306197 ], [ -75.437806152664479, 6.374123483633052 ], [ -75.437800199862593, 6.374131307221356 ], [ -75.437792867965655, 6.374137756256969 ], [ -75.437786913611717, 6.37414466117965 ], [ -75.437781418180066, 6.374151564953754 ], [ -75.437776383222442, 6.374159386244836 ], [ -75.437769971497261, 6.374167210981505 ], [ -75.437765854384281, 6.374175029975476 ], [ -75.437764804231918, 6.374176613255483 ], [ -75.437764939642676, 6.37417686960364 ], [ -75.437768170720233, 6.374187885550492 ], [ -75.437770938996223, 6.374196605981963 ], [ -75.437775086367409, 6.374206700966072 ], [ -75.437779690333727, 6.374215416803247 ], [ -75.437785212921128, 6.374224589675997 ], [ -75.437789816111945, 6.374232846180239 ], [ -75.437795334820379, 6.374239722388951 ], [ -75.437800396934037, 6.374247977744457 ], [ -75.437805918746349, 6.374256691284057 ], [ -75.437811441334745, 6.37426586415632 ], [ -75.437823399701855, 6.374281451606749 ], [ -75.437829377333856, 6.374288326666283 ], [ -75.437834437896839, 6.3742956633557 ], [ -75.43784087522765, 6.37430299659917 ], [ -75.437847771481273, 6.374310328693884 ], [ -75.437853748338028, 6.374316744420227 ], [ -75.437859725970867, 6.374323619479223 ], [ -75.437866621449075, 6.374330492240814 ], [ -75.437873517703423, 6.37433782433502 ], [ -75.437879495336801, 6.374344699393679 ], [ -75.437885474522275, 6.374352493117724 ], [ -75.437890535086751, 6.374359829806274 ], [ -75.437896055349967, 6.3743676246788 ], [ -75.437902495010647, 6.374376335919338 ], [ -75.437908473420876, 6.374383670310213 ], [ -75.437914912305956, 6.374391922217761 ], [ -75.437920889164545, 6.374398337942934 ], [ -75.437928242015204, 6.374404290889101 ], [ -75.437936053012621, 6.374409783353658 ], [ -75.437943405087566, 6.374415276966795 ], [ -75.437951215309255, 6.37442031009832 ], [ -75.43795856893658, 6.374426722376639 ], [ -75.437964089201628, 6.374434517248052 ], [ -75.437970069165559, 6.374442770303333 ], [ -75.437982027541935, 6.374458357748093 ], [ -75.437987088885023, 6.374466153767882 ], [ -75.437991691305569, 6.374473950936379 ], [ -75.437995836355782, 6.374482667919044 ], [ -75.438000899251577, 6.374491382604044 ], [ -75.438005501672606, 6.374499179772315 ], [ -75.438010104869917, 6.374507436273233 ], [ -75.438014708843525, 6.374516152106801 ], [ -75.438019773292325, 6.374525785456908 ], [ -75.438023917567406, 6.37453404310642 ], [ -75.438028061066518, 6.374541841423156 ], [ -75.438032205341926, 6.374550099072547 ], [ -75.438037267462988, 6.374558354424178 ], [ -75.438042786178556, 6.374565230628723 ], [ -75.43804876692171, 6.374573943015179 ], [ -75.438054287189942, 6.374581737884958 ], [ -75.438060266381157, 6.374589531605764 ], [ -75.43806624479636, 6.374596865993753 ], [ -75.438071763512752, 6.374603742197815 ], [ -75.438077741928311, 6.374611076585595 ], [ -75.438084178490655, 6.374617950491665 ], [ -75.438091993374044, 6.3746257396163 ], [ -75.438099344677497, 6.374630773893464 ], [ -75.438108071197107, 6.374634886058318 ], [ -75.438117257415882, 6.374639456406759 ], [ -75.438125982383227, 6.374642649905851 ], [ -75.438134706574374, 6.374645384072071 ], [ -75.438143428436817, 6.37464674024004 ], [ -75.438151230124802, 6.374646720707703 ], [ -75.438571362710789, 6.374774741698352 ], [ -75.438151230124802, 6.374646720707703 ], [ -75.438571362710789, 6.374774741698352 ], [ -75.438573214712306, 6.374784383085725 ], [ -75.438576441929229, 6.374793102359742 ], [ -75.438579215660155, 6.374805038111355 ], [ -75.438583377033595, 6.374823401071295 ], [ -75.438586146881534, 6.374833040159752 ], [ -75.438590292721642, 6.374842216467382 ], [ -75.438593521492791, 6.37485185440635 ], [ -75.438597208410314, 6.374861031863265 ], [ -75.438601355027643, 6.374870667503314 ], [ -75.438604582245844, 6.374879386776912 ], [ -75.438606894725169, 6.374889945679707 ], [ -75.438606912589805, 6.374900510329566 ], [ -75.438607387047298, 6.374909695832189 ], [ -75.438608319651095, 6.374918420852782 ], [ -75.438609711177932, 6.37492714472394 ], [ -75.438612940727012, 6.374937241995165 ], [ -75.438616167946051, 6.374945961268541 ], [ -75.438619394388468, 6.374954221209268 ], [ -75.438621704538477, 6.374963402114043 ], [ -75.438623096842591, 6.374972585317674 ], [ -75.438623197044492, 6.375031839222751 ], [ -75.438623673056412, 6.375041943390424 ], [ -75.438624608768265, 6.375052505741219 ], [ -75.438625082450002, 6.375061231911084 ], [ -75.438626474754798, 6.375070415114605 ], [ -75.438626949990194, 6.375080059949648 ], [ -75.438628343071912, 6.375089702485734 ], [ -75.43862927567703, 6.375098427506084 ], [ -75.438630668758904, 6.375108070042142 ], [ -75.438633437056737, 6.375116790464541 ], [ -75.43863528828517, 6.375125972518472 ], [ -75.438638058136846, 6.37513561160599 ], [ -75.438639908588698, 6.375144334327272 ], [ -75.43864359628698, 6.375153971115727 ], [ -75.438646829723112, 6.375166365049166 ], [ -75.438649139875352, 6.375175545953436 ], [ -75.43865190972771, 6.375185185040751 ], [ -75.438654678803388, 6.375194364795439 ], [ -75.438657449432881, 6.375204463215264 ], [ -75.43865975958559, 6.375213644119395 ], [ -75.438663448061817, 6.375223740240087 ], [ -75.438666216361213, 6.375232460662025 ], [ -75.43866944669135, 6.375243017264722 ], [ -75.438671758398314, 6.37525311683388 ], [ -75.438674067774826, 6.375261838405249 ], [ -75.43867683607472, 6.375270558827032 ], [ -75.438679619135144, 6.375288006567843 ], [ -75.438681951818111, 6.375310508116542 ], [ -75.438684279840245, 6.37533025366968 ], [ -75.438687983855871, 6.375349536441457 ], [ -75.438692604164871, 6.375367898248815 ], [ -75.438698142321073, 6.375386257756865 ], [ -75.438704600655285, 6.375405992963286 ], [ -75.438706910810467, 6.37541517386677 ], [ -75.438709682219937, 6.375425731618339 ], [ -75.438712450521848, 6.375434452039568 ], [ -75.438714300977068, 6.375443174759992 ], [ -75.438717527425709, 6.375451434698971 ], [ -75.438720295728004, 6.375460155120089 ], [ -75.438723981877288, 6.375468873241921 ], [ -75.438727209103277, 6.375477592513323 ], [ -75.438735497695632, 6.375494107792283 ], [ -75.438740103246388, 6.37550374227972 ], [ -75.438743789396455, 6.375512460401255 ], [ -75.438747934470143, 6.375521177373074 ], [ -75.43875254312934, 6.375532649190544 ], [ -75.438758071189781, 6.375545037373699 ], [ -75.438762221703001, 6.375556969673218 ], [ -75.438765907853963, 6.37556568779442 ], [ -75.438770053705625, 6.37557486409843 ], [ -75.438773281710382, 6.375584042701766 ], [ -75.438776051568752, 6.37559368178731 ], [ -75.438778362503683, 6.375603322022523 ], [ -75.438779754037611, 6.375612045892001 ], [ -75.438784835608658, 6.375631784545117 ], [ -75.438790834250426, 6.375651061566091 ], [ -75.438794063810349, 6.375661158834199 ], [ -75.438797751517029, 6.375670795619971 ], [ -75.438800983408441, 6.375682270885627 ], [ -75.438804688987659, 6.375702472319956 ], [ -75.438804704528749, 6.375711658970967 ], [ -75.438805637917199, 6.375720843322487 ], [ -75.438807491484212, 6.37573140337213 ], [ -75.438810260567479, 6.375740583124592 ], [ -75.438814404867756, 6.375748840762628 ], [ -75.438820843009552, 6.375756633319207 ], [ -75.438831423898137, 6.375771764848364 ], [ -75.438841093156825, 6.375790573337095 ], [ -75.43884478086575, 6.3758002101221 ], [ -75.438848008096883, 6.375808929391768 ], [ -75.438850777958663, 6.37581856847628 ], [ -75.438854006744307, 6.375828206410945 ], [ -75.438855857204615, 6.375836929129926 ], [ -75.438857709996412, 6.375847029846501 ], [ -75.438858450624721, 6.375849826886886 ], [ -75.438401313910845, 6.375959865045164 ], [ -75.43806093002641, 6.376183688957133 ], [ -75.437776325121533, 6.376401173294542 ], [ -75.43734163762781, 6.376835277336399 ], [ -75.437238277619329, 6.37690697226657 ], [ -75.437134917579812, 6.376978667181904 ], [ -75.437002254049972, 6.377107834981383 ], [ -75.436757087999709, 6.377293134931601 ], [ -75.436847155894981, 6.377509973518696 ], [ -75.436872091452159, 6.377648247246557 ], [ -75.436856086579326, 6.377791473980126 ], [ -75.436811489718295, 6.377963412923793 ], [ -75.436738139911697, 6.378102699663658 ], [ -75.436668734515749, 6.378184702298018 ], [ -75.436550217650506, 6.378279106869931 ], [ -75.436406288749808, 6.378380045938332 ], [ -75.436295869213055, 6.378456636167981 ], [ -75.436194256812925, 6.378536818431106 ], [ -75.435965454358296, 6.37871437954748 ], [ -75.435749382710057, 6.378870548354518 ], [ -75.435727992064628, 6.378808207761731 ], [ -75.435708452732854, 6.378726757368883 ], [ -75.435678143390064, 6.378632466704574 ], [ -75.435626148406797, 6.378505261790969 ], [ -75.435605665931888, 6.378434798723207 ], [ -75.435584300137307, 6.378420179333323 ], [ -75.435570507272132, 6.378401752847176 ], [ -75.435553249055076, 6.378357140702485 ], [ -75.435536750133139, 6.378221145221741 ], [ -75.435530330197309, 6.378131586688687 ], [ -75.435523238197689, 6.378063301964479 ], [ -75.43551593058659, 6.378017376351756 ], [ -75.435505789276618, 6.377987251623919 ], [ -75.435488449736098, 6.37795283853882 ], [ -75.435468265603191, 6.377929919295615 ], [ -75.435442358337383, 6.377917065350452 ], [ -75.435403548142233, 6.377917167379278 ], [ -75.435360467278031, 6.377933074068127 ], [ -75.435321702332743, 6.377950405309424 ], [ -75.435254183633376, 6.377965658490656 ], [ -75.43521037442936, 6.377977977751827 ], [ -75.435126338371546, 6.377998299566478 ], [ -75.435080371408702, 6.378009906538678 ], [ -75.43504182822349, 6.378017233019551 ], [ -75.435003285036572, 6.378024559497765 ], [ -75.434980542900092, 6.378027292612016 ], [ -75.434975146422445, 6.377936273977642 ], [ -75.434972615246053, 6.377896676057152 ], [ -75.434972614980282, 6.377820867172267 ], [ -75.434992117671399, 6.377788435107293 ], [ -75.435019401964027, 6.37773023056234 ], [ -75.435043303712177, 6.377650442507571 ], [ -75.435045956327741, 6.37758594385622 ], [ -75.435032437820183, 6.377521430872947 ], [ -75.435007141733223, 6.377484284316997 ], [ -75.434913663080806, 6.377385012142743 ], [ -75.434820184464826, 6.377285739943551 ], [ -75.434642259049511, 6.377286904225893 ], [ -75.434480937026152, 6.377286631201862 ], [ -75.434331191057424, 6.377288193248611 ], [ -75.434111727431599, 6.377294302638063 ], [ -75.433938094227202, 6.377291615266458 ], [ -75.433944581115441, 6.376948098839757 ], [ -75.433927983686061, 6.376791831399337 ], [ -75.433820008312381, 6.37653203984835 ], [ -75.433505907221118, 6.376724822156499 ], [ -75.433344168142952, 6.376824313343249 ], [ -75.433191805869782, 6.37691760432138 ], [ -75.433144148841421, 6.376946854169388 ], [ -75.433109680777719, 6.376933369822293 ], [ -75.433044608484124, 6.376923251418678 ], [ -75.432985564403594, 6.376946385839029 ], [ -75.432941313349716, 6.376976046831743 ], [ -75.432897062290266, 6.377005707821699 ], [ -75.432821604448549, 6.377030526795902 ], [ -75.432759211885241, 6.377029048973931 ], [ -75.432709855017293, 6.376989785159525 ], [ -75.43266665979074, 6.376930437977705 ], [ -75.432646777670257, 6.376861551943491 ], [ -75.432666031722235, 6.376690796842673 ], [ -75.432652664794873, 6.376602196910763 ], [ -75.432622783457077, 6.376529444345183 ], [ -75.432586517750977, 6.376473732374309 ], [ -75.432553613132711, 6.376447556478078 ], [ -75.432499296576779, 6.376395174536266 ], [ -75.432448202957346, 6.376319804630613 ], [ -75.432441523408642, 6.376286811885757 ], [ -75.432437938547224, 6.376181590133458 ], [ -75.432427950217686, 6.376129091611331 ], [ -75.432360232469179, 6.375974978680216 ], [ -75.432314157614954, 6.375874343479654 ], [ -75.432253197957451, 6.375853796728176 ], [ -75.43219081842345, 6.375857242975561 ], [ -75.432122017759951, 6.37591651315309 ], [ -75.431949558973884, 6.375518684720626 ], [ -75.431920886634458, 6.375392823804202 ], [ -75.431870277428843, 6.375307949255628 ], [ -75.432126136101317, 6.375402216093184 ], [ -75.432235440534072, 6.37546611171056 ], [ -75.432400450530551, 6.375555534166836 ], [ -75.432489344402072, 6.375361565821137 ], [ -75.43262199360764, 6.375169860563559 ], [ -75.432691394207424, 6.374954124817227 ], [ -75.432469866089974, 6.374979916493731 ], [ -75.432385426790347, 6.374984158242031 ], [ -75.432246031686049, 6.374989884379115 ], [ -75.431822434650883, 6.374917974047831 ], [ -75.431835225894275, 6.374887661622128 ], [ -75.43196933626578, 6.374822850080691 ], [ -75.432234093051733, 6.374696667899757 ], [ -75.432329811644351, 6.374617952352073 ], [ -75.432490785651197, 6.374482396764846 ], [ -75.432652310043594, 6.374402925728479 ], [ -75.432634435019949, 6.374237324981304 ], [ -75.432603685424809, 6.374150222914293 ], [ -75.432558225995507, 6.374080051498478 ], [ -75.432503034227054, 6.374002315439464 ], [ -75.432479930536232, 6.373929076749814 ], [ -75.432475156622658, 6.373855790005413 ], [ -75.43250152209913, 6.373744605447257 ], [ -75.432431001705211, 6.373713492098146 ], [ -75.432305451301985, 6.373643177589174 ], [ -75.43226852019157, 6.37359596232413 ], [ -75.432094767605122, 6.373507050818552 ], [ -75.431947360904687, 6.373439097934543 ], [ -75.43188939752622, 6.373391937743386 ], [ -75.431865632764044, 6.373352573494659 ], [ -75.431804896198358, 6.373250223556968 ], [ -75.431741756949904, 6.373234618496949 ], [ -75.431625899080231, 6.373166582524376 ], [ -75.431585142275921, 6.373105806958482 ], [ -75.431549854798021, 6.373069697485423 ], [ -75.43155329808711, 6.372981348020508 ], [ -75.431521833457424, 6.372880958090454 ], [ -75.431480873007146, 6.372812507367994 ], [ -75.431407521478448, 6.372724296329899 ], [ -75.431378199287124, 6.372674676243997 ], [ -75.431348877102081, 6.372625056155148 ], [ -75.431326204167931, 6.372552066280391 ], [ -75.43133163044908, 6.372490611534501 ], [ -75.431343244288897, 6.372423224015593 ], [ -75.431344499116491, 6.372385912145935 ], [ -75.431283836233959, 6.372292980140112 ], [ -75.431254065760072, 6.372206294466249 ], [ -75.431262044747072, 6.372005619608794 ], [ -75.431283206290914, 6.371902094895384 ], [ -75.431322719553677, 6.371825421438557 ], [ -75.431003731273051, 6.371904906438109 ], [ -75.430673979887516, 6.371986141940737 ], [ -75.430540365536388, 6.371868851815154 ], [ -75.430407645913263, 6.371963169688805 ], [ -75.430343275742729, 6.371894579253248 ], [ -75.43018878929297, 6.37189055140465 ], [ -75.430016660311651, 6.372045369625365 ], [ -75.429905753406359, 6.372131124092784 ], [ -75.429647711875319, 6.372329631502966 ], [ -75.429530312925607, 6.372151199335905 ], [ -75.429504693090834, 6.372117804178329 ], [ -75.429451987989111, 6.372071941072102 ], [ -75.429419019406254, 6.372032598024718 ], [ -75.42937607969678, 6.371950565950344 ], [ -75.429312868125606, 6.371870098105898 ], [ -75.429269159533817, 6.37181804550352 ], [ -75.429206311025027, 6.371733498874419 ], [ -75.429161891791168, 6.371652587180773 ], [ -75.429150686042178, 6.371593687094123 ], [ -75.429102602301825, 6.371520151221975 ], [ -75.429054954238751, 6.37134847093684 ], [ -75.429015392662436, 6.37135516923337 ], [ -75.428979112247376, 6.37135526406298 ], [ -75.428922947583047, 6.371319138897596 ], [ -75.428863476191069, 6.371279725001408 ], [ -75.428820538999489, 6.371256755028035 ], [ -75.42875130213028, 6.371266828379748 ], [ -75.428682108041713, 6.371293388753785 ], [ -75.428602967916675, 6.371300190442459 ], [ -75.428535315532329, 6.371285528674361 ], [ -75.428467663150045, 6.37127086689656 ], [ -75.428378550658095, 6.371248017523865 ], [ -75.428341200721349, 6.371284864315476 ], [ -75.428249969823298, 6.37120275624002 ], [ -75.428169018383599, 6.371108842021008 ], [ -75.428101164463669, 6.37103901260181 ], [ -75.428048259488023, 6.370996359394975 ], [ -75.428029269366689, 6.370870262884766 ], [ -75.428013147365192, 6.370679477850402 ], [ -75.427960822519623, 6.370593821260572 ], [ -75.427871632540658, 6.370474556197949 ], [ -75.42784383387783, 6.370391899538626 ], [ -75.427812866307647, 6.370269418619901 ], [ -75.427792715537649, 6.370142897785712 ], [ -75.42776819763732, 6.37008073439685 ], [ -75.42775508150946, 6.370004400146809 ], [ -75.427742708020205, 6.369958491823698 ], [ -75.427730302260073, 6.369900332620953 ], [ -75.427736357504088, 6.369872752435089 ], [ -75.427745507797979, 6.369857415131842 ], [ -75.427684007561609, 6.369768757075972 ], [ -75.427582499280049, 6.36960976127256 ], [ -75.427511809192026, 6.369521127364876 ], [ -75.427476491952262, 6.369487529781889 ], [ -75.427441174717075, 6.369453932195469 ], [ -75.427413444294132, 6.36939275032681 ], [ -75.427355031546071, 6.369313272276098 ], [ -75.427290465169307, 6.369279155767265 ], [ -75.427140086296191, 6.369175415934103 ], [ -75.427026345004876, 6.369090147754225 ], [ -75.426899152408922, 6.369145017085312 ], [ -75.426804123592376, 6.369149789709383 ], [ -75.426781498851426, 6.369151356968415 ], [ -75.42674983814149, 6.369158980658401 ], [ -75.426681995200013, 6.369175748163235 ], [ -75.42665784200274, 6.369169778206688 ], [ -75.426606506852679, 6.369153321567782 ], [ -75.426579324900359, 6.369142834884996 ], [ -75.426543114996804, 6.369141421087437 ], [ -75.426410371228172, 6.369146292004235 ], [ -75.426347050105136, 6.369161539338241 ], [ -75.426277631538355, 6.369152671116428 ], [ -75.426244356239977, 6.36911957661138 ], [ -75.426199043561823, 6.369098579408327 ], [ -75.426147720529713, 6.369086647503501 ], [ -75.426088220496524, 6.369065106237228 ], [ -75.426036529202321, 6.369050895921859 ], [ -75.426019378696452, 6.369076761709219 ], [ -75.425999313351809, 6.369085420917255 ], [ -75.425953413726376, 6.36909127857382 ], [ -75.425930508589872, 6.369111421366377 ], [ -75.425919082175128, 6.369131534234159 ], [ -75.425868893125525, 6.3691431410618 ], [ -75.425841646259187, 6.36914895008466 ], [ -75.425804400180837, 6.36917199915788 ], [ -75.425744107305349, 6.369160680330067 ], [ -75.425707897040581, 6.369120511452418 ], [ -75.425764628809162, 6.369114582278423 ], [ -75.425832416408781, 6.369076721762289 ], [ -75.425833837094459, 6.36905760312622 ], [ -75.425727930371309, 6.369051997668231 ], [ -75.425708374872997, 6.368986600943047 ], [ -75.425671252610698, 6.368937721686264 ], [ -75.425633709341227, 6.368873760380119 ], [ -75.425625616697914, 6.368841751941567 ], [ -75.425550738848415, 6.368793902741197 ], [ -75.425505311616973, 6.368778006505246 ], [ -75.425434316558324, 6.368683437401721 ], [ -75.425424788379232, 6.36861273024437 ], [ -75.425365935843942, 6.368567508512516 ], [ -75.425341873549471, 6.368554225562166 ], [ -75.425305353290071, 6.36851270522214 ], [ -75.425261631792978, 6.368452930134036 ], [ -75.425234360579836, 6.368436667838387 ], [ -75.425219285833336, 6.36839859584096 ], [ -75.425212414967362, 6.368374113720826 ], [ -75.425197379037144, 6.368351013920155 ], [ -75.425182343108389, 6.36832791411874 ], [ -75.425152349194235, 6.36831165890989 ], [ -75.425106103088467, 6.368328112732054 ], [ -75.425106060577818, 6.368311779494981 ], [ -75.425130417451513, 6.368254549134102 ], [ -75.425083965887055, 6.36819205884446 ], [ -75.425132807160892, 6.368126598222912 ], [ -75.425163852789098, 6.368180392901437 ], [ -75.425206602048661, 6.368245772546584 ], [ -75.425265685361609, 6.368294736877728 ], [ -75.425326325340762, 6.36831258881803 ], [ -75.425465757872843, 6.368353702990025 ], [ -75.425549329002635, 6.368373132519563 ], [ -75.425632900136037, 6.368392562034222 ], [ -75.42590823872024, 6.368473708148328 ], [ -75.426022916711332, 6.368489781765097 ], [ -75.426086780816405, 6.368487978000736 ], [ -75.426142192020706, 6.368486412971945 ], [ -75.426120198385874, 6.368290721397007 ], [ -75.426107435252106, 6.368142220244271 ], [ -75.426094679867447, 6.36809176976401 ], [ -75.42609775366293, 6.368060209249478 ], [ -75.42612918159854, 6.368009643589168 ], [ -75.426195991336712, 6.367784389283933 ], [ -75.426210484626282, 6.367720727338069 ], [ -75.426219833379477, 6.367674951995316 ], [ -75.426219723075121, 6.367636388244357 ], [ -75.426179412320508, 6.367481318474978 ], [ -75.426363237831794, 6.367292464588944 ], [ -75.426387791994472, 6.367332149319753 ], [ -75.426548429177842, 6.367107272426531 ], [ -75.426676706301009, 6.366954904386986 ], [ -75.426744889757458, 6.366888355360537 ], [ -75.426788435755867, 6.366804712419822 ], [ -75.426760765933508, 6.366387942608425 ], [ -75.42674196937736, 6.366390794745467 ], [ -75.426733544455658, 6.366391259678722 ], [ -75.426700830560947, 6.366391715621146 ], [ -75.42663090579704, 6.366376430284776 ], [ -75.426529306178594, 6.366342478300541 ], [ -75.426380111167703, 6.366239419716792 ], [ -75.426356861192943, 6.366242386862651 ], [ -75.426316190766101, 6.366254118860552 ], [ -75.426266768629375, 6.366254247679128 ], [ -75.426244945684658, 6.366247038294381 ], [ -75.426170724357675, 6.366214462661888 ], [ -75.426117267434677, 6.366181476935467 ], [ -75.426060115884596, 6.366161777284304 ], [ -75.425987421072875, 6.366156153638567 ], [ -75.425952519622541, 6.366150431501813 ], [ -75.425880966690073, 6.366131649357117 ], [ -75.425814327789936, 6.366104294702698 ], [ -75.425784340372246, 6.366090000054592 ], [ -75.42572919481141, 6.366075770860772 ], [ -75.42561944879138, 6.36609646824841 ], [ -75.425460268137343, 6.366162820487332 ], [ -75.425383411087182, 6.366184982870402 ], [ -75.425306048402391, 6.366174267046926 ], [ -75.425196101811849, 6.366152591207446 ], [ -75.424987086581666, 6.366076229578467 ], [ -75.42483304464308, 6.366010693070578 ], [ -75.424794501820131, 6.365977837374396 ], [ -75.424728400895972, 6.365912084619613 ], [ -75.424612486824714, 6.365857123772866 ], [ -75.424590488753111, 6.365846187183722 ], [ -75.424535344051819, 6.365769424777895 ], [ -75.424480100251074, 6.365670700424257 ], [ -75.424446881303538, 6.365560899377556 ], [ -75.424391693402484, 6.365499811587069 ], [ -75.424336505514759, 6.365438723787804 ], [ -75.424303330363628, 6.365361904166306 ], [ -75.424314215119352, 6.365323422863687 ], [ -75.424336019922592, 6.36525195709318 ], [ -75.424236351658124, 6.364966529311181 ], [ -75.424201814947665, 6.36492357238083 ], [ -75.4241427643516, 6.364895351028421 ], [ -75.424043767472071, 6.364868149459692 ], [ -75.423907348568363, 6.364821081681921 ], [ -75.423805692542999, 6.364770780620339 ], [ -75.423730177087862, 6.364630250582102 ], [ -75.423662471468461, 6.364585379920591 ], [ -75.423560875544098, 6.364495550627854 ], [ -75.423504323463831, 6.364394355244925 ], [ -75.423458957867382, 6.364281856320908 ], [ -75.4233909598412, 6.364124394984938 ], [ -75.423334232334255, 6.36395562988559 ], [ -75.423333647308127, 6.363730397614648 ], [ -75.423400433290084, 6.36343744556696 ], [ -75.423422750398387, 6.363352931253979 ], [ -75.423437716006106, 6.363296256874383 ], [ -75.423894084068607, 6.363481081166804 ], [ -75.424182603539151, 6.363536141751188 ], [ -75.424322696238278, 6.363568529297372 ], [ -75.424364612958939, 6.363582373000978 ], [ -75.424490321124068, 6.363623904197785 ], [ -75.424601968598679, 6.36363756643935 ], [ -75.424685445702508, 6.363544347855819 ], [ -75.424796808654506, 6.363432436016811 ], [ -75.42485252066507, 6.363404385518864 ], [ -75.425299530415117, 6.363458991935794 ], [ -75.42529364663676, 6.363402518299593 ], [ -75.425263019982637, 6.363321507344952 ], [ -75.425202003970696, 6.363250711875352 ], [ -75.425156142975283, 6.363159604013471 ], [ -75.425152461774886, 6.363137870305169 ], [ -75.425145610058351, 6.363089627242211 ], [ -75.425242281374011, 6.363144175387538 ], [ -75.42527762048806, 6.363147332758119 ], [ -75.425293464608941, 6.363094028066407 ], [ -75.425335946004665, 6.363040654029291 ], [ -75.425351706995897, 6.362955391280205 ], [ -75.425346157886239, 6.362870184181409 ], [ -75.425308460739771, 6.362757920361965 ], [ -75.425249553163454, 6.362640894054424 ], [ -75.425212108352611, 6.362582401609539 ], [ -75.425137260025565, 6.362481395823458 ], [ -75.425126521739472, 6.362449465668004 ], [ -75.425072743081657, 6.362411405861455 ], [ -75.424992498118343, 6.362283782275104 ], [ -75.424965431304273, 6.362118735712722 ], [ -75.424949282508763, 6.362054861521813 ], [ -75.42492257575752, 6.362028299203772 ], [ -75.424893218990931, 6.362007070245864 ], [ -75.424863862226601, 6.361985841285757 ], [ -75.424839826129016, 6.361961935246003 ], [ -75.424783728159099, 6.36190082804929 ], [ -75.424756993734277, 6.36186361320311 ], [ -75.424751527839732, 6.361810363792324 ], [ -75.424736720674431, 6.361716849530928 ], [ -75.424732723495922, 6.361630128379359 ], [ -75.424728726321803, 6.361543407227201 ], [ -75.424713423729571, 6.361460486505466 ], [ -75.424675588422176, 6.3614153335599 ], [ -75.424464037177358, 6.36128767210466 ], [ -75.424260029504651, 6.361159990750443 ], [ -75.424154204980965, 6.361077305385383 ], [ -75.42409360245766, 6.360979418673394 ], [ -75.424063134682555, 6.360866369688861 ], [ -75.424059741219594, 6.360777406765396 ], [ -75.424077510955598, 6.360690722042956 ], [ -75.424088542104215, 6.360581336266011 ], [ -75.424099573252974, 6.360471950489377 ], [ -75.424069007583682, 6.360321192407518 ], [ -75.424068890049043, 6.360275941499977 ], [ -75.424053058756044, 6.359989391464942 ], [ -75.42401494941204, 6.359838652978877 ], [ -75.423954288348725, 6.359718140581815 ], [ -75.423863414033931, 6.359582623133397 ], [ -75.423765231300777, 6.359537627091942 ], [ -75.423697261572471, 6.359507636253355 ], [ -75.423651902925357, 6.359470044602967 ], [ -75.423568709243384, 6.359387300211337 ], [ -75.423541978154958, 6.359344861636071 ], [ -75.423515247071336, 6.359302423058434 ], [ -75.423515188337618, 6.359279797598645 ], [ -75.423492224874053, 6.359151645286414 ], [ -75.423492048680757, 6.359083768905951 ], [ -75.423461639957068, 6.35899334528747 ], [ -75.423416203074666, 6.358925586494117 ], [ -75.423370726771637, 6.358842744053823 ], [ -75.423325270342872, 6.358767443253269 ], [ -75.423257105015452, 6.35866203412029 ], [ -75.423219035497411, 6.358526379140183 ], [ -75.423158050189826, 6.358407079895127 ], [ -75.423150575047373, 6.358359326583387 ], [ -75.423154092363447, 6.358261273023582 ], [ -75.42316527053768, 6.358208450799998 ], [ -75.423263159403291, 6.358140319706381 ], [ -75.423217683502145, 6.358057477229814 ], [ -75.423187421689619, 6.358023617315317 ], [ -75.423179848898542, 6.358012324088451 ], [ -75.423179819544998, 6.358001011356446 ], [ -75.42318725535209, 6.357959511747675 ], [ -75.423217389958211, 6.357944349738613 ], [ -75.423236248548079, 6.357944300758716 ], [ -75.423277737587611, 6.357944193000158 ], [ -75.423319236411842, 6.357947856148732 ], [ -75.423356983089619, 6.357959070911599 ], [ -75.423436248024061, 6.357981490630842 ], [ -75.423511643518395, 6.357966211032687 ], [ -75.423556845407134, 6.357943467993071 ], [ -75.423617075719477, 6.357898060294618 ], [ -75.423647132002884, 6.357852730984151 ], [ -75.423632255257857, 6.357812248282398 ], [ -75.423629219611939, 6.357765838153742 ], [ -75.423626183967414, 6.357719428024871 ], [ -75.42364912724328, 6.35757363856029 ], [ -75.423651913897658, 6.357524083176912 ], [ -75.423653341697786, 6.357498692452173 ], [ -75.42365470055249, 6.357474527793542 ], [ -75.423647200747169, 6.357441194650569 ], [ -75.423909455529255, 6.357465088480371 ], [ -75.424104101138028, 6.357527306007388 ], [ -75.424392786089925, 6.357564189652506 ], [ -75.424618783504599, 6.357620053128929 ], [ -75.424737998961746, 6.357626015416137 ], [ -75.424851071093883, 6.357682172375176 ], [ -75.424882488015896, 6.357700907704032 ], [ -75.424932660790546, 6.357694504895504 ], [ -75.425039214823528, 6.357656593863432 ], [ -75.425108224914766, 6.357656414390369 ], [ -75.42519607215651, 6.357662458254456 ], [ -75.425258726897908, 6.357630933592344 ], [ -75.425327753279547, 6.357637026387827 ], [ -75.425403118365864, 6.357668191936459 ], [ -75.425440727468327, 6.357655549528982 ], [ -75.425484561511496, 6.357624073802103 ], [ -75.42551280917634, 6.357630272655199 ], [ -75.42559755199909, 6.357648869204821 ], [ -75.425669610419391, 6.357650196511656 ], [ -75.425715956366844, 6.357673214006246 ], [ -75.425762302317764, 6.357696231495789 ], [ -75.425818900569425, 6.357706367872295 ], [ -75.425870302580975, 6.357695950464875 ], [ -75.425901146355685, 6.357690728429287 ], [ -75.425926874095722, 6.357695803249332 ], [ -75.425978342945456, 6.357711094727894 ], [ -75.426029731407695, 6.357695535568822 ], [ -75.426101711607956, 6.357687635574932 ], [ -75.426091546136135, 6.357733938134211 ], [ -75.426137858676753, 6.357744101191042 ], [ -75.426194289796541, 6.357689965500803 ], [ -75.42626190749634, 6.357725862332456 ], [ -75.42630812643236, 6.357700033061336 ], [ -75.426380032984085, 6.357663853269802 ], [ -75.42655973895522, 6.357550266051655 ], [ -75.42673454283684, 6.357529243731658 ], [ -75.42683735995108, 6.357513550692001 ], [ -75.426878152935231, 6.357518942283937 ], [ -75.426918945919553, 6.35752433387247 ], [ -75.426943046484297, 6.357536303241607 ], [ -75.426991216484197, 6.357548209924799 ], [ -75.427085519248081, 6.357559996450757 ], [ -75.42715971208375, 6.357551781857332 ], [ -75.427195753435839, 6.357527623612237 ], [ -75.427316037438686, 6.357503246029396 ], [ -75.427484564494932, 6.357518849800576 ], [ -75.427664051026113, 6.357494224987256 ], [ -75.427698305587569, 6.357455972702421 ], [ -75.427740273785957, 6.357448230760563 ], [ -75.427751460684348, 6.357150277766749 ], [ -75.427804474845146, 6.356816129866099 ], [ -75.428053334686879, 6.356190811217959 ], [ -75.428001884173881, 6.356174597742691 ], [ -75.427897695305163, 6.356165554467008 ], [ -75.427851125498421, 6.3561856429251 ], [ -75.427774724406305, 6.356215104343303 ], [ -75.427635675385403, 6.356252963070613 ], [ -75.427579229287005, 6.356250807686809 ], [ -75.427544632152888, 6.356234778159798 ], [ -75.427514439791665, 6.356208749612146 ], [ -75.427458111050683, 6.356187798012134 ], [ -75.427355438568753, 6.356183209537346 ], [ -75.427203733163395, 6.35622241840302 ], [ -75.427177253525826, 6.356227640231789 ], [ -75.427151387344082, 6.356244639743165 ], [ -75.42713828339231, 6.356264742942452 ], [ -75.427118795155437, 6.356303783746291 ], [ -75.427100918803944, 6.356334672771471 ], [ -75.426983538383851, 6.356280460069507 ], [ -75.426832119504212, 6.356210526483101 ], [ -75.426429225178381, 6.355986299778172 ], [ -75.426429225178381, 6.355986299778172 ], [ -75.426460976895811, 6.355792728268154 ], [ -75.42655515961647, 6.355542655964143 ], [ -75.42668359196729, 6.355344644298762 ], [ -75.426709023641024, 6.355207063510678 ], [ -75.426951589589677, 6.355114644330445 ], [ -75.427150572491271, 6.354990445182511 ], [ -75.427411103383946, 6.354807181063176 ], [ -75.427804098267373, 6.354550658851786 ], [ -75.428093247845396, 6.354385960089947 ], [ -75.428142710692953, 6.354415695265885 ], [ -75.429361619366873, 6.354955051090021 ], [ -75.43054285218615, 6.355546551571924 ], [ -75.430969184203903, 6.355767978131514 ], [ -75.430992567093853, 6.355783207624348 ], [ -75.430840327946214, 6.356112741728288 ], [ -75.430718711913485, 6.356465274690838 ], [ -75.430520850681134, 6.35694817317411 ], [ -75.430360482743822, 6.357124699533074 ], [ -75.430178225849488, 6.357262580476783 ], [ -75.430279022846648, 6.357546626382717 ], [ -75.430311288945774, 6.357670697737616 ], [ -75.43034355506623, 6.357794769086661 ], [ -75.43037871231256, 6.357929957441657 ], [ -75.430538615698353, 6.358015502743136 ], [ -75.430996687471207, 6.358188265426571 ], [ -75.431239304353014, 6.358266436408253 ], [ -75.431525048470562, 6.358334902664953 ], [ -75.431715582132796, 6.358394965916994 ], [ -75.431914633669933, 6.358403097294426 ], [ -75.432122383814914, 6.358428508909308 ], [ -75.432451598586326, 6.358574725393311 ], [ -75.432884926216431, 6.358824488786263 ], [ -75.432875914823939, 6.358547049452998 ], [ -75.432929482643246, 6.35822965992549 ], [ -75.43301610625025, 6.357808447403929 ], [ -75.433027433837751, 6.357549583670071 ], [ -75.43306237172564, 6.357041893402094 ], [ -75.433034985012924, 6.356922477335567 ], [ -75.432710456676105, 6.357157060871126 ], [ -75.432575717989664, 6.357199544763919 ], [ -75.432533225589523, 6.357064835003763 ], [ -75.432474008879524, 6.356980726772961 ], [ -75.432381091232998, 6.356900919780272 ], [ -75.432261691273709, 6.356797873765664 ], [ -75.432459205943871, 6.356382908575282 ], [ -75.432747776143557, 6.356477919879696 ], [ -75.433018483189315, 6.356583907702859 ], [ -75.433122869061549, 6.356644013499167 ], [ -75.433172966563234, 6.356684775349481 ], [ -75.43342391380493, 6.3568086190883 ], [ -75.433583562654675, 6.357231418150057 ], [ -75.433672136850006, 6.357333348512637 ], [ -75.433776767418465, 6.357421292472957 ], [ -75.433992166768832, 6.357574751568491 ], [ -75.43418517933857, 6.357721518858946 ], [ -75.434270327293177, 6.357784501627779 ], [ -75.434368335289591, 6.357902444991891 ], [ -75.43442048779221, 6.358010261251543 ], [ -75.434485574362824, 6.358105089563471 ], [ -75.434565698881158, 6.358290818955126 ], [ -75.434662744780965, 6.358419378363362 ], [ -75.434779969784856, 6.358559961231557 ], [ -75.435000976554534, 6.358838261642861 ], [ -75.435100346410351, 6.358929955804969 ], [ -75.43514308072676, 6.358969305439012 ], [ -75.435170523590813, 6.359007474248168 ], [ -75.435223567297626, 6.359076532778981 ], [ -75.435280223353899, 6.359132834888872 ], [ -75.435346413829194, 6.359188585690577 ], [ -75.43538154909092, 6.359218924103703 ], [ -75.435416211185057, 6.359265884180314 ], [ -75.435425795558501, 6.359328593567354 ], [ -75.435476354822995, 6.359450793459759 ], [ -75.435523634280102, 6.359519677408478 ], [ -75.435626743996536, 6.359559345551341 ], [ -75.435770982806744, 6.359619699014412 ], [ -75.435866052843551, 6.359646564511323 ], [ -75.435971300765274, 6.359673403296321 ], [ -75.436150484592716, 6.359772272157467 ], [ -75.436237302675323, 6.359860364252508 ], [ -75.436301952497985, 6.35993137101377 ], [ -75.436373495040357, 6.360043031865564 ], [ -75.436431430302449, 6.360141170901731 ], [ -75.436455016201762, 6.360219024032446 ], [ -75.436481470810918, 6.360301062181114 ], [ -75.436487075893552, 6.36033566422553 ], [ -75.436524547972709, 6.360393184854437 ], [ -75.43656202006099, 6.36045070547873 ], [ -75.436570599799992, 6.360487965877117 ], [ -75.436552312687056, 6.360630366552606 ], [ -75.436545463280993, 6.360733511563449 ], [ -75.436518675970092, 6.360869155796212 ], [ -75.436516591751769, 6.360958589953013 ], [ -75.436538824758756, 6.361116737971698 ], [ -75.436588242277324, 6.361231748194371 ], [ -75.436654712734764, 6.361435692588849 ], [ -75.436680592291907, 6.361554814755824 ], [ -75.436685628415944, 6.361762210492206 ], [ -75.436707226408728, 6.361920504087455 ], [ -75.436750066705997, 6.362007655656972 ], [ -75.436771450577368, 6.362037396991616 ], [ -75.436814299271944, 6.362127741208911 ], [ -75.436825084822701, 6.362178262202219 ], [ -75.436837681461398, 6.362266758037658 ], [ -75.436852034923277, 6.362415894160643 ], [ -75.436833319281675, 6.362722711687688 ], [ -75.436880769857993, 6.362948859804492 ], [ -75.43699109586332, 6.363135715493233 ], [ -75.437148711582992, 6.363299314167502 ], [ -75.437292534018923, 6.363415112325749 ], [ -75.437436642974475, 6.363640251018408 ], [ -75.437512321012534, 6.363831400382641 ], [ -75.437622151871196, 6.364015625803052 ], [ -75.43768662160312, 6.36413881266702 ], [ -75.437775690751081, 6.364389285655529 ], [ -75.437801025945177, 6.364489501815982 ], [ -75.437819635050872, 6.364540913863038 ], [ -75.437855513009268, 6.364635824348063 ], [ -75.437918083206483, 6.364759305886902 ], [ -75.437994881490184, 6.364859386755527 ], [ -75.438060433393275, 6.364919734635589 ], [ -75.438116580367449, 6.364972544655304 ], [ -75.438206401252259, 6.365006615814466 ], [ -75.438299950951645, 6.365096096656778 ], [ -75.438319760817365, 6.365141094752937 ], [ -75.438339570687205, 6.365186092847523 ], [ -75.438318715929569, 6.365266900723497 ], [ -75.438303003295715, 6.365300296639117 ], [ -75.438297962626109, 6.365386329427285 ], [ -75.438326181072483, 6.365435409308868 ], [ -75.438389557376894, 6.365501951856965 ], [ -75.438435391667284, 6.365573807018151 ], [ -75.438474250010458, 6.365663235422939 ], [ -75.438509573935661, 6.365743895772325 ], [ -75.438603792652117, 6.365826652679813 ], [ -75.438636718750615, 6.365949002910118 ], [ -75.438664681538171, 6.366043156117308 ], [ -75.438653603562202, 6.366134132298731 ], [ -75.438628070202896, 6.366296440380911 ], [ -75.43863106069729, 6.366418024970523 ], [ -75.438652597190256, 6.366469899846266 ], [ -75.438681948228208, 6.366547063234167 ], [ -75.438710340390259, 6.366664928476373 ], [ -75.438690845202046, 6.3667267577766 ], [ -75.438620979064339, 6.36685611358905 ], [ -75.438671696901551, 6.366920566281762 ], [ -75.438747748011352, 6.367007417019451 ], [ -75.438857653011738, 6.367153148573132 ], [ -75.438987407617887, 6.367371838371421 ], [ -75.439117850968955, 6.367626145196575 ], [ -75.439196850896778, 6.367766341656863 ], [ -75.439225169447823, 6.367856126122225 ], [ -75.439242284914457, 6.367957172260892 ], [ -75.439236904591027, 6.368047045211586 ], [ -75.439197781381239, 6.368120158595243 ], [ -75.439164244943612, 6.368182024869933 ], [ -75.439108168710533, 6.368215869680483 ], [ -75.439046446608998, 6.368238496728735 ], [ -75.438989769533919, 6.368316216206228 ], [ -75.438946074825424, 6.368587156323373 ], [ -75.438745053838588, 6.368656042421573 ], [ -75.438663699672986, 6.36870740007127 ], [ -75.438647297599928, 6.368713312100546 ], [ -75.43856437097746, 6.368898664087973 ], [ -75.438546757468444, 6.368982206225375 ], [ -75.438567614431236, 6.369066858483456 ], [ -75.438631564269656, 6.369311411155094 ], [ -75.438701835926594, 6.369636929321992 ], [ -75.438724986328097, 6.369808956549418 ], [ -75.438717646606435, 6.369905054149445 ], [ -75.438669327495361, 6.369951153408566 ], [ -75.438618266051733, 6.369971995567401 ], [ -75.438540401180674, 6.369980545183675 ], [ -75.438462536304584, 6.369989094788739 ], [ -75.438332935860615, 6.370001939193875 ], [ -75.438205194910395, 6.370023838764893 ], [ -75.438130560391102, 6.370080118941399 ], [ -75.438056530099828, 6.370193254312215 ], [ -75.43809279205324, 6.370333490126888 ], [ -75.438101503780643, 6.370877505078026 ] ] ] ] } },
{ "type": "Feature", "properties": { "FID_": 0, "Name": "El Barro" }, "geometry": { "type": "MultiPolygon", "coordinates": [ [ [ [ -75.442163062086394, 6.373779431920037 ], [ -75.442161921483105, 6.37378072183134 ], [ -75.441970839386727, 6.373944808726346 ], [ -75.441762638814126, 6.37412451091311 ], [ -75.441731597767301, 6.37408691356555 ], [ -75.441668599745455, 6.37392193590586 ], [ -75.441652172281621, 6.373868757314562 ], [ -75.441651289996614, 6.373769518331849 ], [ -75.441521920406473, 6.373729077870117 ], [ -75.441413153372622, 6.3736985528815 ], [ -75.441378405667777, 6.373766339399873 ], [ -75.441181755114528, 6.374116636845942 ], [ -75.441024025084957, 6.374420863093762 ], [ -75.441005421504698, 6.374430776223925 ], [ -75.440988877130465, 6.37441887609497 ], [ -75.440977841850028, 6.374407880390542 ], [ -75.440863746552978, 6.374259807386375 ], [ -75.440795208555812, 6.374176843389504 ], [ -75.44071516354947, 6.374075994712299 ], [ -75.440624079041442, 6.373961853585911 ], [ -75.440537594308395, 6.373853212669497 ], [ -75.440452007865346, 6.373734004469961 ], [ -75.440394965917633, 6.373662953609397 ], [ -75.440347116610866, 6.373599228471859 ], [ -75.440311228144608, 6.373550630764051 ], [ -75.440281764103176, 6.373501557083537 ], [ -75.440264705324196, 6.373459800822521 ], [ -75.440252696683189, 6.373418950183327 ], [ -75.440241123938605, 6.373365696098412 ], [ -75.440232293784561, 6.373306463430414 ], [ -75.440232171687725, 6.373240777399626 ], [ -75.440229753146696, 6.373174178620205 ], [ -75.440230084878692, 6.373105735344327 ], [ -75.440232730987276, 6.373047851017311 ], [ -75.440237197518826, 6.372981693768812 ], [ -75.440240335873256, 6.372941722626589 ], [ -75.440244405782977, 6.372909098595586 ], [ -75.440244740935327, 6.372842492690997 ], [ -75.440223000516824, 6.37275113926491 ], [ -75.440213749859467, 6.372712578209801 ], [ -75.440207743421283, 6.372691004529648 ], [ -75.440205425635426, 6.372678608208382 ], [ -75.440205426203249, 6.372678606833736 ], [ -75.440192489745357, 6.372632707164612 ], [ -75.440178236190334, 6.372602491253742 ], [ -75.440159838182254, 6.372580949629185 ], [ -75.440134083363674, 6.372552077513261 ], [ -75.440117058786427, 6.37252869495299 ], [ -75.440106005644679, 6.372508053015488 ], [ -75.4400977147221, 6.372491997383432 ], [ -75.440088419698441, 6.372429550491187 ], [ -75.440069914158997, 6.372350131653394 ], [ -75.440046299615688, 6.372238112524114 ], [ -75.440030990508063, 6.372149957856157 ], [ -75.4400221518937, 6.372086131743034 ], [ -75.440016552365321, 6.372036536950825 ], [ -75.44000684962711, 6.372001651815535 ], [ -75.43999853141095, 6.371970897205136 ], [ -75.439988844036435, 6.371944280241858 ], [ -75.439973659543796, 6.371923189637387 ], [ -75.43995665803908, 6.371912209324949 ], [ -75.439919002230994, 6.371900363738431 ], [ -75.43984645368343, 6.371881718207503 ], [ -75.439770673743681, 6.371852975427159 ], [ -75.439703610383177, 6.371822372714056 ], [ -75.439644355944949, 6.371795424561236 ], [ -75.439601634676492, 6.371774405141126 ], [ -75.439567172742926, 6.371752445672018 ], [ -75.439516631478327, 6.371721800211648 ], [ -75.439474810202753, 6.371691132201569 ], [ -75.439431615503565, 6.371662305118589 ], [ -75.439379707647745, 6.371637175317224 ], [ -75.439314469883996, 6.371601055679861 ], [ -75.439249690221985, 6.371564475502877 ], [ -75.439181703058381, 6.371530659677862 ], [ -75.439119701812928, 6.371507393313695 ], [ -75.439060919163637, 6.371487334040101 ], [ -75.439004883376953, 6.371463592897479 ], [ -75.438933238303264, 6.371437136012033 ], [ -75.43888272522284, 6.371421648798963 ], [ -75.438813381707575, 6.371398860710051 ], [ -75.438778936016092, 6.371385628695965 ], [ -75.438724738589741, 6.371363260804001 ], [ -75.438676059600226, 6.371346850138288 ], [ -75.438632889673215, 6.371331343925555 ], [ -75.438607628879609, 6.371321303586838 ], [ -75.438553862296118, 6.371283776161714 ], [ -75.438501920430369, 6.371240272524977 ], [ -75.4384826131664, 6.37122332661782 ], [ -75.438433422434372, 6.371178437828626 ], [ -75.438376869832325, 6.371123462447818 ], [ -75.438321240244832, 6.371071240747075 ], [ -75.438256426635732, 6.371016286684008 ], [ -75.438201261127105, 6.370966819839593 ], [ -75.438141498504393, 6.370913230748848 ], [ -75.438101503780643, 6.370877505078026 ], [ -75.43809279205324, 6.370333490126888 ], [ -75.438056530099828, 6.370193254312215 ], [ -75.438130560391102, 6.370080118941399 ], [ -75.438205194910395, 6.370023838764893 ], [ -75.438332935860615, 6.370001939193875 ], [ -75.438462536304584, 6.369989094788739 ], [ -75.438540401180674, 6.369980545183675 ], [ -75.438618266051733, 6.369971995567401 ], [ -75.438669327495361, 6.369951153408566 ], [ -75.43871764660642, 6.369905054149444 ], [ -75.438724986328097, 6.369808956549418 ], [ -75.438701835926594, 6.369636929321992 ], [ -75.438631564269656, 6.369311411155094 ], [ -75.438567614431236, 6.369066858483456 ], [ -75.438546757468444, 6.368982206225375 ], [ -75.43856437097746, 6.368898664087973 ], [ -75.438647297599928, 6.368713312100546 ], [ -75.438663699672986, 6.36870740007127 ], [ -75.438745053838588, 6.368656042421573 ], [ -75.438946074825424, 6.368587156323373 ], [ -75.438989769533919, 6.368316216206228 ], [ -75.439046446608998, 6.368238496728735 ], [ -75.439108168710533, 6.368215869680483 ], [ -75.439164244943612, 6.368182024869933 ], [ -75.439197781381239, 6.368120158595243 ], [ -75.439236904591027, 6.368047045211586 ], [ -75.439242284914457, 6.367957172260892 ], [ -75.439225169447823, 6.367856126122225 ], [ -75.439196850896778, 6.367766341656863 ], [ -75.439117850968955, 6.367626145196575 ], [ -75.438987407617887, 6.367371838371421 ], [ -75.438857653011738, 6.367153148573132 ], [ -75.438747748011352, 6.367007417019451 ], [ -75.438671696901551, 6.366920566281762 ], [ -75.438620979064339, 6.36685611358905 ], [ -75.438690845202046, 6.3667267577766 ], [ -75.438710340390259, 6.366664928476373 ], [ -75.438681948228208, 6.366547063234167 ], [ -75.438652597190256, 6.366469899846266 ], [ -75.43863106069729, 6.366418024970523 ], [ -75.438628070202896, 6.366296440380911 ], [ -75.438653603562187, 6.366134132298731 ], [ -75.438664681538171, 6.366043156117308 ], [ -75.438636718750615, 6.365949002910118 ], [ -75.438603792652117, 6.365826652679813 ], [ -75.438509573935661, 6.365743895772325 ], [ -75.438474250010458, 6.365663235422939 ], [ -75.438435391667284, 6.365573807018151 ], [ -75.438389557376894, 6.365501951856965 ], [ -75.438326181072483, 6.365435409308868 ], [ -75.438297962626109, 6.365386329427285 ], [ -75.438303003295715, 6.365300296639117 ], [ -75.438318715929569, 6.365266900723497 ], [ -75.438339570687205, 6.365186092847523 ], [ -75.438319760817365, 6.365141094752937 ], [ -75.438299950951645, 6.365096096656778 ], [ -75.438206401252259, 6.365006615814466 ], [ -75.438116580367449, 6.364972544655304 ], [ -75.438060433393275, 6.364919734635589 ], [ -75.437994881490184, 6.364859386755527 ], [ -75.437918083206483, 6.364759305886902 ], [ -75.437855513009268, 6.364635824348063 ], [ -75.437819635050872, 6.364540913863038 ], [ -75.437801025945177, 6.364489501815982 ], [ -75.437775690751081, 6.364389285655529 ], [ -75.43768662160312, 6.36413881266702 ], [ -75.437622151871196, 6.364015625803052 ], [ -75.437512321012534, 6.363831400382641 ], [ -75.437436642974475, 6.363640251018408 ], [ -75.437292534018923, 6.363415112325749 ], [ -75.437148711582992, 6.363299314167502 ], [ -75.43699109586332, 6.363135715493233 ], [ -75.436880769857993, 6.362948859804492 ], [ -75.436833319281675, 6.362722711687688 ], [ -75.436852034923277, 6.362415894160643 ], [ -75.436837681461398, 6.362266758037658 ], [ -75.436825084822701, 6.362178262202219 ], [ -75.436814299271944, 6.362127741208911 ], [ -75.436771450577368, 6.362037396991616 ], [ -75.436750066705997, 6.362007655656972 ], [ -75.436707226408728, 6.361920504087455 ], [ -75.436685628415944, 6.361762210492206 ], [ -75.436680592291907, 6.361554814755824 ], [ -75.436654712734764, 6.361435692588849 ], [ -75.436588242277324, 6.361231748194371 ], [ -75.436538824758756, 6.361116737971698 ], [ -75.436516591751769, 6.360958589953013 ], [ -75.436518675970092, 6.360869155796212 ], [ -75.436545463280993, 6.360733511563449 ], [ -75.436552312687056, 6.360630366552606 ], [ -75.436570599799978, 6.360487965877118 ], [ -75.43656202006099, 6.36045070547873 ], [ -75.436524547972709, 6.360393184854437 ], [ -75.436487075893552, 6.36033566422553 ], [ -75.436481470810918, 6.360301062181114 ], [ -75.436455016201762, 6.360219024032446 ], [ -75.436431430302449, 6.360141170901731 ], [ -75.436373495040357, 6.360043031865564 ], [ -75.436301952497985, 6.35993137101377 ], [ -75.436237302675323, 6.359860364252508 ], [ -75.436150484592716, 6.359772272157467 ], [ -75.435971300765274, 6.359673403296321 ], [ -75.435866052843551, 6.359646564511323 ], [ -75.435770982806744, 6.359619699014412 ], [ -75.435626743996536, 6.359559345551341 ], [ -75.435523634280102, 6.359519677408478 ], [ -75.435476354822995, 6.359450793459759 ], [ -75.435425795558501, 6.359328593567354 ], [ -75.435416211185043, 6.359265884180314 ], [ -75.43538154909092, 6.359218924103703 ], [ -75.435346413829194, 6.359188585690577 ], [ -75.435280223353871, 6.359132834888873 ], [ -75.435223567297626, 6.359076532778981 ], [ -75.435170523590813, 6.359007474248168 ], [ -75.43514308072676, 6.358969305439012 ], [ -75.435100346410337, 6.358929955804968 ], [ -75.435000976554534, 6.358838261642861 ], [ -75.434779969784856, 6.358559961231557 ], [ -75.434662744780965, 6.358419378363362 ], [ -75.434565698881158, 6.358290818955126 ], [ -75.434485574362824, 6.358105089563471 ], [ -75.43442048779221, 6.358010261251543 ], [ -75.434368335289591, 6.357902444991891 ], [ -75.434270327293177, 6.357784501627779 ], [ -75.43418517933857, 6.357721518858946 ], [ -75.433992166768832, 6.357574751568491 ], [ -75.433776767418465, 6.357421292472957 ], [ -75.433672136850006, 6.357333348512637 ], [ -75.433583562654675, 6.357231418150057 ], [ -75.43342391380493, 6.3568086190883 ], [ -75.433172966563234, 6.356684775349481 ], [ -75.433122869061549, 6.356644013499167 ], [ -75.433018483189315, 6.356583907702859 ], [ -75.432747776143557, 6.356477919879696 ], [ -75.432459205943871, 6.356382908575282 ], [ -75.432261691273709, 6.356797873765664 ], [ -75.432381091232998, 6.356900919780272 ], [ -75.43247400887951, 6.35698072677296 ], [ -75.432533225589523, 6.357064835003763 ], [ -75.432575717989664, 6.357199544763919 ], [ -75.432710456676105, 6.357157060871126 ], [ -75.433034985012924, 6.356922477335567 ], [ -75.43306237172564, 6.357041893402094 ], [ -75.433027433837751, 6.357549583670071 ], [ -75.43301610625025, 6.357808447403929 ], [ -75.432929482643246, 6.35822965992549 ], [ -75.432875914823939, 6.358547049452998 ], [ -75.432884926216431, 6.358824488786263 ], [ -75.432451598586326, 6.358574725393311 ], [ -75.432122383814914, 6.358428508909308 ], [ -75.431914633669933, 6.358403097294426 ], [ -75.431715582132796, 6.358394965916994 ], [ -75.431525048470562, 6.358334902664953 ], [ -75.431239304353014, 6.358266436408253 ], [ -75.430996687471207, 6.358188265426571 ], [ -75.430538615698353, 6.358015502743136 ], [ -75.43037871231256, 6.357929957441657 ], [ -75.43034355506623, 6.357794769086661 ], [ -75.430311288945774, 6.357670697737616 ], [ -75.430279022846634, 6.357546626382717 ], [ -75.430178225849488, 6.357262580476783 ], [ -75.430360482743822, 6.357124699533074 ], [ -75.430520850681134, 6.35694817317411 ], [ -75.430718711913485, 6.356465274690838 ], [ -75.430840327946214, 6.356112741728288 ], [ -75.430992567093853, 6.355783207624348 ], [ -75.430969184203903, 6.355767978131514 ], [ -75.430559281704504, 6.355555084678168 ], [ -75.4305008797661, 6.355125762875194 ], [ -75.430418443468625, 6.354345589799686 ], [ -75.430745157444449, 6.354355170898514 ], [ -75.432236857981096, 6.354403993894966 ], [ -75.432291319554466, 6.353958168803668 ], [ -75.432328967720025, 6.353571577447475 ], [ -75.432377376590694, 6.353374719245864 ], [ -75.432685973463862, 6.353641775908474 ], [ -75.432917151502352, 6.353852798894502 ], [ -75.432994394195987, 6.353943941312853 ], [ -75.433071636917788, 6.354035083713593 ], [ -75.433477493008013, 6.35414533954458 ], [ -75.433657649663516, 6.354301391164566 ], [ -75.43385547412862, 6.354561744975882 ], [ -75.4338915720015, 6.354655224873318 ], [ -75.433960180722366, 6.354624828844253 ], [ -75.434077244840751, 6.354574907458045 ], [ -75.434183857206321, 6.354535831444352 ], [ -75.434300474884353, 6.354613120432875 ], [ -75.434332964662019, 6.354671231128548 ], [ -75.434404140927029, 6.354683977077616 ], [ -75.434513936302693, 6.354625494117602 ], [ -75.434595424065876, 6.354716554690377 ], [ -75.434718234998385, 6.354718264990966 ], [ -75.434824793559159, 6.354761794806865 ], [ -75.434858095549387, 6.354745038285936 ], [ -75.43490799359374, 6.354699066992348 ], [ -75.434995481696845, 6.354682168574303 ], [ -75.435060395906774, 6.354673665648731 ], [ -75.435050833338224, 6.35471722545614 ], [ -75.435050972550584, 6.354770434306371 ], [ -75.43508497912859, 6.354823554289228 ], [ -75.435123735069823, 6.354842801515707 ], [ -75.435188465476941, 6.354846733054618 ], [ -75.435230162172672, 6.354837685635021 ], [ -75.435268804481964, 6.354813398385895 ], [ -75.435314665738176, 6.354774580725474 ], [ -75.435411419309901, 6.354777180917772 ], [ -75.435467220191839, 6.354832227369064 ], [ -75.435502655259327, 6.354845125877771 ], [ -75.435761240087871, 6.354180072169584 ], [ -75.435767965311371, 6.354132109780767 ], [ -75.435726646458619, 6.354050027146464 ], [ -75.435520428807564, 6.353783447044898 ], [ -75.435444469668724, 6.353639027263137 ], [ -75.435311253788313, 6.35332829375719 ], [ -75.435231466914772, 6.353348126080354 ], [ -75.435151568283771, 6.353335027461103 ], [ -75.435098325643025, 6.353335166870703 ], [ -75.435036244084216, 6.353348637252808 ], [ -75.434938656010374, 6.353357764814008 ], [ -75.434889850510885, 6.353357892586031 ], [ -75.434809727563476, 6.353318016688887 ], [ -75.43472883131524, 6.352923425294516 ], [ -75.434670908547133, 6.352830421171273 ], [ -75.4347685081393, 6.35282572976885 ], [ -75.434936970139063, 6.352772056929594 ], [ -75.43507351928929, 6.352725000911126 ], [ -75.434899903621186, 6.352543433196505 ], [ -75.4346176972401, 6.352145203561998 ], [ -75.434528373976008, 6.351926561328356 ], [ -75.434766589164013, 6.351955657962889 ], [ -75.434991344463683, 6.352028282593359 ], [ -75.435084162887776, 6.352052443805584 ], [ -75.435220942986234, 6.352086251821005 ], [ -75.435299039538151, 6.352081166483026 ], [ -75.435372228505372, 6.35206633224275 ], [ -75.435499002483752, 6.352007430021076 ], [ -75.435616076757697, 6.351972957524851 ], [ -75.435757445152291, 6.351894493552477 ], [ -75.435903580593035, 6.351772089413142 ], [ -75.43601577272959, 6.351737629630378 ], [ -75.436025402411417, 6.351686355453274 ], [ -75.436049562402161, 6.351591115566039 ], [ -75.436103147315109, 6.35154704737897 ], [ -75.436168873019369, 6.351478543298716 ], [ -75.436210215205051, 6.351419864742802 ], [ -75.436230672284694, 6.351346441255245 ], [ -75.436116557337186, 6.351153641903486 ], [ -75.435981134388129, 6.35086884578031 ], [ -75.43596421326302, 6.350838472866165 ], [ -75.436255787277886, 6.350539876070519 ], [ -75.436432819337668, 6.350358355724067 ], [ -75.436615982175496, 6.350394253771141 ], [ -75.436799145025503, 6.350430151747901 ], [ -75.436834432209835, 6.350559124583051 ], [ -75.436869719418056, 6.350688097411448 ], [ -75.436922878002378, 6.350965050734651 ], [ -75.436975977842252, 6.351219537198515 ], [ -75.437097237360177, 6.351758426463892 ], [ -75.437255424376943, 6.352021413465209 ], [ -75.437360555763405, 6.352122239080817 ], [ -75.437600390889543, 6.35228915296721 ], [ -75.437641412711073, 6.352419950351962 ], [ -75.437730801793435, 6.352051117286283 ], [ -75.437821519146425, 6.351868754447699 ], [ -75.438123274273863, 6.351577604717524 ], [ -75.438231839115005, 6.351447263693967 ], [ -75.438340403903624, 6.351316922658638 ], [ -75.438383595671311, 6.351372233079447 ], [ -75.438605549103045, 6.351448569935649 ], [ -75.438718806457885, 6.351493519169743 ], [ -75.438894837808476, 6.351421654646074 ], [ -75.438974353626293, 6.351396581812462 ], [ -75.439019091598468, 6.351386518556189 ], [ -75.439073842726927, 6.351401293461093 ], [ -75.439304689656709, 6.351584729642958 ], [ -75.43958910456081, 6.352083418533108 ], [ -75.439966530625824, 6.352080968684874 ], [ -75.440822642315183, 6.352073970141154 ], [ -75.44080145513071, 6.352001476702994 ], [ -75.440801219597603, 6.35191179392594 ], [ -75.44081336593095, 6.351879149757451 ], [ -75.440866285530859, 6.351846398575311 ], [ -75.440951866561576, 6.351829867467544 ], [ -75.441102738057893, 6.35183354737075 ], [ -75.441163983619489, 6.351865998392904 ], [ -75.441332040127179, 6.351959280980985 ], [ -75.441376949487534, 6.35198158376212 ], [ -75.441425882623165, 6.351983493441758 ], [ -75.441454359643032, 6.351958959287153 ], [ -75.441531732440836, 6.351922067158237 ], [ -75.441613236113412, 6.351905546839919 ], [ -75.441768184920676, 6.351909215645587 ], [ -75.441821265151802, 6.351937611660804 ], [ -75.441845857677677, 6.351986465126926 ], [ -75.441834132740283, 6.352158183683387 ], [ -75.441789517850793, 6.352247984417278 ], [ -75.441712305743593, 6.352346024048292 ], [ -75.441565929261742, 6.352501316752661 ], [ -75.441518351068268, 6.352602049783518 ], [ -75.441599785342561, 6.352622879901886 ], [ -75.441641715751686, 6.352670537206218 ], [ -75.441671764977485, 6.352742109739471 ], [ -75.44168972843336, 6.352759975290508 ], [ -75.441737607589602, 6.352798660484485 ], [ -75.441839330059182, 6.352873029880879 ], [ -75.441987678903232, 6.352953081977987 ], [ -75.442338123882351, 6.352447544070881 ], [ -75.442383685539824, 6.352325092990116 ], [ -75.442541616571603, 6.352044419165275 ], [ -75.442702797077061, 6.351536746946524 ], [ -75.443091333474811, 6.351725069667252 ], [ -75.443192139323642, 6.351933630724171 ], [ -75.443384627245408, 6.352058419678453 ], [ -75.443610314165113, 6.352099590326436 ], [ -75.443852798563952, 6.352174129118399 ], [ -75.443920073283138, 6.35219947500403 ], [ -75.444011975043239, 6.352199232841027 ], [ -75.444128896801431, 6.352182218647215 ], [ -75.444512619348529, 6.351955674805599 ], [ -75.444722818381592, 6.352156492937829 ], [ -75.444940568674966, 6.352356392027638 ], [ -75.445191760178517, 6.352564555736769 ], [ -75.445334032361643, 6.352656064115935 ], [ -75.445409467071798, 6.352747748596105 ], [ -75.445393307915339, 6.352956617531381 ], [ -75.445427387167086, 6.353207119016276 ], [ -75.445486132929645, 6.353299920564488 ], [ -75.445523938425779, 6.353379174859683 ], [ -75.445561743935542, 6.353458429149406 ], [ -75.445562052210747, 6.353575370988 ], [ -75.445571681529344, 6.353727576252207 ], [ -75.445523825972259, 6.353829960636844 ], [ -75.4454654276431, 6.353888655774995 ], [ -75.445437733320546, 6.354015033947266 ], [ -75.445412633484963, 6.354245453128061 ], [ -75.445465719911311, 6.354488824753932 ], [ -75.445524531513868, 6.35468296152942 ], [ -75.445634428078037, 6.354854549153127 ], [ -75.445719810684565, 6.355041885906981 ], [ -75.445875506265693, 6.355128906313981 ], [ -75.446079682193428, 6.355176940206081 ], [ -75.446351771937216, 6.355185936385171 ], [ -75.446497520315106, 6.355185551464441 ], [ -75.446626200601287, 6.355268708790424 ], [ -75.446648396313819, 6.35528715605304 ], [ -75.446673008177001, 6.355408523442944 ], [ -75.446656668654086, 6.355466276329928 ], [ -75.44659968293594, 6.355513797313244 ], [ -75.446548941874042, 6.355536504713094 ], [ -75.446340169877104, 6.355565272833577 ], [ -75.446114568887594, 6.355633588719781 ], [ -75.446030050192945, 6.355690245331427 ], [ -75.446035977531054, 6.355797453216737 ], [ -75.446070319489593, 6.355971085441115 ], [ -75.446087779894597, 6.356038551628528 ], [ -75.446152767770528, 6.356091300998907 ], [ -75.446240623334745, 6.356121903488462 ], [ -75.44635244628509, 6.356187076439049 ], [ -75.446353577665789, 6.356202345383626 ], [ -75.44638465366404, 6.356518687471406 ], [ -75.446336865467359, 6.356819965938808 ], [ -75.44631781672561, 6.356965735047362 ], [ -75.446387831469607, 6.357354727176933 ], [ -75.446405903710698, 6.357503522448195 ], [ -75.446412767903098, 6.357559418360491 ], [ -75.446408402324877, 6.357601924359232 ], [ -75.446389529262731, 6.357660958923855 ], [ -75.446381564938122, 6.357721159596945 ], [ -75.446392077492632, 6.357756858111917 ], [ -75.446388420741812, 6.357793850629014 ], [ -75.44637081405169, 6.357824529364541 ], [ -75.446341371329979, 6.357860695041869 ], [ -75.446311331158952, 6.357886181474046 ], [ -75.446264946212111, 6.357915498867256 ], [ -75.446233578155088, 6.357941133445203 ], [ -75.446229870450793, 6.357975641389301 ], [ -75.446227084129873, 6.358026888772965 ], [ -75.446230067623361, 6.358094985109224 ], [ -75.446234820473606, 6.358136712449142 ], [ -75.446241961571772, 6.358203941146716 ], [ -75.446224329438067, 6.35829375955555 ], [ -75.446193948079241, 6.358347071150885 ], [ -75.44615107669506, 6.358437449342004 ], [ -75.446123001848406, 6.358528581957509 ], [ -75.446099437784795, 6.358622825622017 ], [ -75.446096568205434, 6.358679424192903 ], [ -75.446076657065348, 6.358759888841011 ], [ -75.446059400957054, 6.358857732977891 ], [ -75.446039843568485, 6.358890490734061 ], [ -75.445960168304936, 6.358977064798816 ], [ -75.445917889998043, 6.359051116478685 ], [ -75.445772776591511, 6.359174437259657 ], [ -75.445703061118024, 6.359252854145344 ], [ -75.445675191922419, 6.359290647171052 ], [ -75.445637611089609, 6.359357803100478 ], [ -75.445569371178323, 6.359465553545375 ], [ -75.445512702713131, 6.359550473743334 ], [ -75.445472169978871, 6.359631468600742 ], [ -75.445454778348704, 6.359688421732746 ], [ -75.445445549155082, 6.359735104514971 ], [ -75.445422053518911, 6.35976394678603 ], [ -75.445406463533956, 6.359811082692242 ], [ -75.445398547004871, 6.359866968833101 ], [ -75.445411959551649, 6.359987286410471 ], [ -75.445419913324443, 6.360023894641982 ], [ -75.445427867098914, 6.360060502873079 ], [ -75.445426947575697, 6.360096485417912 ], [ -75.445391696403476, 6.360156844786869 ], [ -75.445356480213036, 6.36023030540281 ], [ -75.445326227157949, 6.360346341370063 ], [ -75.445318368044155, 6.36039664058451 ], [ -75.445325238102299, 6.360433474261916 ], [ -75.445361370955041, 6.360511347750506 ], [ -75.445428534594242, 6.360617389399504 ], [ -75.445490481244562, 6.360696033347806 ], [ -75.445497576060305, 6.360785101398382 ], [ -75.445490897194176, 6.360853647389911 ], [ -75.445443202122092, 6.360906949089441 ], [ -75.445381441916439, 6.360962269397983 ], [ -75.445309616220626, 6.361007587536972 ], [ -75.445284561008123, 6.361023532233751 ], [ -75.445213094660886, 6.36107005851724 ], [ -75.445132474955116, 6.361115079722795 ], [ -75.445075274290403, 6.361155313161299 ], [ -75.445024534218206, 6.361191293830581 ], [ -75.444993238601157, 6.361230210390495 ], [ -75.444961942979589, 6.361269126949462 ], [ -75.444912910854072, 6.361385758284404 ], [ -75.444855762602273, 6.361476123219982 ], [ -75.444817076767208, 6.361533027677614 ], [ -75.444782291479044, 6.361584544584862 ], [ -75.44476623961458, 6.361626973269129 ], [ -75.4447602796632, 6.361665338716511 ], [ -75.444777458916263, 6.361719870518764 ], [ -75.444809031615804, 6.361764111284769 ], [ -75.444845597641859, 6.361792356102976 ], [ -75.444888886578838, 6.361810028843701 ], [ -75.444918173910949, 6.361823503588228 ], [ -75.444984821581556, 6.361857207846159 ], [ -75.4450197027884, 6.361902007157602 ], [ -75.44498688608887, 6.361976495005958 ], [ -75.444968491809988, 6.362026211582799 ], [ -75.44495935341611, 6.362070927686227 ], [ -75.444952466892346, 6.362141085250268 ], [ -75.444947487712795, 6.362168346748845 ], [ -75.444936390477721, 6.362206180198815 ], [ -75.444925293241539, 6.36224401364884 ], [ -75.444888833910596, 6.362279345693803 ], [ -75.444829970005586, 6.362287596320126 ], [ -75.444787843432167, 6.362292024937144 ], [ -75.444723019757078, 6.362293815128728 ], [ -75.44463393982987, 6.36231617718707 ], [ -75.444616465660118, 6.362361395758019 ], [ -75.444612804691687, 6.362404163327119 ], [ -75.4446053878481, 6.362442618709213 ], [ -75.444586924425707, 6.362463633608678 ], [ -75.444576696574799, 6.362472716948086 ], [ -75.444552923087201, 6.362487045860008 ], [ -75.444552923087201, 6.362487045860005 ], [ -75.444516505955562, 6.362487425911816 ], [ -75.444477803077149, 6.362478908548032 ], [ -75.444440229224796, 6.362469630011581 ], [ -75.444411010568004, 6.362464497344145 ], [ -75.444340591823263, 6.362437302712848 ], [ -75.444275117974527, 6.36240245752954 ], [ -75.444181360549052, 6.362344107893847 ], [ -75.444107959566168, 6.362299165656003 ], [ -75.444080201669493, 6.362320541209614 ], [ -75.444052443770374, 6.362341916762206 ], [ -75.444003459370094, 6.362400395921099 ], [ -75.44395447495917, 6.362458875077587 ], [ -75.443954517092706, 6.362514078449879 ], [ -75.443938870810968, 6.362563532413147 ], [ -75.443969889677632, 6.362650629941245 ], [ -75.443992238724448, 6.362687618434848 ], [ -75.444006206722577, 6.36271073619028 ], [ -75.443989223844113, 6.362759976944898 ], [ -75.443961151040796, 6.362818937990524 ], [ -75.44395196386985, 6.362835261467017 ], [ -75.443942776698421, 6.362851584943453 ], [ -75.443922217543744, 6.362881521124433 ], [ -75.443901658386878, 6.362911457305068 ], [ -75.443873679650451, 6.362961549801917 ], [ -75.443852974779105, 6.362996196237883 ], [ -75.443832269905315, 6.363030842673563 ], [ -75.443822784677749, 6.36306263899959 ], [ -75.443813799792082, 6.363102565539674 ], [ -75.443840867777851, 6.363166267208631 ], [ -75.443873847886252, 6.363203542734268 ], [ -75.443908012555625, 6.363251419120826 ], [ -75.443911252067267, 6.363280591884681 ], [ -75.443900912530395, 6.363327650088333 ], [ -75.443890572992544, 6.363374708292096 ], [ -75.443870007825581, 6.363439481177461 ], [ -75.443855343669981, 6.363481636709331 ], [ -75.443849947905306, 6.363492324383206 ], [ -75.443855340707884, 6.363522117592506 ], [ -75.443849776053725, 6.363543967511782 ], [ -75.443830477194112, 6.363573603061994 ], [ -75.443814873388348, 6.363614694642027 ], [ -75.443800754059524, 6.363655686154292 ], [ -75.44378149872972, 6.363681290403521 ], [ -75.44372659239049, 6.363696405098372 ], [ -75.443631675655809, 6.363692913152672 ], [ -75.443559164758582, 6.363661917321806 ], [ -75.443493788212663, 6.363600671467549 ], [ -75.443407520671244, 6.363616114197034 ], [ -75.443384055436766, 6.363728453699999 ], [ -75.443402973062973, 6.363816292055904 ], [ -75.443422744067902, 6.363906740960509 ], [ -75.443414313461474, 6.363956272707457 ], [ -75.443408825096085, 6.363981580444092 ], [ -75.443387910088191, 6.364012880554622 ], [ -75.443357030018305, 6.364046276447473 ], [ -75.443319570910802, 6.364068039293921 ], [ -75.443300435535974, 6.364077528986061 ], [ -75.44325647536246, 6.364126683741458 ], [ -75.443231113852121, 6.364161713443952 ], [ -75.443218270153295, 6.364197026259741 ], [ -75.44321173291344, 6.364250519725866 ], [ -75.443223287319739, 6.364326280374009 ], [ -75.443257502427286, 6.364443423230899 ], [ -75.443257664370023, 6.364504852125294 ], [ -75.443249195090672, 6.364535012733283 ], [ -75.443214098564809, 6.36459085000913 ], [ -75.44316726193739, 6.364649652357206 ], [ -75.443096999740263, 6.364735110493861 ], [ -75.443017327662687, 6.364854187592154 ], [ -75.442969899201529, 6.364917708147621 ], [ -75.442938367112987, 6.364993073641951 ], [ -75.44294246904127, 6.36504457178749 ], [ -75.442974324899126, 6.365092034415741 ], [ -75.443018048326522, 6.365127579060558 ], [ -75.443073670657071, 6.365163092304322 ], [ -75.443161044421004, 6.365206446342286 ], [ -75.443252468350337, 6.365281487382595 ], [ -75.443415838039371, 6.365448995327037 ], [ -75.443511259554683, 6.365535912418431 ], [ -75.443668573150077, 6.365661586222844 ], [ -75.443730357984762, 6.36569989259592 ], [ -75.443817815584708, 6.365755198708879 ], [ -75.443891760678142, 6.365810233391159 ], [ -75.443926340778603, 6.365854996694971 ], [ -75.443933627285958, 6.365883789469168 ], [ -75.44394447059716, 6.365946323258839 ], [ -75.443948027400793, 6.365980064274448 ], [ -75.443983302466023, 6.366084012157858 ], [ -75.444056457472513, 6.366262100179199 ], [ -75.444111321884066, 6.366364475378496 ], [ -75.444167454771701, 6.366494369194154 ], [ -75.444245972653491, 6.366650212071418 ], [ -75.444315505377276, 6.366761397494835 ], [ -75.444395802767389, 6.366896025114722 ], [ -75.444595275593187, 6.366986854301804 ], [ -75.444801401523321, 6.36712334380614 ], [ -75.444992863107629, 6.367272378907555 ], [ -75.445148990928516, 6.367432914369519 ], [ -75.445237656699504, 6.367558085473737 ], [ -75.445270360554233, 6.367618379430024 ], [ -75.445303064417644, 6.367678673382475 ], [ -75.44533055592062, 6.367746187723777 ], [ -75.445358047432336, 6.367813702061913 ], [ -75.445324528826731, 6.367877527832234 ], [ -75.445295068543317, 6.367980212927093 ], [ -75.445281832672947, 6.368085555441681 ], [ -75.445301548970463, 6.368176592082516 ], [ -75.445360698614152, 6.368315240878985 ], [ -75.445462613118437, 6.368459115400884 ], [ -75.445564457147967, 6.368576296552359 ], [ -75.445644841210665, 6.368661502503238 ], [ -75.445722464887425, 6.369024394428866 ], [ -75.446081279009178, 6.369001933928425 ], [ -75.446204008010881, 6.369279321360859 ], [ -75.446266149755189, 6.369461732736101 ], [ -75.446312232401027, 6.369636518432113 ], [ -75.44635318088902, 6.369779616859234 ], [ -75.446443334430569, 6.370040204430974 ], [ -75.446495355511757, 6.370340834414749 ], [ -75.446589481155556, 6.370776554639082 ], [ -75.446483312379314, 6.37064463312181 ], [ -75.444838278710918, 6.371197916450371 ], [ -75.444336863855241, 6.370789979009416 ], [ -75.444321425559622, 6.370842198464013 ], [ -75.44432147632719, 6.370872054968435 ], [ -75.444321035373619, 6.370882620731428 ], [ -75.44432013472148, 6.370892728317322 ], [ -75.444316938700453, 6.370902382341092 ], [ -75.444313740336213, 6.370910658372355 ], [ -75.444308248165001, 6.370919399503142 ], [ -75.444303213349158, 6.370927220818499 ], [ -75.444298179314202, 6.370935501464675 ], [ -75.444293144498062, 6.370943322779992 ], [ -75.444287652326224, 6.370952063910695 ], [ -75.444282157030145, 6.370958967718011 ], [ -75.444276663295923, 6.370966790186984 ], [ -75.444271627698214, 6.370974152171374 ], [ -75.444266133963708, 6.370981974640295 ], [ -75.444259723955767, 6.370990718078305 ], [ -75.444253772865281, 6.37099946036257 ], [ -75.444247362075942, 6.371007744469663 ], [ -75.444242326477465, 6.371015106453927 ], [ -75.444236373824467, 6.371022930076407 ], [ -75.444231339006691, 6.371030751391477 ], [ -75.444226763887485, 6.371039030883696 ], [ -75.444221730631426, 6.371047770860438 ], [ -75.444217154730964, 6.371055591021773 ], [ -75.444208925451036, 6.371073985022185 ], [ -75.444204808467973, 6.371081804029815 ], [ -75.444199777554147, 6.371091921999069 ], [ -75.444195662913756, 6.371101118999254 ], [ -75.444190629656717, 6.371109858975912 ], [ -75.444185139043682, 6.37111951876794 ], [ -75.444179645306605, 6.37112734123651 ], [ -75.444175069404977, 6.371135161397738 ], [ -75.44416866251774, 6.371145742158745 ], [ -75.444163630040862, 6.37115494146618 ], [ -75.444159055700709, 6.371163680289088 ], [ -75.444153565867595, 6.371173799411871 ], [ -75.444144414062819, 6.371189439734166 ], [ -75.444139378461429, 6.371196801718067 ], [ -75.444133885503916, 6.37120508351732 ], [ -75.44412793362838, 6.371213366470177 ], [ -75.444121983314488, 6.371222568084744 ], [ -75.44411694771253, 6.371229930068555 ], [ -75.444110536918544, 6.371238214174953 ], [ -75.444098630042191, 6.371252942756909 ], [ -75.444092217685835, 6.371260308201451 ], [ -75.444086724727001, 6.371268590000484 ], [ -75.444080311589403, 6.371275496114071 ], [ -75.444073440314583, 6.371282862712085 ], [ -75.444067027176615, 6.37128976882558 ], [ -75.444060156682298, 6.371297594754378 ], [ -75.444053744324876, 6.371304960198654 ], [ -75.444046415693066, 6.371313246611818 ], [ -75.444040460691511, 6.37131969224067 ], [ -75.444033132059289, 6.371327978653726 ], [ -75.444027637537147, 6.371335341790695 ], [ -75.444022143795721, 6.371343164258524 ], [ -75.444017108191304, 6.371350526241882 ], [ -75.444012074929333, 6.37135926621788 ], [ -75.444007040105504, 6.371367087532085 ], [ -75.444001547144339, 6.371375369330715 ], [ -75.443995594484093, 6.371383192951975 ], [ -75.443989180563094, 6.371389639734071 ], [ -75.443980470489876, 6.371395173622014 ], [ -75.443972675910118, 6.37139932721011 ], [ -75.443964422412137, 6.371403481951635 ], [ -75.44395571077672, 6.37140809717747 ], [ -75.443947458059228, 6.371412711249683 ], [ -75.4439378317105, 6.371419166105901 ], [ -75.443928661937207, 6.371424241815789 ], [ -75.443920409219146, 6.371428855887668 ], [ -75.443912614638279, 6.371433009475064 ], [ -75.443903903782555, 6.371438084031132 ], [ -75.44389611154368, 6.371443615611056 ], [ -75.443888778222757, 6.371449146037435 ], [ -75.443880985983512, 6.371454677617201 ], [ -75.443872279811586, 6.371462508158348 ], [ -75.443864948051612, 6.371468957246322 ], [ -75.443858537250776, 6.371477241351008 ], [ -75.443853043505342, 6.371485063817864 ], [ -75.443848007897216, 6.37149242580034 ], [ -75.443841598657301, 6.371501628566762 ], [ -75.443836103349952, 6.371508532371698 ], [ -75.443830149904969, 6.371515896660955 ], [ -75.443824657720199, 6.371524637789514 ], [ -75.443820082591003, 6.371532917280295 ], [ -75.443814132268429, 6.371542118893158 ], [ -75.443810016837915, 6.371550856561417 ], [ -75.443805905310839, 6.371561890884292 ], [ -75.44380454338966, 6.371570621632083 ], [ -75.443801347356811, 6.371580275655366 ], [ -75.443798611022871, 6.371590387856168 ], [ -75.443797708019886, 6.371599117450558 ], [ -75.443796346098594, 6.371607848198366 ], [ -75.443794984957989, 6.371617038277098 ], [ -75.443793164118361, 6.371625770178319 ], [ -75.443790884360382, 6.371634503232962 ], [ -75.443789996190958, 6.371651960114947 ], [ -75.443790101588718, 6.37171396978978 ], [ -75.443790578463947, 6.371724533247605 ], [ -75.443790594078607, 6.37173371986608 ], [ -75.443789691075736, 6.371742449460494 ], [ -75.443789249333506, 6.371752555894245 ], [ -75.443789282905271, 6.371772307123956 ], [ -75.443789758219296, 6.371781951919906 ], [ -75.443790231971889, 6.371790678053998 ], [ -75.443792085602936, 6.371801238051444 ], [ -75.443793479534833, 6.371811339871391 ], [ -75.443793953287624, 6.371820066005454 ], [ -75.44379580691897, 6.371830626002836 ], [ -75.443797199289648, 6.371839809160888 ], [ -75.443798593221942, 6.371849910980763 ], [ -75.443799986373548, 6.371859553469698 ], [ -75.443801837663017, 6.371868735474231 ], [ -75.443804149432665, 6.371878834987108 ], [ -75.443804186129142, 6.371900423540272 ], [ -75.443804663005622, 6.371910986997916 ], [ -75.443804219702685, 6.371920174769748 ], [ -75.443804292315818, 6.371962892545079 ], [ -75.443802932737356, 6.371973001285717 ], [ -75.443799739045943, 6.371984033302141 ], [ -75.443796540669709, 6.37199230933306 ], [ -75.443793343074205, 6.372001044694901 ], [ -75.443789686559953, 6.372009781210219 ], [ -75.443785112208261, 6.372018520032497 ], [ -75.443772763566159, 6.372043355046089 ], [ -75.443768187652424, 6.372051175206488 ], [ -75.443762234201699, 6.372058539496352 ], [ -75.443756740450283, 6.372066361963642 ], [ -75.44375079012228, 6.372075563577142 ], [ -75.443741638293588, 6.372091203897779 ], [ -75.443737063940574, 6.372099942719928 ], [ -75.443732490368177, 6.372109140873003 ], [ -75.443724256376015, 6.372124778886651 ], [ -75.443719223884486, 6.372133978193138 ], [ -75.443715566587642, 6.37214225537743 ], [ -75.443710991453116, 6.372150534868593 ], [ -75.44370596130338, 6.372161112167844 ], [ -75.443701845868134, 6.372169849836482 ], [ -75.443696814937354, 6.372179967804787 ], [ -75.443692240583019, 6.372188706626842 ], [ -75.443686294156421, 6.372200204894779 ], [ -75.443682177159189, 6.372208023901518 ], [ -75.443677602023712, 6.372216303392604 ], [ -75.44367256953069, 6.372225502698975 ], [ -75.443667535476052, 6.372233783343451 ], [ -75.443661126226075, 6.37224298611003 ], [ -75.443655632471518, 6.372250808576931 ], [ -75.443644643400546, 6.372265534848782 ], [ -75.443637773669479, 6.372273820106742 ], [ -75.443617624174692, 6.372299134057912 ], [ -75.443611671499994, 6.372306957677985 ], [ -75.443606176963442, 6.372314320813699 ], [ -75.443600224288446, 6.37232214443371 ], [ -75.44359289875969, 6.372332268168548 ], [ -75.443580074009418, 6.372346999053205 ], [ -75.443573201153697, 6.372353446986917 ], [ -75.443568165535154, 6.372360808969082 ], [ -75.443561753940074, 6.372368633742223 ], [ -75.443554881864486, 6.372375541006752 ], [ -75.443541136151481, 6.372388436873727 ], [ -75.44353334701789, 6.372395805775706 ], [ -75.443526016803133, 6.372403173524295 ], [ -75.443519145507224, 6.372410540119501 ], [ -75.44351135637298, 6.372417909021281 ], [ -75.443503106758229, 6.372424360414362 ], [ -75.443494400565967, 6.372432190953559 ], [ -75.443471951779287, 6.372454754682383 ], [ -75.443465078920752, 6.372461202615221 ], [ -75.443458664200605, 6.372467190063752 ], [ -75.443450874284039, 6.372474099633991 ], [ -75.4434430835867, 6.372480549873182 ], [ -75.443435751808309, 6.372486998959036 ], [ -75.443427044052811, 6.372493910835556 ], [ -75.443418793655141, 6.372499902896773 ], [ -75.443409626980014, 6.372506815926339 ], [ -75.443401834720547, 6.372512347503141 ], [ -75.443394041680364, 6.372517419748875 ], [ -75.443385790501353, 6.372522952478731 ], [ -75.443378456380017, 6.372528023571072 ], [ -75.443370205981154, 6.372534015631739 ], [ -75.443362414501294, 6.372540006539112 ], [ -75.443353705182815, 6.372545999752794 ], [ -75.443344996644598, 6.372552452297366 ], [ -75.44333674624491, 6.372558444357657 ], [ -75.44332849506452, 6.372563977086856 ], [ -75.443320243103486, 6.372569050484965 ], [ -75.443311991922712, 6.372574583213972 ], [ -75.443302822122774, 6.372579658918196 ], [ -75.443294570161171, 6.372584732315996 ], [ -75.443285861621476, 6.372591184859854 ], [ -75.443278987978189, 6.372597173460054 ], [ -75.443271654635026, 6.372602703882321 ], [ -75.44326019413981, 6.37261008200669 ], [ -75.4432524042182, 6.372616991574922 ], [ -75.443245532915412, 6.37262435816786 ], [ -75.443238203473541, 6.372632185244876 ], [ -75.443225378705634, 6.372646916124288 ], [ -75.443219424460352, 6.372653821079818 ], [ -75.443213929134259, 6.372660724882221 ], [ -75.44320294004244, 6.372675451148973 ], [ -75.443196072640134, 6.372685114396661 ], [ -75.443189661815822, 6.372693398498162 ], [ -75.443184626969099, 6.372701219809381 ], [ -75.443180052602386, 6.372709958629559 ], [ -75.443175477455171, 6.372718238118699 ], [ -75.443170903868563, 6.372727436269876 ], [ -75.443165872142771, 6.372737094905137 ], [ -75.443161757475323, 6.372746291903237 ], [ -75.443157186229399, 6.372756868047472 ], [ -75.443153070000974, 6.372765146383503 ], [ -75.443148956113504, 6.372774802712616 ], [ -75.443144839884837, 6.372783081048633 ], [ -75.443138895781743, 6.372795957307152 ], [ -75.443133863274539, 6.372805156611316 ], [ -75.443128829986819, 6.372813896584436 ], [ -75.443123794357902, 6.372821258564438 ], [ -75.44311830215041, 6.372829999690562 ], [ -75.443112810723065, 6.372839200147697 ], [ -75.443108234793584, 6.372847020305642 ], [ -75.443102286787393, 6.372857599908881 ], [ -75.443097251938099, 6.372865421219823 ], [ -75.443091758949421, 6.37287370301481 ], [ -75.443085348121471, 6.372881987115813 ], [ -75.443078936513004, 6.372889811885735 ], [ -75.443072984604228, 6.37289809483365 ], [ -75.443067948973848, 6.372905456813431 ], [ -75.443061997064746, 6.372913739761291 ], [ -75.443056044375169, 6.372921563378071 ], [ -75.44304963276582, 6.372929388147822 ], [ -75.443043677734991, 6.372935833771399 ], [ -75.443036804864761, 6.372942281700917 ], [ -75.443029930433795, 6.372947810968279 ], [ -75.443022138943647, 6.372953801872589 ], [ -75.443015724212259, 6.372959789317898 ], [ -75.443008391641442, 6.372965779069095 ], [ -75.443000600931029, 6.372972229304235 ], [ -75.442994186199158, 6.372978216749376 ], [ -75.442986393927853, 6.372983748322269 ], [ -75.442979061356297, 6.372989738073189 ], [ -75.442971269864884, 6.37299572897698 ], [ -75.442963476812793, 6.373000801218567 ], [ -75.442954764360678, 6.373004957103809 ], [ -75.442945588307325, 6.373006358155465 ], [ -75.442936413814337, 6.373008677869102 ], [ -75.442927240101426, 6.37301145691366 ], [ -75.442917607468686, 6.373014237110974 ], [ -75.4429001810024, 6.373021630217886 ], [ -75.442881838256426, 6.373029944292196 ], [ -75.442873127363228, 6.373035018838446 ], [ -75.44286350097083, 6.373041473683529 ], [ -75.442856166836506, 6.373046544771007 ], [ -75.442847916422778, 6.373052536826253 ], [ -75.442839205528813, 6.37305761137208 ], [ -75.442831410913925, 6.373061764949972 ], [ -75.442822243440176, 6.373068218641661 ], [ -75.442814910085119, 6.373073749059801 ], [ -75.442808036429795, 6.373079737656147 ], [ -75.44280162325434, 6.373086643761805 ], [ -75.442795669778633, 6.373094008045705 ], [ -75.44278560006623, 6.373109650664404 ], [ -75.442779188450302, 6.373117475432106 ], [ -75.442771861334805, 6.373126680498626 ], [ -75.442766826478064, 6.373134501807887 ], [ -75.442762250541023, 6.373142321964351 ], [ -75.442756757544217, 6.373150603757452 ], [ -75.442745768429816, 6.373165330019193 ], [ -75.442740734352427, 6.373173610659454 ], [ -75.442735242915134, 6.373182811114663 ], [ -75.442727008879146, 6.373198449121849 ], [ -75.442722892641058, 6.373206727456529 ], [ -75.442718775622808, 6.3732145464601 ], [ -75.442714662504756, 6.373224662119181 ], [ -75.442711464886273, 6.37323339747944 ], [ -75.442707809127839, 6.373242593323557 ], [ -75.44270415570945, 6.373253167160989 ], [ -75.442700958870788, 6.37326236185235 ], [ -75.442697304672151, 6.373272476358681 ], [ -75.442693190773355, 6.37328213268665 ], [ -75.442689073754238, 6.373289951690187 ], [ -75.442680844395966, 6.373308345683887 ], [ -75.442675370117541, 6.373327651423351 ], [ -75.442670340718109, 6.373338688050112 ], [ -75.442665765558317, 6.373346967537468 ], [ -75.442660270998189, 6.373354330668048 ], [ -75.442652484177643, 6.373363077555581 ], [ -75.442638281835869, 6.373377352554488 ], [ -75.442630952374671, 6.373385179626889 ], [ -75.442624539193446, 6.373392085731579 ], [ -75.442617209731822, 6.373399912803866 ], [ -75.442609419009869, 6.37340636303543 ], [ -75.442602545347967, 6.373412351630414 ], [ -75.442595212765752, 6.373418341378022 ], [ -75.442586963123091, 6.373424792762044 ], [ -75.442579172400343, 6.373431242993309 ], [ -75.44257000803681, 6.373439534007003 ], [ -75.4425626754538, 6.373445523754309 ], [ -75.442555343650596, 6.373451972832672 ], [ -75.442547552147062, 6.373457963732487 ], [ -75.442540218003614, 6.373463034817309 ], [ -75.442532425719762, 6.373468566385836 ], [ -75.442524631875855, 6.373473179292006 ], [ -75.442516840371596, 6.373479170191495 ], [ -75.442499421681617, 6.373491156600699 ], [ -75.44249117125652, 6.373497148652532 ], [ -75.442483837891785, 6.373502679067929 ], [ -75.442476505306772, 6.373508668814397 ], [ -75.442469631641856, 6.373514657408201 ], [ -75.44246275719685, 6.373520186670801 ], [ -75.442454506770829, 6.373526178722233 ], [ -75.442445799763959, 6.373533549919594 ], [ -75.442438926098319, 6.373539538513132 ], [ -75.442431133032215, 6.373544610749433 ], [ -75.442422419785757, 6.373548307297302 ], [ -75.442413704979458, 6.373551085182736 ], [ -75.442404987833498, 6.373552485074574 ], [ -75.442395810987307, 6.37355342678765 ], [ -75.442385259719657, 6.373555749951626 ], [ -75.44237608365313, 6.373557150995534 ], [ -75.442357729960193, 6.373559034420557 ], [ -75.442349013593542, 6.373560893642677 ], [ -75.442339839086259, 6.373563213348317 ], [ -75.442331123499216, 6.373565531901328 ], [ -75.442321951331053, 6.373569229600205 ], [ -75.44231186054229, 6.373572470272692 ], [ -75.442303147294126, 6.373576166818824 ], [ -75.442294895305437, 6.373581240205918 ], [ -75.442287101457154, 6.373585853109289 ], [ -75.442278390547756, 6.373590927648626 ], [ -75.442270138558527, 6.373596001035422 ], [ -75.442261885789392, 6.373600615090937 ], [ -75.442251799677763, 6.373606611749573 ], [ -75.442244465528717, 6.373611682831228 ], [ -75.442236214318442, 6.373617215548808 ], [ -75.442228883287896, 6.373624123955061 ], [ -75.442222009618121, 6.373630112546478 ], [ -75.442214219666795, 6.373637022105 ], [ -75.442207345216971, 6.373642551365094 ], [ -75.442199552146505, 6.373647623598693 ], [ -75.442190842794361, 6.373653616799337 ], [ -75.442183509423643, 6.373659147211583 ], [ -75.442174802410094, 6.373666518405632 ], [ -75.442167010898203, 6.373672509301279 ], [ -75.442161515547681, 6.373679413097507 ], [ -75.442156943495533, 6.37368952990743 ], [ -75.442152828804367, 6.373698726902592 ], [ -75.442149173033599, 6.37370792274541 ], [ -75.442151023528908, 6.373716645428888 ], [ -75.442155170186112, 6.373726281012993 ], [ -75.442159316063837, 6.373735457265823 ], [ -75.442161170457851, 6.373746476605197 ], [ -75.442162562033118, 6.373755200440915 ], [ -75.442163037326765, 6.373764845243745 ], [ -75.442163062086394, 6.373779431920037 ] ] ] ] } },
{ "type": "Feature", "properties": { "FID_": 0, "Name": "Las Cuchillas" }, "geometry": { "type": "MultiPolygon", "coordinates": [ [ [ [ -75.453461402621642, 6.365850323250529 ], [ -75.453421159764034, 6.365855126205339 ], [ -75.453397093711089, 6.36585890583683 ], [ -75.453373061743804, 6.365864980063856 ], [ -75.453350195256135, 6.365872185505613 ], [ -75.453328460161956, 6.36587822756565 ], [ -75.453305610715717, 6.36588658030401 ], [ -75.453285058143351, 6.365894900876638 ], [ -75.453217402591747, 6.365902733526464 ], [ -75.453336485044971, 6.365699576761927 ], [ -75.453442108485788, 6.365615894171232 ], [ -75.453505722962035, 6.365567568311881 ], [ -75.453590106267256, 6.365574605076911 ], [ -75.453787629987985, 6.365591708082949 ], [ -75.453883123621424, 6.365599748030818 ], [ -75.45396252533331, 6.365605238766895 ], [ -75.454069719116816, 6.36560972441809 ], [ -75.454401423388873, 6.365604609146771 ], [ -75.45439713649472, 6.365787292483499 ], [ -75.454386514478671, 6.365938583938603 ], [ -75.454383313592146, 6.366121373224137 ], [ -75.454627445831946, 6.366148774310565 ], [ -75.455413341050672, 6.366272976960517 ], [ -75.455439636407576, 6.366506384152681 ], [ -75.455496289203737, 6.36654525844155 ], [ -75.455556523114154, 6.366612918663329 ], [ -75.455624535609829, 6.366714252101192 ], [ -75.45573032269094, 6.366868121880438 ], [ -75.455809605714705, 6.366961905657336 ], [ -75.455845428707491, 6.366988128817009 ], [ -75.455869180851707, 6.367005515866712 ], [ -75.455931556676759, 6.367028651781646 ], [ -75.456010833089422, 6.367017458364381 ], [ -75.456080632724067, 6.366985894887556 ], [ -75.456123315374754, 6.366948936940852 ], [ -75.456160485282282, 6.366896256067811 ], [ -75.456182295632146, 6.366830305187379 ], [ -75.456186197874601, 6.366786761911838 ], [ -75.456196179194436, 6.366667111919889 ], [ -75.456214632965441, 6.366480364335912 ], [ -75.45625250276106, 6.366302061845893 ], [ -75.456353950908564, 6.366215483111011 ], [ -75.457173551668205, 6.36569127881199 ], [ -75.457275364129757, 6.365624720264758 ], [ -75.457464902813243, 6.365537882471539 ], [ -75.457820927798309, 6.365645036341745 ], [ -75.45788758898793, 6.365794740883563 ], [ -75.457912772578723, 6.365851677526586 ], [ -75.4580084189367, 6.365980332353542 ], [ -75.458082348082883, 6.366051301177967 ], [ -75.458182483867986, 6.366121501625563 ], [ -75.458137283782037, 6.366318283049148 ], [ -75.458079316601939, 6.366611899205464 ], [ -75.458064800844014, 6.366772427482103 ], [ -75.458064800844014, 6.366772427482106 ], [ -75.458102144337744, 6.366756508138973 ], [ -75.458139487828674, 6.366740588793629 ], [ -75.458189716845794, 6.366732422507109 ], [ -75.458239945860299, 6.366724256216036 ], [ -75.458331835210004, 6.366748842287859 ], [ -75.458396854933881, 6.36677203075953 ], [ -75.458475914975423, 6.366807823241488 ], [ -75.458514995697115, 6.366905761353197 ], [ -75.458560289820255, 6.366975566729306 ], [ -75.458624265422628, 6.367051537860504 ], [ -75.458670809709133, 6.367103141000784 ], [ -75.458726336344313, 6.367155261501559 ], [ -75.458771666774709, 6.367201103058961 ], [ -75.45883276350186, 6.36726521983463 ], [ -75.458900019949425, 6.36732828112493 ], [ -75.458939433222511, 6.367361848770106 ], [ -75.459006098195417, 6.367463248866815 ], [ -75.459077049204538, 6.367562472383135 ], [ -75.459145086136104, 6.36768876719246 ], [ -75.459217603582005, 6.367847584519971 ], [ -75.459313640020341, 6.368009397249683 ], [ -75.459233705501575, 6.368064068819637 ], [ -75.459284247292658, 6.368141520978742 ], [ -75.459334789100339, 6.368218973129401 ], [ -75.459448905064079, 6.368340468279511 ], [ -75.45964180097603, 6.368540246192618 ], [ -75.459832449657782, 6.368753877222157 ], [ -75.459948559778312, 6.368607406841435 ], [ -75.460048413878155, 6.36846098010861 ], [ -75.460061252424282, 6.36842817507407 ], [ -75.460214829749219, 6.368538353064753 ], [ -75.460316582719926, 6.36863293113184 ], [ -75.460361951772484, 6.368718620563818 ], [ -75.46046291738179, 6.36888895896443 ], [ -75.460541921511378, 6.368953272612962 ], [ -75.460622053957323, 6.369128279152156 ], [ -75.460681968478013, 6.369327478802396 ], [ -75.460788663779482, 6.369477582676531 ], [ -75.46085482266048, 6.369589258744396 ], [ -75.460924361556692, 6.369611198585861 ], [ -75.46101825107425, 6.369696119859961 ], [ -75.461152623127163, 6.369851298695246 ], [ -75.461169392849811, 6.369893488635083 ], [ -75.4612009952249, 6.369934473368155 ], [ -75.461269114847653, 6.370059501149357 ], [ -75.461306822306682, 6.370169266273201 ], [ -75.461352381486179, 6.370247296522911 ], [ -75.461395421637704, 6.370324022690573 ], [ -75.461417153318138, 6.370407163190992 ], [ -75.461303066896818, 6.370446035686947 ], [ -75.461238276848988, 6.370519079601181 ], [ -75.461209346471747, 6.370558832191922 ], [ -75.461161887338221, 6.37060105704626 ], [ -75.461104862865881, 6.370624295767141 ], [ -75.460872479712052, 6.370653749956413 ], [ -75.460848815830886, 6.370843818717182 ], [ -75.460857827603078, 6.370973646870799 ], [ -75.460855852296703, 6.371141373468892 ], [ -75.460861267151458, 6.371244070948903 ], [ -75.460809212687977, 6.372068330579395 ], [ -75.46069594781315, 6.372062573111731 ], [ -75.460582682935524, 6.372056815618632 ], [ -75.46055170620302, 6.372054129133516 ], [ -75.460508699375751, 6.372050924607173 ], [ -75.460496579365426, 6.372049980720619 ], [ -75.460486420061983, 6.372051570078741 ], [ -75.46048019219019, 6.372061350260374 ], [ -75.460454499030291, 6.372405728710907 ], [ -75.460456839023735, 6.372508838370267 ], [ -75.460488247404754, 6.372675802369647 ], [ -75.460532153082141, 6.372872567486148 ], [ -75.460540254439294, 6.372949846432001 ], [ -75.460541203403025, 6.373002914440842 ], [ -75.460541547009271, 6.373049671244218 ], [ -75.460549931910208, 6.373093249687146 ], [ -75.460557406789974, 6.373140043200882 ], [ -75.460554576549924, 6.373180349473996 ], [ -75.460523764921703, 6.373251218232437 ], [ -75.460443205748732, 6.373377674225457 ], [ -75.460356191135716, 6.373452887997557 ], [ -75.460186684573031, 6.373433141663378 ], [ -75.460013455087662, 6.373049730307311 ], [ -75.459982348725248, 6.372926810878717 ], [ -75.459939445178321, 6.372767569276365 ], [ -75.459890733158957, 6.372563806514651 ], [ -75.459824819575672, 6.372281031910236 ], [ -75.45979366728541, 6.372141028776557 ], [ -75.459787311556624, 6.372112115945066 ], [ -75.45978095582889, 6.372083203113311 ], [ -75.459425738171845, 6.372045360135705 ], [ -75.459393317790941, 6.371854807539617 ], [ -75.459339839345517, 6.371705532147162 ], [ -75.45926039711911, 6.371513373068733 ], [ -75.459221809560773, 6.371387099564798 ], [ -75.459195093334728, 6.371299001223125 ], [ -75.459179048855461, 6.3711759184882 ], [ -75.459073369209491, 6.371217907380231 ], [ -75.459037202694759, 6.371233032416666 ], [ -75.458889600778249, 6.37126179434569 ], [ -75.458710065993586, 6.371276427703805 ], [ -75.458583847583782, 6.371263726133434 ], [ -75.458488214990311, 6.371298751392185 ], [ -75.458418781852927, 6.371368476903346 ], [ -75.458375363046002, 6.371403362687929 ], [ -75.458331886246555, 6.371416517539534 ], [ -75.458236160389987, 6.371416773187667 ], [ -75.458144820870416, 6.371430055841586 ], [ -75.458071437139097, 6.371489150330754 ], [ -75.457977779958028, 6.371580121471436 ], [ -75.457865137227728, 6.371657713071302 ], [ -75.457642691295888, 6.371794682368143 ], [ -75.457509974623164, 6.371873139361648 ], [ -75.456828247132194, 6.37222686699173 ], [ -75.456850448318221, 6.372292303098818 ], [ -75.456891211626953, 6.372330683260346 ], [ -75.457003620916183, 6.372346839086529 ], [ -75.457060640590896, 6.372353902266267 ], [ -75.457123185137036, 6.372402243885239 ], [ -75.457184685858024, 6.372510393625652 ], [ -75.457227866075698, 6.37258631727595 ], [ -75.457254266384396, 6.372632633097894 ], [ -75.457314595781241, 6.372784529396489 ], [ -75.457348681179781, 6.372818394694024 ], [ -75.457427432573056, 6.372787468793491 ], [ -75.457500043229089, 6.372820573338091 ], [ -75.457521608227154, 6.372874010855614 ], [ -75.457502311144623, 6.372955296318603 ], [ -75.45748414752417, 6.373034176580053 ], [ -75.457454338938433, 6.37308125215025 ], [ -75.457439331731365, 6.373160981744803 ], [ -75.457453076986155, 6.373303967888518 ], [ -75.457476225616077, 6.373393533708441 ], [ -75.457522186605601, 6.373474823595328 ], [ -75.45757380692811, 6.373531238153001 ], [ -75.45770563290732, 6.373670997292496 ], [ -75.45757775073929, 6.373752540443468 ], [ -75.457523814694881, 6.373822965675121 ], [ -75.457470800720202, 6.37393773096715 ], [ -75.457463678445521, 6.374488868393978 ], [ -75.457418323712275, 6.374667640620712 ], [ -75.457361578221722, 6.374779006342224 ], [ -75.457281188751608, 6.374814951219069 ], [ -75.457192664759319, 6.374795913555477 ], [ -75.457063124017594, 6.374750475842332 ], [ -75.456933583292539, 6.374705038091637 ], [ -75.456687918702272, 6.374589888262625 ], [ -75.456570207639245, 6.374515206198927 ], [ -75.456481296250601, 6.374467593430769 ], [ -75.456399295042161, 6.374415110438056 ], [ -75.456359830452826, 6.374405511747343 ], [ -75.45632520997286, 6.374406756841213 ], [ -75.456297743374833, 6.374449484997392 ], [ -75.456297167560905, 6.374549750572998 ], [ -75.456298732159055, 6.37463156443946 ], [ -75.456268410348542, 6.374693467706822 ], [ -75.456212571398012, 6.374791796566752 ], [ -75.456154749732406, 6.374847160467754 ], [ -75.456083084711182, 6.374877247333252 ], [ -75.456003298900129, 6.37489523654129 ], [ -75.45589782171038, 6.374893229443511 ], [ -75.455830679755223, 6.374872805206692 ], [ -75.455749624569833, 6.374809732210112 ], [ -75.45564957744871, 6.374702272887125 ], [ -75.455595491508333, 6.374641821183456 ], [ -75.455403522003635, 6.374440346593587 ], [ -75.455246930904295, 6.37429189822141 ], [ -75.455157772114816, 6.374199777377631 ], [ -75.455104168214277, 6.374100026040412 ], [ -75.455057178799123, 6.37398027813223 ], [ -75.455033706270228, 6.373928728722584 ], [ -75.45501023374689, 6.373877179310762 ], [ -75.454946620920126, 6.373859177360859 ], [ -75.454878657842414, 6.373902564021529 ], [ -75.454860945165294, 6.373975325648766 ], [ -75.454844211112757, 6.37413619591207 ], [ -75.454837111011614, 6.374258134326121 ], [ -75.454798390450236, 6.374344560832254 ], [ -75.454748579810243, 6.374432618156612 ], [ -75.454689086633977, 6.374541370268176 ], [ -75.454633373538698, 6.374646079352095 ], [ -75.454581231136032, 6.374720383388614 ], [ -75.454466971942452, 6.374811079884014 ], [ -75.454433703193928, 6.374595283334565 ], [ -75.454347860953561, 6.37410617355937 ], [ -75.454215130319255, 6.37337372270326 ], [ -75.454189417859922, 6.373211754006547 ], [ -75.454184541921691, 6.373170526999504 ], [ -75.453901244765547, 6.373195775203336 ], [ -75.453092376082878, 6.373192242903388 ], [ -75.453089381147592, 6.373187441750559 ], [ -75.453079238711666, 6.373169146873349 ], [ -75.453074628747387, 6.373160914351226 ], [ -75.453070936150738, 6.373152678374246 ], [ -75.453066327471589, 6.37314490417399 ], [ -75.453062174906719, 6.373136211602264 ], [ -75.453058937139787, 6.373126598931698 ], [ -75.453056619310019, 6.373117899450356 ], [ -75.453055676246635, 6.373108736464873 ], [ -75.453055190582219, 6.373099113429994 ], [ -75.453054701063465, 6.373088115429072 ], [ -75.453054672798032, 6.373078032344798 ], [ -75.453053267196879, 6.373067496120594 ], [ -75.453052782817494, 6.373058331407692 ], [ -75.453051833330576, 6.373046876812074 ], [ -75.45305043158406, 6.37303771555386 ], [ -75.45304994848965, 6.373029009162943 ], [ -75.453048545458472, 6.373019389582685 ], [ -75.45304622506022, 6.373009773457096 ], [ -75.453043445978466, 6.373000159058812 ], [ -75.453040212067549, 6.372991921353871 ], [ -75.453036515618905, 6.372982310410157 ], [ -75.453033277854033, 6.372972697739068 ], [ -75.453030037519781, 6.372962168423886 ], [ -75.453026342356381, 6.372953015802028 ], [ -75.453023108446189, 6.372944778096844 ], [ -75.453019869397167, 6.372934707103531 ], [ -75.453017091601325, 6.372925551026907 ], [ -75.45301844195734, 6.372916379404561 ], [ -75.453020709680402, 6.372907204327623 ], [ -75.45302524769582, 6.372889770817791 ], [ -75.45302751284926, 6.372879679096816 ], [ -75.453029779287391, 6.372870045697876 ], [ -75.453032506978417, 6.372861327215676 ], [ -75.453036606865567, 6.372851228585504 ], [ -75.453039793239896, 6.372842508376002 ], [ -75.453043894411564, 6.372832868067852 ], [ -75.453048000722063, 6.37282506104777 ], [ -75.453052104462969, 6.372816337383645 ], [ -75.453055292121647, 6.372808075496153 ], [ -75.453058910199388, 6.372789728796992 ], [ -75.453060261839539, 6.372781015496741 ], [ -75.453063906896645, 6.372772293559936 ], [ -75.453068011921772, 6.372764028217825 ], [ -75.453072574345413, 6.372755302826381 ], [ -75.453078056705166, 6.372747490624311 ], [ -75.45308262169803, 6.372739681876869 ], [ -75.45308764537414, 6.372731871402079 ], [ -75.453092670334868, 6.372724519249288 ], [ -75.453098153978786, 6.372717165369141 ], [ -75.453102718971138, 6.372709356621632 ], [ -75.453106825280059, 6.372701549601449 ], [ -75.453111387702648, 6.3726928242099 ], [ -75.453117330029343, 6.372685468602333 ], [ -75.453120976369831, 6.37267720498745 ], [ -75.453125076254409, 6.372667106357194 ], [ -75.453128261341874, 6.372657927825645 ], [ -75.453130526493169, 6.372647836104782 ], [ -75.453132336815486, 6.372639121077296 ], [ -75.453133687169739, 6.372629949455151 ], [ -75.453135489783335, 6.372618484495642 ], [ -75.453136836283235, 6.372607937907492 ], [ -75.453137724099918, 6.372597393046691 ], [ -75.453139071884578, 6.372587304780554 ], [ -75.453140418384464, 6.372576758192418 ], [ -75.453141304916358, 6.372565755009624 ], [ -75.453142652701004, 6.372555666743493 ], [ -75.453144457884036, 6.372545118428031 ], [ -75.453147174009516, 6.372532275047868 ], [ -75.453149439160399, 6.37252218332708 ], [ -75.453153081645425, 6.372512544746264 ], [ -75.453156268016755, 6.372503824536804 ], [ -75.453159451818479, 6.372494187683343 ], [ -75.453162639474414, 6.37248592579589 ], [ -75.453165823275953, 6.372476288942425 ], [ -75.453170384411479, 6.372467105228922 ], [ -75.453176321596132, 6.372457916333352 ], [ -75.453182260065404, 6.372449185759757 ], [ -75.453188199819266, 6.372440913508127 ], [ -75.453193224776385, 6.372433561355193 ], [ -75.45319870970124, 6.372426665796869 ], [ -75.453204653309001, 6.372419768511138 ], [ -75.453210598201423, 6.37241332954737 ], [ -75.453218832654429, 6.372405506980684 ], [ -75.453226152310791, 6.372398604512676 ], [ -75.45323255588572, 6.372392163821372 ], [ -75.453238960745281, 6.37238618145201 ], [ -75.453246280401089, 6.372379278983829 ], [ -75.453254057454856, 6.372371916466186 ], [ -75.453260918427233, 6.372365015725284 ], [ -75.453267781969146, 6.372359031628293 ], [ -75.45327509776962, 6.372350754193907 ], [ -75.453281960026288, 6.372344311774819 ], [ -75.453287904916877, 6.372337872810532 ], [ -75.45329522457132, 6.37233097034193 ], [ -75.453301628144544, 6.372324529650117 ], [ -75.453313515354907, 6.372310735077294 ], [ -75.453318998992032, 6.372303381196309 ], [ -75.453324936172422, 6.372294192299946 ], [ -75.453330413384833, 6.372284546809037 ], [ -75.453335894451712, 6.372276276284028 ], [ -75.453340000754665, 6.37226846926336 ], [ -75.453344565740409, 6.37226066051521 ], [ -75.453349126871331, 6.37225147680115 ], [ -75.453353226749456, 6.372241378170606 ], [ -75.453356869229509, 6.372231739589497 ], [ -75.453360054311517, 6.372222561057831 ], [ -75.453363699361162, 6.37221383912066 ], [ -75.453365967077346, 6.372204664043945 ], [ -75.453369150874209, 6.372195027190313 ], [ -75.453371873418376, 6.37218447542023 ], [ -75.453374139849487, 6.372174842021558 ], [ -75.453375948882652, 6.372165668672334 ], [ -75.45337684055022, 6.372156498778064 ], [ -75.453378648298425, 6.372146867106878 ], [ -75.453379079998314, 6.372137240618118 ], [ -75.453379512983147, 6.372128072451327 ], [ -75.453380399511133, 6.372117069269194 ], [ -75.453380829926203, 6.372106984458473 ], [ -75.453381264195968, 6.372098274613643 ], [ -75.453381688186624, 6.372085898193085 ], [ -75.453381203806117, 6.372076733481219 ], [ -75.45338113699205, 6.372052900738938 ], [ -75.453380191359273, 6.37204282111057 ], [ -75.453378788328777, 6.372033201531608 ], [ -75.453377845265905, 6.372024038547144 ], [ -75.453376435811222, 6.37201212735831 ], [ -75.453374575383222, 6.372002967828706 ], [ -75.453375009653371, 6.371994257983846 ], [ -75.453375901321323, 6.371985088089579 ], [ -75.453377707784782, 6.371974998096491 ], [ -75.453379056850451, 6.371965368152822 ], [ -75.453379026013735, 6.371954368425564 ], [ -75.453378542918756, 6.371945662035579 ], [ -75.453378058538974, 6.371936497323622 ], [ -75.453377575444108, 6.371927790933628 ], [ -75.453376633666693, 6.371919086271052 ], [ -75.453376149287067, 6.371909921559071 ], [ -75.453375203655256, 6.371899841930564 ], [ -75.453374712851527, 6.371888385608708 ], [ -75.453374229756918, 6.371879679218672 ], [ -75.453373744092687, 6.371870056184687 ], [ -75.453372802315656, 6.371861351522049 ], [ -75.453372316651553, 6.371851728488048 ], [ -75.453369515732817, 6.371834322617537 ], [ -75.453368108849418, 6.371823328072386 ], [ -75.453368081868078, 6.371813703310937 ], [ -75.453369888331792, 6.371803613317915 ], [ -75.453370322602595, 6.371794903473015 ], [ -75.453368458321847, 6.371784368977202 ], [ -75.453367971373368, 6.371774287621156 ], [ -75.453367485709762, 6.371764664587086 ], [ -75.453366538794171, 6.371754126636438 ], [ -75.453365595733089, 6.371744963651704 ], [ -75.453365568752091, 6.371735338890216 ], [ -75.453366461705556, 6.371726627317913 ], [ -75.453366405174108, 6.371706461150977 ], [ -75.453365919510873, 6.37169683811686 ], [ -75.453365891245255, 6.371686755033376 ], [ -75.453364945614979, 6.37167667540464 ], [ -75.453364458667124, 6.371666594048516 ], [ -75.453363969149748, 6.371655596048433 ], [ -75.453363473208483, 6.37164230643845 ], [ -75.453362499313243, 6.371622143726143 ], [ -75.453362473617588, 6.37161297728658 ], [ -75.453361531842148, 6.371604272623697 ], [ -75.453361503577014, 6.371594189540161 ], [ -75.453362386252607, 6.371581811392026 ], [ -75.453362329722523, 6.371561645224944 ], [ -75.453361846629633, 6.371552938834685 ], [ -75.453361795238905, 6.371534605955497 ], [ -75.45336085089437, 6.371524984648596 ], [ -75.453360360093086, 6.371513528326424 ], [ -75.453359875715677, 6.371504363614149 ], [ -75.453358473973907, 6.371495202356527 ], [ -75.453357532199192, 6.371486497693541 ], [ -75.453355660212651, 6.371473213265379 ], [ -75.453354714583867, 6.37146313363641 ], [ -75.453352831034934, 6.371445724310341 ], [ -75.453350970611524, 6.371436564779937 ], [ -75.453349107618763, 6.371426488605537 ], [ -75.453347247195566, 6.371417329075083 ], [ -75.453345380348821, 6.371405877934675 ], [ -75.453343058674292, 6.371395803487495 ], [ -75.453341655648799, 6.371386183907682 ], [ -75.453339792656607, 6.371376107733149 ], [ -75.453337930949203, 6.371366489880581 ], [ -75.453335610559861, 6.371356873755273 ], [ -75.453333292740041, 6.371348174273914 ], [ -75.45333051366886, 6.371338559875817 ], [ -75.453328651961954, 6.371328942023136 ], [ -75.453326788970429, 6.371318865848439 ], [ -75.453324003476183, 6.371306959840286 ], [ -75.453322136630874, 6.37129550869955 ], [ -75.453320276209098, 6.37128634916875 ], [ -75.453317034602691, 6.371275361531713 ], [ -75.453314256817137, 6.371266205455351 ], [ -75.453310557813737, 6.371255677867452 ], [ -75.453306857525874, 6.371244691957493 ], [ -75.453303618489471, 6.371234620964236 ], [ -75.453301296817202, 6.371224546516465 ], [ -75.453299893793613, 6.371214926936208 ], [ -75.453298028234244, 6.371203934117159 ], [ -75.453296625210854, 6.371194314536861 ], [ -75.45329521833365, 6.371183319990545 ], [ -75.453294273992384, 6.371173698682995 ], [ -75.453292412287354, 6.371164080829856 ], [ -75.453290094469779, 6.371155381347893 ], [ -75.453287317970421, 6.371146683593104 ], [ -75.4532840840739, 6.371138445887476 ], [ -75.453280388926387, 6.371129293264988 ], [ -75.453276691209808, 6.371119223998435 ], [ -75.453272537380755, 6.371110073103023 ], [ -75.453267919731601, 6.371099090646688 ], [ -75.453263311074835, 6.371091316444311 ], [ -75.453257776062429, 6.371080337442131 ], [ -75.453253164836866, 6.371071646595574 ], [ -75.453248094929648, 6.371062957476089 ], [ -75.45323978984311, 6.371045572328292 ], [ -75.45323057253178, 6.371030023922548 ], [ -75.453225498771815, 6.371019959836613 ], [ -75.453221344944737, 6.371010808940383 ], [ -75.453212125065704, 6.370994343889996 ], [ -75.453207059013707, 6.370987029735828 ], [ -75.45320061306299, 6.370978345796801 ], [ -75.453195999270548, 6.370968738305252 ], [ -75.45319138804733, 6.370960047457666 ], [ -75.453187695472252, 6.370951811477881 ], [ -75.4531835429311, 6.37094311890308 ], [ -75.453179849071844, 6.370934424601153 ], [ -75.453176613894456, 6.370925728572105 ], [ -75.453173833545506, 6.370915655849878 ], [ -75.45317197441355, 6.370906954639582 ], [ -75.453171032645074, 6.370898249975165 ], [ -75.453170087023267, 6.370888170344647 ], [ -75.453167283554407, 6.370869847825781 ], [ -75.453165400018108, 6.370852438496828 ], [ -75.453165347355309, 6.370833647293608 ], [ -75.453165776494444, 6.37082310415988 ], [ -75.453165717409618, 6.370802021346489 ], [ -75.453165233038987, 6.370792856632908 ], [ -75.453164289986816, 6.37078369364634 ], [ -75.453164234755704, 6.370763985799 ], [ -75.453165126430036, 6.370754815904332 ], [ -75.45316555556947, 6.370744272770594 ], [ -75.453166900787608, 6.370733267860794 ], [ -75.453167335064833, 6.370724558015179 ], [ -75.453168661016448, 6.370706678274908 ], [ -75.453170001096879, 6.370693840076991 ], [ -75.453170890202372, 6.370683753538278 ], [ -75.453171783161181, 6.370675041965661 ], [ -75.453173584491964, 6.370663118684812 ], [ -75.453174932278955, 6.370653030419098 ], [ -75.453175822668868, 6.370643402202425 ], [ -75.453176711774404, 6.370633315663729 ], [ -75.453177599595477, 6.370622770803005 ], [ -75.453179868598639, 6.370614054049385 ], [ -75.45318213374847, 6.370603962329689 ], [ -75.453184396329391, 6.370592953965928 ], [ -75.453186662763542, 6.370583320568266 ], [ -75.453189386594644, 6.370573227121573 ], [ -75.453191654313116, 6.370564052045954 ], [ -75.453193004668762, 6.370554880424348 ], [ -75.453194349886687, 6.370543875514627 ], [ -75.45319570152671, 6.37053516221506 ], [ -75.453196134519573, 6.370525994047471 ], [ -75.453197482306336, 6.370515905781821 ], [ -75.453102424640704, 6.370640470263973 ], [ -75.453096941012561, 6.37064782413998 ], [ -75.453091005124563, 6.370657471353123 ], [ -75.453076373552747, 6.370674026208609 ], [ -75.453069512594993, 6.370680926943193 ], [ -75.453063570284485, 6.370688282545946 ], [ -75.453057629258126, 6.370696096470714 ], [ -75.453051226981401, 6.370702995478253 ], [ -75.453044825988826, 6.370710352807804 ], [ -75.453039341074899, 6.370717248361458 ], [ -75.453032940081997, 6.370724605690927 ], [ -75.453028375099564, 6.370732414434848 ], [ -75.453024268798615, 6.370740221451864 ], [ -75.453020167634804, 6.370749861757118 ], [ -75.453019734639454, 6.370759029925194 ], [ -75.453019302928425, 6.370768656415326 ], [ -75.453019328614729, 6.37077782285651 ], [ -75.453018440790771, 6.370788367717658 ], [ -75.453018009079813, 6.370797994207793 ], [ -75.453018098982383, 6.370830076751902 ], [ -75.453017673693196, 6.370841994852326 ], [ -75.453017700664091, 6.370851619615546 ], [ -75.453017266384663, 6.370860329461556 ], [ -75.453016835958252, 6.37087041427374 ], [ -75.453016402963186, 6.370879582441807 ], [ -75.453015053889033, 6.370889212385754 ], [ -75.453013246133139, 6.370898844056614 ], [ -75.45301189449026, 6.370907557356459 ], [ -75.453009170655136, 6.370917650803213 ], [ -75.453007364183449, 6.370927740796148 ], [ -75.453006012540527, 6.370936454096001 ], [ -75.45300466346626, 6.370946084039974 ], [ -75.453003774358095, 6.3709561705791 ], [ -75.45300242399945, 6.37096534220102 ], [ -75.453002453539241, 6.370975883608379 ], [ -75.45300385398717, 6.37098458654674 ], [ -75.453004797037678, 6.370993749534065 ], [ -75.453006203907492, 6.371004744082687 ], [ -75.453008066890547, 6.371014820260247 ], [ -75.453009476329285, 6.371026731452932 ], [ -75.453010884483788, 6.371038184323544 ], [ -75.453013208717792, 6.371049175418198 ], [ -75.453014619441277, 6.37106154493287 ], [ -75.453016026311786, 6.371072539481352 ], [ -75.45301697193176, 6.371082619112651 ], [ -75.453017916267427, 6.371092240421889 ], [ -75.453019321853844, 6.371102776648261 ], [ -75.45302210091738, 6.371112391049632 ], [ -75.45302579606053, 6.371121543674983 ], [ -75.453030878809201, 6.37113481601782 ], [ -75.453035495169843, 6.371145340155228 ], [ -75.453043797683733, 6.371161808663288 ], [ -75.453049330124486, 6.371171871024426 ], [ -75.45305440003024, 6.371180560146319 ], [ -75.45306084726657, 6.371189702409143 ], [ -75.453065455921873, 6.371197476613763 ], [ -75.453070065861752, 6.37120570914036 ], [ -75.453075593165806, 6.371213938212825 ], [ -75.453081117901164, 6.37122125064111 ], [ -75.453085727841568, 6.371229483167456 ], [ -75.453096779882017, 6.371245024667648 ], [ -75.453100931140924, 6.371253258920808 ], [ -75.453104626286873, 6.37126241154503 ], [ -75.453109238797111, 6.371271560715059 ], [ -75.45311155661274, 6.371280260198337 ], [ -75.453113875712987, 6.371289418003618 ], [ -75.453113901403, 6.371298584444253 ], [ -75.453112094933701, 6.371308674437267 ], [ -75.453109367246711, 6.371317392918338 ], [ -75.45310710209526, 6.371327484638432 ], [ -75.453104375692632, 6.371336661441545 ], [ -75.453101653143435, 6.371347213210757 ], [ -75.453098475765557, 6.371359141673148 ], [ -75.453094842274467, 6.371371988506693 ], [ -75.453092575838184, 6.37138162190478 ], [ -75.45309122676619, 6.371391251848728 ], [ -75.453089416443007, 6.371399966875684 ], [ -75.453087148722133, 6.371409141951756 ], [ -75.453084879716698, 6.371417858705788 ], [ -75.453083069393415, 6.371426573732757 ], [ -75.45307808040711, 6.371446758900141 ], [ -75.453075816539481, 6.371457308942339 ], [ -75.453074464898279, 6.371466022242253 ], [ -75.453072657143821, 6.371475653913316 ], [ -75.453071764184799, 6.371484365486164 ], [ -75.453067657881036, 6.371492172504453 ], [ -75.45305854075356, 6.371512373215529 ], [ -75.453054434449442, 6.371520180233802 ], [ -75.453049413349618, 6.371528907350267 ], [ -75.453044850931917, 6.371537632739657 ], [ -75.45304028594515, 6.371545441484956 ], [ -75.453035267413867, 6.371555085245462 ], [ -75.453031622360427, 6.371563807180717 ], [ -75.453027063795659, 6.371573907536204 ], [ -75.453023418742006, 6.371582629471446 ], [ -75.453019318859319, 6.371592728099872 ], [ -75.453016135056757, 6.371602364952161 ], [ -75.453012947400708, 6.371610626838311 ], [ -75.453010219711416, 6.371619345319462 ], [ -75.453007041046504, 6.371630815459937 ], [ -75.45300523329081, 6.3716404471311 ], [ -75.453003884217495, 6.371650077075221 ], [ -75.453001191208713, 6.371671170251664 ], [ -75.453000300817791, 6.37168079846875 ], [ -75.452998954313387, 6.37169134505698 ], [ -75.452998521320438, 6.371700513224973 ], [ -75.452996716133583, 6.371711061540261 ], [ -75.452995823173708, 6.371719773113261 ], [ -75.452994472815845, 6.371728944735368 ], [ -75.452992667628905, 6.371739493050666 ], [ -75.452991777237983, 6.371749121267774 ], [ -75.452987730017668, 6.371778011100273 ], [ -75.452986384797654, 6.371789016010591 ], [ -75.452985037008645, 6.371799104276815 ], [ -75.452983236959511, 6.371811485880346 ], [ -75.452981891739469, 6.371822490790677 ], [ -75.452979630438747, 6.37183395747718 ], [ -75.452978280080714, 6.37184312909933 ], [ -75.452977388405273, 6.371852298994423 ], [ -75.452976036762735, 6.371861012294529 ], [ -75.452975605054377, 6.37187063878461 ], [ -75.452975179768487, 6.371882556884938 ], [ -75.452975206742792, 6.371892181647949 ], [ -75.452974772465538, 6.371900891493934 ], [ -75.452972971131828, 6.37191281477546 ], [ -75.452971625911758, 6.371923819685833 ], [ -75.452970732951854, 6.371932531258891 ], [ -75.452969381309273, 6.371941244559024 ], [ -75.452967573552996, 6.371950876230325 ], [ -75.452964849715826, 6.371960969677825 ], [ -75.452958482106851, 6.371980243382876 ], [ -75.452955297017752, 6.371989421913359 ], [ -75.452951651961342, 6.371998143848851 ], [ -75.452947545653117, 6.372005950867303 ], [ -75.452939768598384, 6.372013313380175 ], [ -75.45293244508828, 6.372018840877701 ], [ -75.452924208065895, 6.372025746795422 ], [ -75.452916885839883, 6.372031732614854 ], [ -75.452908643679223, 6.372036805244174 ], [ -75.452899944120077, 6.372042337922488 ], [ -75.452891243276284, 6.372047412278627 ], [ -75.452883461082294, 6.372052941502687 ], [ -75.452875222774196, 6.372059389097804 ], [ -75.452868819197107, 6.372065829784815 ], [ -75.452862416904296, 6.37207272879385 ], [ -75.452849614886958, 6.372087443455921 ], [ -75.452842757764031, 6.372095719158024 ], [ -75.452835436820408, 6.372102163298774 ], [ -75.452828577128244, 6.372109522356626 ], [ -75.452822636086026, 6.372117336282554 ], [ -75.452816238929543, 6.372126068579568 ], [ -75.4528112165371, 6.372134337373581 ], [ -75.452806655396159, 6.372143521084756 ], [ -75.452802091686337, 6.372151788151768 ], [ -75.452796606757403, 6.372158683706456 ], [ -75.452791125681486, 6.37216695422735 ], [ -75.452786102003941, 6.372174764699194 ], [ -75.452779703561873, 6.372183038673938 ], [ -75.452772843867947, 6.372190397731431 ], [ -75.452766441572379, 6.372197296739845 ], [ -75.452760036707943, 6.372203279104048 ], [ -75.452754551777957, 6.372210174658512 ], [ -75.452748606880519, 6.372216613617788 ], [ -75.452741283365341, 6.372222141113619 ], [ -75.452732576095059, 6.372224923857585 ], [ -75.452728883513231, 6.372216687875262 ], [ -75.452728400427915, 6.372207981482457 ], [ -75.452724705277674, 6.372198828855875 ], [ -75.452718720565869, 6.372191059829995 ], [ -75.452713194537182, 6.372183289077121 ], [ -75.452706754995745, 6.37217689674419 ], [ -75.452698940689999, 6.372170967913867 ], [ -75.452690212871417, 6.372166417503412 ], [ -75.4526814837687, 6.372161408770678 ], [ -75.452673672031992, 6.372156396584062 ], [ -75.452665400328215, 6.372150927802026 ], [ -75.452657135045897, 6.37214775063035 ], [ -75.452648405943734, 6.372142741896914 ], [ -75.452639683262944, 6.372140024773838 ], [ -75.452629580680778, 6.372135937864675 ], [ -75.452620858000117, 6.372133220741238 ], [ -75.452611674068223, 6.372129588700187 ], [ -75.452602492704798, 6.372126873303176 ], [ -75.452594223570472, 6.372122321163967 ], [ -75.452585955720465, 6.372118227346715 ], [ -75.452577225335119, 6.372112760289692 ], [ -75.452569872282794, 6.372107746374362 ], [ -75.452562516662283, 6.372101815814646 ], [ -75.452554704927351, 6.372096803625777 ], [ -75.452545523564638, 6.372094088227561 ], [ -75.452536343486159, 6.372091831151288 ], [ -75.452527167260101, 6.37209094904123 ], [ -75.452517988465786, 6.372089150286731 ], [ -75.452509270922633, 6.37208826644964 ], [ -75.452499638581912, 6.372088302710035 ], [ -75.452490466208147, 6.37208879556571 ], [ -75.452480837719605, 6.37209020679217 ], [ -75.452471671766133, 6.372092991258229 ], [ -75.452462047129629, 6.372095777450801 ], [ -75.452451049012367, 6.372099485467427 ], [ -75.452424927199061, 6.372107833683953 ], [ -75.452406608130673, 6.372117985835745 ], [ -75.452396992481269, 6.372123980282366 ], [ -75.452388754164502, 6.372130427871241 ], [ -75.452381889328365, 6.372135953635953 ], [ -75.452375025776078, 6.372141937722763 ], [ -75.452368622190605, 6.372148378405102 ], [ -75.452362678571959, 6.372155275682986 ], [ -75.452356736237135, 6.372162631282995 ], [ -75.452350337787152, 6.372170905253861 ], [ -75.452339367914732, 6.372184696356255 ], [ -75.452333423011325, 6.372191135311799 ], [ -75.45232748067572, 6.372198490911642 ], [ -75.452327507639239, 6.372208115677164 ], [ -75.452336231604733, 6.372211291127787 ], [ -75.452344942730377, 6.3722098833566 ], [ -75.452353658991939, 6.372210308873925 ], [ -75.452363295187553, 6.372211647582254 ], [ -75.452372933951253, 6.372213902934709 ], [ -75.45238349136504, 6.372216613155925 ], [ -75.45239221276276, 6.372218871961186 ], [ -75.452401392843569, 6.372221129039662 ], [ -75.452410574208457, 6.372223844440114 ], [ -75.452419754289366, 6.372226101518227 ], [ -75.452428474403206, 6.372227902000658 ], [ -75.452437198369324, 6.372231077449364 ], [ -75.452445921051435, 6.372233794575759 ], [ -75.452450990962561, 6.37224248370319 ], [ -75.452449180628179, 6.372251198730585 ], [ -75.452441394573171, 6.372255352983172 ], [ -75.452432227332494, 6.372257679127045 ], [ -75.452423054955446, 6.372258171982179 ], [ -75.452413876158005, 6.372256373226402 ], [ -75.452404239961595, 6.37225503451922 ], [ -75.452395061164196, 6.372253235763084 ], [ -75.452385423683793, 6.372251438733378 ], [ -75.452375324952285, 6.372248726785767 ], [ -75.452365223652805, 6.372245098193611 ], [ -75.452356499686601, 6.372241922743638 ], [ -75.45234686092239, 6.372239667390973 ], [ -75.452337218306241, 6.372236037071611 ], [ -75.45232665960809, 6.372232868527324 ], [ -75.452317939494122, 6.37223106804311 ], [ -75.452307843331027, 6.372229272738358 ], [ -75.452288570938975, 6.372226595319511 ], [ -75.45227893089114, 6.37222388164327 ], [ -75.452270665608609, 6.372220704465146 ], [ -75.452261485527885, 6.372218447384218 ], [ -75.452251848048078, 6.372216650351771 ], [ -75.452243124082685, 6.372213474899628 ], [ -75.452234396265709, 6.372208924480758 ], [ -75.452226127131894, 6.37220437233524 ], [ -75.452217400599039, 6.372200280238206 ], [ -75.45220821281552, 6.372195273223048 ], [ -75.452198565065245, 6.372189809611933 ], [ -75.45219029593197, 6.372185257465708 ], [ -75.45218111071658, 6.372181167094344 ], [ -75.452171924217481, 6.372176618400593 ], [ -75.452164113767623, 6.372172064527442 ], [ -75.452154927268793, 6.372167515833313 ], [ -75.452146654284732, 6.372161588719619 ], [ -75.452137922617808, 6.372155663332114 ], [ -75.452129192234864, 6.372150196266629 ], [ -75.452121839184912, 6.372145182344098 ], [ -75.45211311136984, 6.372140631922685 ], [ -75.452103945412148, 6.372143416382817 ], [ -75.452097083139535, 6.372149858788857 ], [ -75.452088364310768, 6.372148516622499 ], [ -75.452080553861848, 6.372143962747832 ], [ -75.452072284730036, 6.372139410599327 ], [ -75.452063554347859, 6.372133943532516 ], [ -75.45205573748072, 6.372127098046269 ], [ -75.452048839263497, 6.372120707429508 ], [ -75.452041019829338, 6.372112945298494 ], [ -75.452034124179903, 6.372107471325904 ], [ -75.452027227246901, 6.372101539030962 ], [ -75.452019871631052, 6.372095608462154 ], [ -75.452012058616077, 6.372090137941671 ], [ -75.452005162967211, 6.372084663968559 ], [ -75.451997349952521, 6.372079193447791 ], [ -75.451989078255011, 6.372073724653087 ], [ -75.451980347874681, 6.37206825758443 ], [ -75.451972537427721, 6.372063703707642 ], [ -75.451965639212332, 6.372057313089355 ], [ -75.451956455283991, 6.37205368103534 ], [ -75.451947737740355, 6.372052797188418 ], [ -75.451938565364586, 6.372053290034253 ], [ -75.45192893815657, 6.372055159572838 ], [ -75.451919772198607, 6.372057944029592 ], [ -75.451909688874551, 6.372060731938514 ], [ -75.45190098159928, 6.372063514668823 ], [ -75.451892270473223, 6.372064922432251 ], [ -75.451883099380524, 6.372065873599413 ], [ -75.451873924437123, 6.372065449799646 ], [ -75.451872065317772, 6.372056748581215 ], [ -75.45187341441229, 6.372047118635447 ], [ -75.451877518171699, 6.372038394977486 ], [ -75.45188345794638, 6.372030122737299 ], [ -75.45189122731847, 6.372020010303558 ], [ -75.45189808445862, 6.372011734611031 ], [ -75.451904482915637, 6.372003460644599 ], [ -75.451910423973104, 6.371995646726522 ], [ -75.45191590634748, 6.371987834534553 ], [ -75.451921847404606, 6.371980020616415 ], [ -75.451929614208112, 6.371968991537898 ], [ -75.45193555141411, 6.371959802652939 ], [ -75.451940576388495, 6.371952450509265 ], [ -75.45194559751198, 6.371943723398831 ], [ -75.451950158668865, 6.371934539692298 ], [ -75.451954722392799, 6.371926272630242 ], [ -75.451959744799453, 6.371918003842009 ], [ -75.451964305955926, 6.371908820135448 ], [ -75.45196978576152, 6.371900091298769 ], [ -75.451974810734939, 6.371892739154972 ], [ -75.451980747939416, 6.371883550269831 ], [ -75.451986230311761, 6.371875738077568 ], [ -75.451988298768001, 6.371872686416853 ], [ -75.451991898972267, 6.371868770811218 ], [ -75.451992630049517, 6.3718679224329 ], [ -75.451998572387936, 6.371860566836626 ], [ -75.452004969558089, 6.371851834547413 ], [ -75.452011368011682, 6.371843560580391 ], [ -75.452017309065937, 6.371835746661779 ], [ -75.452023247552745, 6.371827016098669 ], [ -75.45203010083759, 6.371817365438634 ], [ -75.452035125809473, 6.371810013294584 ], [ -75.452040149497577, 6.371802202828285 ], [ -75.452045171901915, 6.371793934039733 ], [ -75.45205156521962, 6.371783826783579 ], [ -75.452057961104401, 6.371774636171851 ], [ -75.452062983508242, 6.371766367383236 ], [ -75.452067547229234, 6.371758100320841 ], [ -75.452072107099127, 6.371748458291762 ], [ -75.452075750887204, 6.371739278037369 ], [ -75.452079397242514, 6.371731014427428 ], [ -75.452082583631423, 6.371722294221497 ], [ -75.452085310053931, 6.371713117419591 ], [ -75.452087119111113, 6.37170394407017 ], [ -75.452088010803038, 6.371694774173227 ], [ -75.452089819860177, 6.37168560082381 ], [ -75.452091170234681, 6.371676429200639 ], [ -75.452092979291777, 6.371667255851234 ], [ -75.452094789632511, 6.371658540824056 ], [ -75.452096596122203, 6.371648450830213 ], [ -75.452098863861764, 6.371639275754575 ], [ -75.45210021551982, 6.371630562453651 ], [ -75.452099731163997, 6.371621397735452 ], [ -75.452094663833691, 6.371613625246241 ], [ -75.452086394711301, 6.371609073096079 ], [ -75.452076755959595, 6.371606817735522 ], [ -75.452068039707541, 6.371606392211275 ], [ -75.452058407374025, 6.371606428461497 ], [ -75.452048776324077, 6.371606923033776 ], [ -75.452039142706838, 6.371606500961408 ], [ -75.452029045272653, 6.371604247326083 ], [ -75.452020321318997, 6.371601071867588 ], [ -75.45201067614957, 6.371596524894507 ], [ -75.452001033547432, 6.371592894565687 ], [ -75.451984503005846, 6.371586540195159 ], [ -75.45197578033617, 6.371583823058028 ], [ -75.451966139017912, 6.3715806510507 ], [ -75.451956958949367, 6.371578393961566 ], [ -75.45194548546813, 6.371576145502712 ], [ -75.451935385467564, 6.371572975220833 ], [ -75.451926666648703, 6.371571633049529 ], [ -75.45191657178222, 6.371570296056267 ], [ -75.451906936881784, 6.371569415659001 ], [ -75.451897303264829, 6.371568993583806 ], [ -75.451887208398361, 6.371567656589943 ], [ -75.451874823969504, 6.371567703192798 ], [ -75.451866107717578, 6.371567277664957 ], [ -75.451856016701399, 6.371567315637267 ], [ -75.451846386934591, 6.371568268527922 ], [ -75.451827124833926, 6.371569257664161 ], [ -75.451817496350316, 6.371570668876572 ], [ -75.451807865299813, 6.371571163444252 ], [ -75.451798232965899, 6.371571199689479 ], [ -75.451788601915283, 6.37157169425681 ], [ -75.451779432113952, 6.371573103742589 ], [ -75.451770720995114, 6.371574511502287 ], [ -75.451761095077728, 6.371576839358267 ], [ -75.451751467876889, 6.371578708891805 ], [ -75.451742300641854, 6.371581035021556 ], [ -75.451731294826359, 6.371581993087888 ], [ -75.451720745126721, 6.371582032783516 ], [ -75.451711568908209, 6.371581150656681 ], [ -75.451702391406371, 6.371579810207379 ], [ -75.451693212621279, 6.3715780114356 ], [ -75.451683113904437, 6.37157529947075 ], [ -75.451673473870287, 6.371572585779836 ], [ -75.451664747351558, 6.371568493670123 ], [ -75.451656478232294, 6.371563941512087 ], [ -75.451647749147313, 6.371558932757399 ], [ -75.451639937427643, 6.371553920550899 ], [ -75.451632126991356, 6.371549366666559 ], [ -75.451623397906801, 6.371544357911355 ], [ -75.451616041020472, 6.371537969011648 ], [ -75.451608682851102, 6.371531121789473 ], [ -75.451601322115536, 6.37152335792251 ], [ -75.451595336144649, 6.371515130555773 ], [ -75.451590727504836, 6.371507356333958 ], [ -75.451586117581996, 6.371499123789748 ], [ -75.451580589011058, 6.371490436374637 ], [ -75.451575521689207, 6.371482663878333 ], [ -75.451569540851949, 6.371476269800399 ], [ -75.451569332826864, 6.371476259644471 ], [ -75.45156952327693, 6.371471690149161 ], [ -75.451570872375868, 6.371462060218691 ], [ -75.451572680156559, 6.371452428562495 ], [ -75.451575860133033, 6.37144141676435 ], [ -75.451578129161717, 6.371432700025597 ], [ -75.451580856872098, 6.371423981561112 ], [ -75.451583125900683, 6.371415264822363 ], [ -75.451585391079718, 6.371405173118872 ], [ -75.451587198860167, 6.371395541462709 ], [ -75.451589913738687, 6.371382239782421 ], [ -75.451591262837383, 6.371372609851997 ], [ -75.451593065485071, 6.371361144909518 ], [ -75.451594415866893, 6.371351973300687 ], [ -75.451597142293679, 6.371342796514663 ], [ -75.451600787366871, 6.371334074598749 ], [ -75.451603972475155, 6.371324896086987 ], [ -75.451605780255292, 6.371315264430862 ], [ -75.451607585469063, 6.37130471613158 ], [ -75.451609846798092, 6.371293249463409 ], [ -75.451610739781231, 6.371284537901929 ], [ -75.451612087596487, 6.371274449649976 ], [ -75.451612521898028, 6.37126573981423 ], [ -75.45161341231487, 6.371256111609597 ], [ -75.451612465439084, 6.371245573664727 ], [ -75.451612438492845, 6.371235948911547 ], [ -75.451614707520719, 6.371227232172893 ], [ -75.451620188602533, 6.371218961675717 ], [ -75.451626128365717, 6.371210689452782 ], [ -75.451632982925474, 6.371201497135188 ], [ -75.451639385219337, 6.371194598151171 ], [ -75.451647162274384, 6.371187235668293 ], [ -75.451654025815714, 6.371181251601569 ], [ -75.451662722799725, 6.371174802310178 ], [ -75.451671422349889, 6.371169269661823 ], [ -75.451679205820071, 6.371164198786473 ], [ -75.451696607485829, 6.371154050132383 ], [ -75.451714013000498, 6.37114527644253 ], [ -75.451721799036292, 6.371141122209823 ], [ -75.451738291036804, 6.371133726935613 ], [ -75.451747913081178, 6.371130024120869 ], [ -75.451757077727208, 6.371126781353362 ], [ -75.451766699771255, 6.371123078538319 ], [ -75.451775408302112, 6.371120754139481 ], [ -75.451792820230324, 6.371114272055227 ], [ -75.451801527477528, 6.371111489334456 ], [ -75.451810690839395, 6.371107788244593 ], [ -75.451819398086343, 6.371105005523566 ], [ -75.451828561447911, 6.371101304433438 ], [ -75.451837726092663, 6.371098061664713 ], [ -75.45184826678144, 6.371094813718118 ], [ -75.451859727399523, 6.371092478962569 ], [ -75.45186981453999, 6.371091066027643 ], [ -75.451878985600956, 6.371090114865931 ], [ -75.451889533989373, 6.371089616847759 ], [ -75.451899623696349, 6.371089120555331 ], [ -75.45190879347372, 6.371087711071586 ], [ -75.451919338011749, 6.371085838088251 ], [ -75.451929421301443, 6.371083050187654 ], [ -75.45193904847649, 6.371081180655908 ], [ -75.451947760855532, 6.371080231219028 ], [ -75.451957389313819, 6.371078820008482 ], [ -75.451966559090621, 6.371077410523781 ], [ -75.451975267619133, 6.371075086121924 ], [ -75.451985348341225, 6.371071381577321 ], [ -75.451994056869452, 6.37106905717518 ], [ -75.452002761547206, 6.371065357808386 ], [ -75.452012840985333, 6.371061194941821 ], [ -75.452021543095768, 6.371056578931761 ], [ -75.452030702603864, 6.371051502874021 ], [ -75.452038483500829, 6.371045515351361 ], [ -75.452045801865808, 6.371038154590197 ], [ -75.45205174290318, 6.371030340685711 ], [ -75.452056765294287, 6.37102207191186 ], [ -75.452060411641412, 6.371013808316244 ], [ -75.452064055421445, 6.371004628077624 ], [ -75.452072257776635, 6.370985347505228 ], [ -75.452074982910332, 6.37097571239729 ], [ -75.452076788114468, 6.370965164098543 ], [ -75.452078588184506, 6.370952782513825 ], [ -75.452080393388584, 6.370942234215089 ], [ -75.452082196025586, 6.370930769273373 ], [ -75.452085369572117, 6.370917465867422 ], [ -75.452088546969065, 6.370905537425965 ], [ -75.452093102976463, 6.370894520449234 ], [ -75.45209811638135, 6.370883043424916 ], [ -75.452102216274341, 6.370872944817255 ], [ -75.452107687076506, 6.370861007745341 ], [ -75.452112245650326, 6.370850907411573 ], [ -75.452116351960484, 6.370843100411352 ], [ -75.452123194954865, 6.370829783196638 ], [ -75.452130046933675, 6.370819674232314 ], [ -75.452137817557926, 6.370810020137213 ], [ -75.452144672103316, 6.370800827815773 ], [ -75.45215061185344, 6.370792555589502 ], [ -75.452157006433779, 6.370782906672632 ], [ -75.452163402297458, 6.370773716077207 ], [ -75.452170252991294, 6.370763148791173 ], [ -75.452176646287413, 6.370753041552724 ], [ -75.452184411775661, 6.370741554171384 ], [ -75.452195376478443, 6.37072592981368 ], [ -75.452201773624438, 6.370717197539534 ], [ -75.452208172053787, 6.370708923586829 ], [ -75.452215482710571, 6.37069881289587 ], [ -75.45222142245855, 6.370690540669247 ], [ -75.452226902241819, 6.370681811847293 ], [ -75.452231918209577, 6.370671251465605 ], [ -75.452236480630646, 6.370662526095963 ], [ -75.452240123122522, 6.370652887535718 ], [ -75.452244684259725, 6.370643703844591 ], [ -75.452248790566699, 6.370635896844036 ], [ -75.452253814235362, 6.370628086391114 ], [ -75.452260668776631, 6.370618894069032 ], [ -75.452266609806728, 6.370611080163682 ], [ -75.452272092155809, 6.370603267984495 ], [ -75.452282139491771, 6.370587647078439 ], [ -75.452285784549758, 6.370578925161071 ], [ -75.45229123994207, 6.370561488231129 ], [ -75.452293965070879, 6.370551853123243 ], [ -75.452298064958455, 6.370541754515283 ], [ -75.452302163562251, 6.370531197585867 ], [ -75.452306259598657, 6.370519724013533 ], [ -75.452311727826398, 6.370506870298197 ], [ -75.452316283826903, 6.370495853321112 ], [ -75.452319926316662, 6.370486214760818 ], [ -75.45232311397649, 6.370477952891102 ], [ -75.452326751331483, 6.370466481044986 ], [ -75.452330393820944, 6.370456842484692 ], [ -75.452334038877567, 6.370448120567311 ], [ -75.452339053558035, 6.370437101863993 ], [ -75.452343610841268, 6.370426543208345 ], [ -75.452347712010948, 6.370416902921825 ], [ -75.452351814464166, 6.37040772095675 ], [ -75.45235500083956, 6.37039900076558 ], [ -75.452360015519275, 6.370387982062238 ], [ -75.452364574085479, 6.37037788172802 ], [ -75.452368216573888, 6.370368243167717 ], [ -75.452372317742842, 6.370358602881173 ], [ -75.452375961514718, 6.370349422642316 ], [ -75.452380520080396, 6.370339322308086 ], [ -75.452385076078585, 6.37032830533095 ], [ -75.452393280982719, 6.370309941400735 ], [ -75.452396468640785, 6.370301679530997 ], [ -75.452403751048422, 6.370281485767483 ], [ -75.452406477458297, 6.370272308981112 ], [ -75.45241011481086, 6.370260837135031 ], [ -75.452412383823756, 6.370252120396358 ], [ -75.452415568913963, 6.370242941883745 ], [ -75.452417835359398, 6.370233308502201 ], [ -75.452420559201599, 6.370223215072965 ], [ -75.452422366966417, 6.370213583417681 ], [ -75.45242371348337, 6.370203036845766 ], [ -75.452423687809883, 6.370193870416936 ], [ -75.452423200888617, 6.370183789071463 ], [ -75.452421797890153, 6.370174169499917 ], [ -75.452421309685377, 6.370163629832984 ], [ -75.45242036536753, 6.370154008535163 ], [ -75.452420338410633, 6.37014438378486 ], [ -75.45242169006238, 6.370135670498729 ], [ -75.45242303401217, 6.370124207283943 ], [ -75.452423008339011, 6.37011504085508 ], [ -75.452421145376945, 6.370104964688256 ], [ -75.452421119703885, 6.37009579825938 ], [ -75.452420632783173, 6.370085716913838 ], [ -75.452420149713475, 6.370077010532624 ], [ -75.452419661509225, 6.370066470865622 ], [ -75.452418257227976, 6.370056392972498 ], [ -75.452416398117379, 6.370047691769903 ], [ -75.452413160398564, 6.370038079103029 ], [ -75.452409006602878, 6.370028928209963 ], [ -75.452404854090972, 6.370020235638277 ], [ -75.452400244182542, 6.370012003114169 ], [ -75.452391021798931, 6.369994621422824 ], [ -75.452382701373509, 6.369971736421387 ], [ -75.452379923619944, 6.369962580349327 ], [ -75.452378980587611, 6.369953417372571 ], [ -75.452376198983515, 6.369942886336081 ], [ -75.452372046473116, 6.369934193763838 ], [ -75.452367433999058, 6.369925044596219 ], [ -75.452361895179735, 6.369912690630597 ], [ -75.45235728398967, 6.369903999784258 ], [ -75.452353134047115, 6.369896223854636 ], [ -75.452343909100748, 6.369877925518668 ], [ -75.452339759158662, 6.36987014958884 ], [ -75.452335146685911, 6.369861000420666 ], [ -75.452327759028819, 6.369843611822627 ], [ -75.45232360908733, 6.369835835892547 ], [ -75.452319913975629, 6.369826683271915 ], [ -75.452315761467432, 6.369817990698776 ], [ -75.452311148995747, 6.369808841530178 ], [ -75.452306539091211, 6.369800609004445 ], [ -75.452301920202459, 6.36978916822833 ], [ -75.45229822637512, 6.369780473928849 ], [ -75.452294533831392, 6.369772237950782 ], [ -75.45229083872087, 6.369763085329712 ], [ -75.452285770137081, 6.369754854529665 ], [ -75.452280700270023, 6.369746165408059 ], [ -75.452276546479894, 6.369737014512823 ], [ -75.452270098006011, 6.369727413926164 ], [ -75.452262729605337, 6.369716900148441 ], [ -75.452257659739132, 6.369708211026429 ], [ -75.452247973553639, 6.369688997770211 ], [ -75.452242902404606, 6.369679850326451 ], [ -75.452232754973537, 6.369659722152703 ], [ -75.452227683825143, 6.369650574708663 ], [ -75.452222150146738, 6.369640054026029 ], [ -75.452217073865256, 6.369629073295834 ], [ -75.452212918794146, 6.369619464078105 ], [ -75.452209223686637, 6.369610311455856 ], [ -75.452203230045811, 6.369599334177277 ], [ -75.452199074975326, 6.369589724959323 ], [ -75.452194462508388, 6.369580575788724 ], [ -75.452189846191587, 6.369570051653556 ], [ -75.452182461111875, 6.369553579694301 ], [ -75.452178764722206, 6.369543968750095 ], [ -75.452175527012699, 6.369534356079925 ], [ -75.452172291869942, 6.369525660052708 ], [ -75.452169052877409, 6.369515589060937 ], [ -75.452167191208105, 6.369505971212948 ], [ -75.452163956065789, 6.3694972751856 ], [ -75.452161179603507, 6.369488577432326 ], [ -75.452157480648339, 6.369478049844747 ], [ -75.45215332558007, 6.369468440625988 ], [ -75.452148258285391, 6.369460668144924 ], [ -75.452143192274136, 6.36945335398528 ], [ -75.452138583659632, 6.369445579778189 ], [ -75.452133971195494, 6.369436430606496 ], [ -75.452130277374522, 6.369427736304548 ], [ -75.452125667477233, 6.369419503775734 ], [ -75.452121974939828, 6.369411267795178 ], [ -75.452119193345979, 6.369400736755344 ], [ -75.452117792924753, 6.36939203382405 ], [ -75.452116821668824, 6.369372787772071 ], [ -75.452115877361138, 6.369363166471889 ], [ -75.452115847846642, 6.369352625077031 ], [ -75.452114904822324, 6.369343462098344 ], [ -75.452114813712853, 6.369310921270692 ], [ -75.452115705407778, 6.369301751388748 ], [ -75.452115804666164, 6.369299649808029 ], [ -75.452186790239807, 6.369340818286202 ], [ -75.45224702680791, 6.3693829781737 ], [ -75.452330001979732, 6.36944572065183 ], [ -75.452394855101716, 6.369492242217397 ], [ -75.452458444981076, 6.369540005093655 ], [ -75.452509609041329, 6.369572232131802 ], [ -75.452557434185607, 6.369600853878611 ], [ -75.452578761705965, 6.369612186893532 ], [ -75.452597440987589, 6.369620398163782 ], [ -75.452603237153497, 6.369624228740999 ], [ -75.452605082810436, 6.369625996958074 ], [ -75.452606078890199, 6.369629279037071 ], [ -75.45272134841538, 6.369628523685462 ], [ -75.452748111652056, 6.36962101254887 ], [ -75.45278613271627, 6.36960801712144 ], [ -75.452840221879455, 6.369576333598667 ], [ -75.452885062363634, 6.369530159215065 ], [ -75.452920228955676, 6.369479354530747 ], [ -75.452943940218717, 6.369441391325806 ], [ -75.452971423941577, 6.369390302092589 ], [ -75.452996230087606, 6.369345470987743 ], [ -75.453017321143975, 6.369304791361516 ], [ -75.453040625938868, 6.369269414030745 ], [ -75.453060642178983, 6.36923679853787 ], [ -75.453086105931746, 6.369212969697122 ], [ -75.453115330577234, 6.369194247667556 ], [ -75.453137623109299, 6.369183855409768 ], [ -75.453137606320837, 6.369177863326734 ], [ -75.453135389171194, 6.369164084987594 ], [ -75.45313323008412, 6.36915485633302 ], [ -75.453129510496424, 6.36905826561689 ], [ -75.453129087496905, 6.368899079728279 ], [ -75.453140124194448, 6.368578110040283 ], [ -75.453145570919872, 6.368394135651718 ], [ -75.453162732688256, 6.368132240594723 ], [ -75.453166581836101, 6.368037811564133 ], [ -75.453166038285374, 6.368029495995245 ], [ -75.453166018448528, 6.368022414797011 ], [ -75.453166292438439, 6.368016613455893 ], [ -75.45316747874385, 6.368008556085618 ], [ -75.453168370422404, 6.367999386205904 ], [ -75.453169241756541, 6.367993468116222 ], [ -75.453171245876817, 6.367985359543098 ], [ -75.453173000860247, 6.367976460298759 ], [ -75.453175546732297, 6.367966679900598 ], [ -75.453177229252901, 6.367955252242475 ], [ -75.45317844451229, 6.367947418133053 ], [ -75.453180490067396, 6.367936519465986 ], [ -75.453181361620224, 6.367927556555324 ], [ -75.453183377530337, 6.36791733419193 ], [ -75.453183840329146, 6.367908052479376 ], [ -75.453184733046641, 6.367902836029253 ], [ -75.453186294085867, 6.367897581713611 ], [ -75.453189745737475, 6.367888135474232 ], [ -75.45319284394067, 6.367876233200572 ], [ -75.453197190334421, 6.367855309332973 ], [ -75.453198124306738, 6.36784570450872 ], [ -75.453199969734442, 6.367835872113711 ], [ -75.453201044256488, 6.36782368218859 ], [ -75.453202033028504, 6.367812990190203 ], [ -75.453202405356421, 6.367803843012856 ], [ -75.453203390928948, 6.367797489567224 ], [ -75.453204449892496, 6.367790297098945 ], [ -75.453205121531354, 6.367787579679933 ], [ -75.453208180132336, 6.367781077722419 ], [ -75.453212302733633, 6.367769795272322 ], [ -75.453215805235189, 6.367759193732938 ], [ -75.453219509794408, 6.367747442567234 ], [ -75.453222052841909, 6.367737153516059 ], [ -75.45322397489177, 6.367729769632937 ], [ -75.453225935682909, 6.36772350235765 ], [ -75.453237880334953, 6.367692543634053 ], [ -75.453241160635827, 6.367684832842809 ], [ -75.453244897209572, 6.367677309324105 ], [ -75.453247694712672, 6.367671990609858 ], [ -75.453252615398554, 6.367664565624264 ], [ -75.453257564648908, 6.367656099526326 ], [ -75.45326430726611, 6.367645141146353 ], [ -75.453270152311205, 6.367633372259701 ], [ -75.453276436893503, 6.367619447523436 ], [ -75.45328082620685, 6.36760392830673 ], [ -75.453282158727518, 6.367595338269498 ], [ -75.453283819167609, 6.36758958832517 ], [ -75.453286703861366, 6.367582685757689 ], [ -75.453288455999527, 6.367578144479839 ], [ -75.453291398759646, 6.367573569244672 ], [ -75.453298158136107, 6.367562234051258 ], [ -75.453313546551328, 6.367531249762668 ], [ -75.453317212687551, 6.367521747688639 ], [ -75.453322321278776, 6.367509739246539 ], [ -75.453324886927675, 6.367499882859284 ], [ -75.453328073277916, 6.367491162668553 ], [ -75.453330446420082, 6.367482045828955 ], [ -75.453333728131994, 6.367472529301514 ], [ -75.453336024838933, 6.367465188332251 ], [ -75.453338806237426, 6.367458532929722 ], [ -75.453343151895041, 6.367448317865722 ], [ -75.453346894646089, 6.367438617215345 ], [ -75.453349391187658, 6.367431422846765 ], [ -75.453353130728615, 6.367423893347929 ], [ -75.453356155031855, 6.367417039402183 ], [ -75.453359963094911, 6.367410525393962 ], [ -75.45336621094728, 6.367398576632042 ], [ -75.453370379881619, 6.367387771376527 ], [ -75.453374295785324, 6.36737740923579 ], [ -75.453378018424203, 6.36736668157869 ], [ -75.453381255837144, 6.367355784724308 ], [ -75.453384160840869, 6.367344624640605 ], [ -75.453386427547557, 6.367331963984703 ], [ -75.453388028294029, 6.367320537539483 ], [ -75.453389121307779, 6.367309297128934 ], [ -75.453390042907145, 6.367289783509694 ], [ -75.453390366425538, 6.367282569615477 ], [ -75.453391718063244, 6.367273856331011 ], [ -75.453392308625752, 6.367260687821719 ], [ -75.453392271776821, 6.36724753432077 ], [ -75.453391672431067, 6.367235658227022 ], [ -75.453390476743678, 6.367224040358415 ], [ -75.453388630993658, 6.367212569991614 ], [ -75.453385797281427, 6.367200273463197 ], [ -75.45338308333281, 6.367190087039832 ], [ -75.453380305588183, 6.367180930972819 ], [ -75.453376218246362, 6.367165589709808 ], [ -75.453374811729233, 6.367158664802628 ], [ -75.453373585736543, 6.367151045898293 ], [ -75.453372361103433, 6.367143041992118 ], [ -75.453370840278538, 6.367128984912356 ], [ -75.453370831200175, 6.367125744208181 ], [ -75.453372008799036, 6.367118152861684 ], [ -75.453372497091195, 6.367107813956837 ], [ -75.453373049778136, 6.367102422045711 ], [ -75.453373843281895, 6.367098398305777 ], [ -75.453376674373629, 6.367090239849473 ], [ -75.453379166059591, 6.367080158590221 ], [ -75.4533813447364, 6.367072930964668 ], [ -75.45338462967635, 6.36706507067062 ], [ -75.453387668565384, 6.367056313396803 ], [ -75.453390528082622, 6.367049832900594 ], [ -75.453393810784092, 6.367042485613704 ], [ -75.453398160954961, 6.367034605306873 ], [ -75.453403119765454, 6.367024063876806 ], [ -75.453407330611071, 6.367014520877113 ], [ -75.453412142055726, 6.367002398663091 ], [ -75.453415625656632, 6.36699008174244 ], [ -75.453418407961991, 6.366979393022186 ], [ -75.453420539016435, 6.366968038791061 ], [ -75.453422530156203, 6.366956917307236 ], [ -75.453423792427671, 6.366947906962576 ], [ -75.453425857087794, 6.366937967511723 ], [ -75.453426714463802, 6.36692778430827 ], [ -75.453428590171711, 6.366919427614788 ], [ -75.453430523081494, 6.366907633803446 ], [ -75.453432398685138, 6.366897640609923 ], [ -75.453433922668353, 6.366887289709981 ], [ -75.453436618239422, 6.366867113213505 ], [ -75.453437638902983, 6.366860180862457 ], [ -75.453440105430772, 6.366849781059552 ], [ -75.453442324346028, 6.366838529261928 ], [ -75.453443621070917, 6.366829272980372 ], [ -75.453445621411191, 6.36681995099423 ], [ -75.453447931404227, 6.366808237353883 ], [ -75.453449146067797, 6.366795745912648 ], [ -75.453449741691671, 6.3667831343957 ], [ -75.453449429581724, 6.366777509254446 ], [ -75.45345074970659, 6.366730558789086 ], [ -75.453448802543235, 6.366704738486081 ], [ -75.453448293567106, 6.366674345876387 ], [ -75.453448244045092, 6.366657314368037 ], [ -75.453449175883577, 6.366641234572288 ], [ -75.453444344337484, 6.366554316895835 ], [ -75.453443254346794, 6.366485411560707 ], [ -75.453442295001494, 6.366463350279632 ], [ -75.453441791706538, 6.366427346734102 ], [ -75.453448976780066, 6.366361092815453 ], [ -75.453455512172411, 6.366301891881315 ], [ -75.453473600818384, 6.366183598185575 ], [ -75.453489844363574, 6.366062550348582 ], [ -75.453489769974411, 6.366034550109149 ], [ -75.453489608917693, 6.365973927597634 ], [ -75.453461402621656, 6.365850323250533 ], [ -75.453421159764034, 6.365855126205339 ], [ -75.453397093711089, 6.36585890583683 ], [ -75.453373061743804, 6.365864980063856 ], [ -75.453350195256135, 6.365872185505613 ], [ -75.453328460161956, 6.36587822756565 ], [ -75.453305610715717, 6.36588658030401 ], [ -75.453285058143351, 6.365894900876638 ], [ -75.453217402591747, 6.365902733526464 ], [ -75.453461402621642, 6.365850323250529 ] ] ] ] } },
{ "type": "Feature", "properties": { "FID_": 0, "Name": "Manga Arriba" }, "geometry": { "type": "MultiPolygon", "coordinates": [ [ [ [ -75.468448861841296, 6.345976702775796 ], [ -75.468467446144288, 6.345995939371921 ], [ -75.468487127797715, 6.346010571919656 ], [ -75.46850110722329, 6.346028726889607 ], [ -75.468512803223163, 6.346048061442231 ], [ -75.468527930702081, 6.34606620008458 ], [ -75.468536169874184, 6.346084436685311 ], [ -75.468545569774179, 6.346103803889603 ], [ -75.468555291342298, 6.346133386232053 ], [ -75.468577213633537, 6.346161856520579 ], [ -75.468607468604546, 6.34619813379825 ], [ -75.468618003885425, 6.346216337743034 ], [ -75.468627391115504, 6.346234558014256 ], [ -75.468643666656234, 6.346252680324267 ], [ -75.46865536266759, 6.346272014871238 ], [ -75.468704189299956, 6.346326381794806 ], [ -75.468722773626368, 6.346345618377285 ], [ -75.468739049174062, 6.346363740682705 ], [ -75.468757620826693, 6.346381830333104 ], [ -75.468772748324895, 6.346399968964078 ], [ -75.468783296293026, 6.346419319833482 ], [ -75.468797288417974, 6.346438621720739 ], [ -75.468806688336016, 6.346457988916517 ], [ -75.468818371682332, 6.346476176527116 ], [ -75.468828906977464, 6.346494380464605 ], [ -75.468844034481862, 6.346512519092165 ], [ -75.468861470768417, 6.346531771994357 ], [ -75.468876598275131, 6.346549910620454 ], [ -75.468894034564215, 6.346569163520993 ], [ -75.468912555522323, 6.346582665442247 ], [ -75.468929979136874, 6.346600771410857 ], [ -75.468949660826212, 6.346615403932812 ], [ -75.468969367870727, 6.346632330314057 ], [ -75.4689878888328, 6.34664583223163 ], [ -75.469006384441471, 6.346657040288118 ], [ -75.469026002748834, 6.346665938155692 ], [ -75.469044460327126, 6.346673705420181 ], [ -75.469063006646891, 6.346689501194491 ], [ -75.469081514935695, 6.346701856177638 ], [ -75.469138707634116, 6.346744376540205 ], [ -75.469192311133185, 6.346753047458221 ], [ -75.469210794071387, 6.346763108575554 ], [ -75.469230399707229, 6.346770859503679 ], [ -75.469249992665809, 6.346777463500958 ], [ -75.469268475605617, 6.346787524615774 ], [ -75.469288131954343, 6.346799863261241 ], [ -75.469325148548975, 6.346824573206398 ], [ -75.469343669525571, 6.346838075107666 ], [ -75.469362253893223, 6.346857311657666 ], [ -75.469381935602556, 6.346871944158299 ], [ -75.469400469260222, 6.346886592986679 ], [ -75.469420100258816, 6.346896637765754 ], [ -75.469438659274829, 6.34691358045214 ], [ -75.469457230970335, 6.346931670067481 ], [ -75.469476950719809, 6.346949743352796 ], [ -75.469495522417859, 6.346967832966104 ], [ -75.469510649958721, 6.34698597156568 ], [ -75.469526938232178, 6.347005240765466 ], [ -75.469540917722483, 6.347023395692865 ], [ -75.469552601108049, 6.347041583278136 ], [ -75.469566593278998, 6.347060885134244 ], [ -75.469579450076708, 6.347081350248839 ], [ -75.469591133465158, 6.347099537832583 ], [ -75.4696021413762, 6.34712836648755 ], [ -75.469622777512896, 6.347157590358742 ], [ -75.469639065796443, 6.347176859552698 ], [ -75.469657624829921, 6.347193802227296 ], [ -75.469696962933199, 6.347220773336014 ], [ -75.469715471253906, 6.347233128288806 ], [ -75.469733966896356, 6.347244336311018 ], [ -75.469785308464893, 6.347272283785933 ], [ -75.469862865842103, 6.347271180608827 ], [ -75.46988119665599, 6.347267478539416 ], [ -75.469917909000458, 6.347264662117322 ], [ -75.469954570625745, 6.347257257974282 ], [ -75.469972888758221, 6.347252408972269 ], [ -75.469992342263723, 6.347246396709816 ], [ -75.47002890244795, 6.347229817125434 ], [ -75.470047195218754, 6.347222674262029 ], [ -75.470065449949601, 6.347212090609425 ], [ -75.470084878092223, 6.347203784484957 ], [ -75.470104268194547, 6.347192037571285 ], [ -75.470123696335563, 6.347183731445649 ], [ -75.470141951063056, 6.34717314779097 ], [ -75.470161366522532, 6.347163694734713 ], [ -75.470179633928382, 6.3471542580085 ], [ -75.470199062066285, 6.3471459518806 ], [ -75.470218515563587, 6.347139939611059 ], [ -75.470236770287073, 6.347129355953776 ], [ -75.470257384515918, 6.347124474281699 ], [ -75.470275689958598, 6.347118478341137 ], [ -75.470295181494095, 6.347115906857457 ], [ -75.470313524976589, 6.347113351704011 ], [ -75.470331843098123, 6.347108502691116 ], [ -75.470350148538827, 6.34710250674823 ], [ -75.470369627392401, 6.347098788332544 ], [ -75.470407513128507, 6.34709824940661 ], [ -75.470425869289429, 6.347096841178816 ], [ -75.470444200089048, 6.347093139091665 ], [ -75.470463716982621, 6.347092861460738 ], [ -75.470484356567241, 6.34709027363909 ], [ -75.47052339035325, 6.347089718373532 ], [ -75.470541733831951, 6.347087163212446 ], [ -75.470578471511743, 6.347086640605641 ], [ -75.470597975722995, 6.347085216040431 ], [ -75.470616344562444, 6.347084954735377 ], [ -75.470653006154834, 6.347077550547749 ], [ -75.470671362312501, 6.347076142311555 ], [ -75.47068973115104, 6.347075881003973 ], [ -75.470709209998404, 6.347072162576259 ], [ -75.470729849578902, 6.347069574745262 ], [ -75.470749353787852, 6.347068150174579 ], [ -75.470805608352492, 6.347067349909798 ], [ -75.470825137923285, 6.347068219194671 ], [ -75.470843506760275, 6.34706795788171 ], [ -75.470863036330826, 6.347068827165136 ], [ -75.470881455893519, 6.347073153567409 ], [ -75.47090215887944, 6.347076300375405 ], [ -75.47092057844246, 6.347080626776156 ], [ -75.470938972642372, 6.34708265931796 ], [ -75.470957379523966, 6.347085838788176 ], [ -75.471014782137516, 6.347085022167967 ], [ -75.471033163655378, 6.347085907777239 ], [ -75.471052680543494, 6.347085630124227 ], [ -75.471072210113391, 6.347086499399534 ], [ -75.471165202341894, 6.347085176451023 ], [ -75.471183583858689, 6.347086062054886 ], [ -75.471203113427876, 6.347086931325205 ], [ -75.471221507626908, 6.347088963856663 ], [ -75.471239914508331, 6.347092143316418 ], [ -75.471258334072104, 6.3470964697044 ], [ -75.471277914370631, 6.347101926687562 ], [ -75.471296333934788, 6.347106253074048 ], [ -75.471315914233827, 6.347111710055604 ], [ -75.47133435916345, 6.347118330298426 ], [ -75.471353977510731, 6.347127228065034 ], [ -75.471372435123769, 6.347134995235162 ], [ -75.471392053472073, 6.347143893000055 ], [ -75.471428968700522, 6.347159427336326 ], [ -75.471465833199218, 6.347170373954059 ], [ -75.471484303497633, 6.347179288048317 ], [ -75.471502748430737, 6.347185908284129 ], [ -75.471539714396073, 6.347206030326297 ], [ -75.471558248111961, 6.347220679061331 ], [ -75.471576756462596, 6.347233033937894 ], [ -75.471595315546736, 6.34724997652871 ], [ -75.471611591210589, 6.347268098715102 ], [ -75.47163243371854, 6.34728386170748 ], [ -75.471650954756285, 6.347297363509231 ], [ -75.471669463111567, 6.347309718381375 ], [ -75.471689157570339, 6.347325497704754 ], [ -75.471708826663289, 6.34733898316968 ], [ -75.471725102333806, 6.347357105350974 ], [ -75.471743674110513, 6.34737519486303 ], [ -75.471759949783419, 6.347393317042676 ], [ -75.471778496195327, 6.347409112695575 ], [ -75.471793623817916, 6.347427251207962 ], [ -75.47181220828304, 6.347446487644846 ], [ -75.471829632013609, 6.347464593487123 ], [ -75.471845907692398, 6.347482715662717 ], [ -75.47186446679396, 6.347499658239838 ], [ -75.471879594422361, 6.347517796748434 ], [ -75.471891277893462, 6.34753598426023 ], [ -75.471916940944098, 6.347572326613001 ], [ -75.471927476365053, 6.347590530458072 ], [ -75.471935715680971, 6.347608766972273 ], [ -75.471945115734698, 6.347628134080012 ], [ -75.471952206999077, 6.347646386928455 ], [ -75.47197098174199, 6.347682827285229 ], [ -75.471979221061488, 6.347701063798028 ], [ -75.47198402890649, 6.347720496243975 ], [ -75.471993428964794, 6.34773986334991 ], [ -75.472003989761404, 6.347760361048956 ], [ -75.47201911740342, 6.347778499550565 ], [ -75.4720308008866, 6.347796687056666 ], [ -75.472044805846309, 6.347817135749201 ], [ -75.472057650069289, 6.347836453847652 ], [ -75.472071642346734, 6.347855755610434 ], [ -75.472107786961288, 6.347898012099733 ], [ -75.472140100524882, 6.347920166753278 ], [ -75.472159795021156, 6.347935946050045 ], [ -75.472178328780558, 6.34795059475311 ], [ -75.472196837171069, 6.347962949598264 ], [ -75.472217641669545, 6.347975271771412 ], [ -75.472236188116582, 6.347991067400018 ], [ -75.472254721879679, 6.348005716099236 ], [ -75.472293984035275, 6.348025805396416 ], [ -75.472312517801001, 6.34804045409294 ], [ -75.472332174251022, 6.348052792595983 ], [ -75.472350708018652, 6.34806744129066 ], [ -75.472388132114332, 6.34809931459868 ], [ -75.472408567378935, 6.348107913912294 ], [ -75.472428236518809, 6.348121399338914 ], [ -75.472446782976803, 6.348137194957297 ], [ -75.472465291379237, 6.348149549789895 ], [ -75.472481579788294, 6.348168818863813 ], [ -75.472500164306439, 6.348188055264332 ], [ -75.472537181117957, 6.348212764923442 ], [ -75.47255346953169, 6.348232033994024 ], [ -75.472570893314852, 6.348250139799086 ], [ -75.472580280720834, 6.34826835995886 ], [ -75.472595433769868, 6.348288792292074 ], [ -75.472610561448263, 6.348306930768138 ], [ -75.472622244965308, 6.348325118253418 ], [ -75.472635076537415, 6.348343289401548 ], [ -75.472646772742308, 6.348362623814041 ], [ -75.472663048479191, 6.348380745950959 ], [ -75.472673596631836, 6.34840009669916 ], [ -75.47268342442365, 6.34842847069454 ], [ -75.472701784245714, 6.348457051023778 ], [ -75.472718085360384, 6.34847746701415 ], [ -75.472729768885813, 6.348495654495224 ], [ -75.472741465098466, 6.348514988903939 ], [ -75.472756592789395, 6.348533127373024 ], [ -75.472767128263058, 6.348551331189649 ], [ -75.472797409023173, 6.348589901980946 ], [ -75.472815968196002, 6.348606844507791 ], [ -75.472833404688473, 6.348626097227086 ], [ -75.472853137291821, 6.348645317270954 ], [ -75.472890349043851, 6.348670156988362 ], [ -75.472799470508207, 6.34867246446692 ], [ -75.472803536314998, 6.348728614931941 ], [ -75.472804427507526, 6.348757279965607 ], [ -75.472805432880122, 6.348796267352013 ], [ -75.472805762732733, 6.348826087482255 ], [ -75.472805762732733, 6.348826087482274 ], [ -75.472805302884964, 6.348836418003688 ], [ -75.472804950873837, 6.348856497413824 ], [ -75.472804598862822, 6.348876576823952 ], [ -75.472805718417888, 6.34892588656287 ], [ -75.472806054615575, 6.348956280157012 ], [ -75.472805350595351, 6.348996438977124 ], [ -75.472804513364864, 6.349024555052392 ], [ -75.472803676134603, 6.34905267112765 ], [ -75.472802838904599, 6.349080787202899 ], [ -75.472802369591747, 6.34914216419228 ], [ -75.472802819973523, 6.349182880138832 ], [ -75.472800764911185, 6.349204704447058 ], [ -75.472799819844454, 6.349223071633638 ], [ -75.472800086268137, 6.349247157123105 ], [ -75.47279915388846, 6.349266671237742 ], [ -75.472799261726763, 6.349276420126325 ], [ -75.472798641125664, 6.349293007366823 ], [ -75.472795208693739, 6.349325229919146 ], [ -75.472794390496389, 6.349355066386399 ], [ -75.472792310060811, 6.349374596838544 ], [ -75.472790809996908, 6.34939469258598 ], [ -75.472788729561358, 6.349414223038149 ], [ -75.472786182936304, 6.349443510547661 ], [ -75.472782967131096, 6.349464204265458 ], [ -75.472778590582251, 6.349483767392734 ], [ -75.472776510146602, 6.349503297844966 ], [ -75.472775590454631, 6.349523958887747 ], [ -75.472771213905474, 6.349543522015088 ], [ -75.472771429583446, 6.349563019792265 ], [ -75.472769815337216, 6.349572793187183 ], [ -75.472767734901609, 6.349592323639463 ], [ -75.472766796179457, 6.349611264290167 ], [ -75.472764230524177, 6.349638831407742 ], [ -75.472761002031561, 6.349658378197638 ], [ -75.472756638168775, 6.349679088253199 ], [ -75.472754545046129, 6.349697471777487 ], [ -75.472749020438926, 6.349717051242598 ], [ -75.472745791945897, 6.349736598032575 ], [ -75.472739794805406, 6.349765361091118 ], [ -75.472734837882612, 6.349784358923474 ], [ -75.472732649607224, 6.349794140487285 ], [ -75.472729421113712, 6.349813687277344 ], [ -75.472722748447751, 6.349833283080156 ], [ -75.472718384583416, 6.349853993135917 ], [ -75.472711226696859, 6.349881625604135 ], [ -75.472704068809847, 6.349909258072401 ], [ -75.47269415496082, 6.349947253737422 ], [ -75.472690244597999, 6.349957059807664 ], [ -75.472681970369237, 6.349987575933824 ], [ -75.472674136955746, 6.350006041146233 ], [ -75.4726663035418, 6.350024506358635 ], [ -75.472661819149167, 6.350034320597652 ], [ -75.472649514028475, 6.350063746977145 ], [ -75.472642841358109, 6.350083342780109 ], [ -75.472636168687401, 6.350102938583086 ], [ -75.472628335271267, 6.350121403795461 ], [ -75.472616011117154, 6.350149109782754 ], [ -75.472605887926846, 6.350168181134124 ], [ -75.472591273997637, 6.350196493260324 ], [ -75.472576672753917, 6.350225952314567 ], [ -75.472565401502678, 6.350245040003183 ], [ -75.472547349737624, 6.3502739746054 ], [ -75.472537220199669, 6.350292472492346 ], [ -75.472525942602473, 6.350310986716608 ], [ -75.472518581715661, 6.350320268334749 ], [ -75.47250500799997, 6.350338815233544 ], [ -75.472493730400814, 6.350357329457545 ], [ -75.472483033173688, 6.350376408976901 ], [ -75.472471194230422, 6.350396078297579 ], [ -75.472464987743777, 6.3504059170422 ], [ -75.472459355286361, 6.350415747618158 ], [ -75.472445889403161, 6.350444043405987 ], [ -75.472436920604778, 6.350463671883302 ], [ -75.472424520315371, 6.350484496300489 ], [ -75.472406608088804, 6.350526047111376 ], [ -75.472402218838184, 6.350544463311561 ], [ -75.472389352352565, 6.350575044787015 ], [ -75.472372550120923, 6.350613138475998 ], [ -75.472345363291211, 6.350659843193052 ], [ -75.472098320763692, 6.350975559166828 ], [ -75.471858107316891, 6.351281623306787 ], [ -75.471338605381206, 6.351721400347108 ], [ -75.471077317911252, 6.351391169530262 ], [ -75.470828355331776, 6.350929083253551 ], [ -75.470529846303663, 6.350446984139939 ], [ -75.470489468982635, 6.350521550993533 ], [ -75.470434516570691, 6.350606290246147 ], [ -75.470390541127102, 6.350668932651874 ], [ -75.47036496849843, 6.350735203741102 ], [ -75.470363479340079, 6.350865773201422 ], [ -75.470351033453838, 6.351025795346496 ], [ -75.470299566004982, 6.35115473588392 ], [ -75.470251880885073, 6.351244105048295 ], [ -75.470126995381619, 6.351314320617607 ], [ -75.470049822963645, 6.351343951102431 ], [ -75.4700242601388, 6.35141389995305 ], [ -75.469998598649738, 6.351447069909564 ], [ -75.469921475529077, 6.351495089828667 ], [ -75.469870172257146, 6.351568785577681 ], [ -75.46984018746339, 6.351623794562826 ], [ -75.469790946137621, 6.351668792391791 ], [ -75.469737337239934, 6.351758667887072 ], [ -75.469688276389775, 6.35187096382728 ], [ -75.46967949364236, 6.351942772348667 ], [ -75.469697656074231, 6.351997294364797 ], [ -75.469700020100191, 6.352042153804253 ], [ -75.469700248740665, 6.352127398104987 ], [ -75.469698113354298, 6.352167782966446 ], [ -75.469662334117672, 6.352212744653019 ], [ -75.469617507390979, 6.352230811313286 ], [ -75.469536805665484, 6.35225794727767 ], [ -75.469469710463869, 6.352338885654357 ], [ -75.469425316867557, 6.352518467353757 ], [ -75.469393586188275, 6.352595416108104 ], [ -75.469290603346408, 6.35268093746831 ], [ -75.46925476964303, 6.352705709798674 ], [ -75.469218935935928, 6.352730482127281 ], [ -75.469097798975383, 6.352739780255606 ], [ -75.469119790812641, 6.352573718339826 ], [ -75.469119333693541, 6.352403229698802 ], [ -75.468800748216623, 6.352413057922816 ], [ -75.468368481403559, 6.352414094003541 ], [ -75.468387924329278, 6.352621177213627 ], [ -75.46843067434844, 6.35274405687679 ], [ -75.468494509304634, 6.352820226725416 ], [ -75.46859956962021, 6.352905814932854 ], [ -75.468525824922722, 6.352934232553773 ], [ -75.468374830079881, 6.352938148717235 ], [ -75.468237330609369, 6.352914260029879 ], [ -75.467624663968422, 6.353057911144687 ], [ -75.467238941870065, 6.353161779110746 ], [ -75.467322194887174, 6.353490973407318 ], [ -75.467331659839715, 6.353798785246509 ], [ -75.46701533767137, 6.353772771513422 ], [ -75.466391038035866, 6.353725635934934 ], [ -75.466456310676364, 6.353960118080222 ], [ -75.466511372592493, 6.354228239922311 ], [ -75.466290818270437, 6.354310330196729 ], [ -75.466043091933741, 6.354392493176104 ], [ -75.466015992704826, 6.354419732323723 ], [ -75.465931298379161, 6.354501458859315 ], [ -75.465775132178351, 6.354529043366216 ], [ -75.46559788843625, 6.354539640147728 ], [ -75.46559494190538, 6.354712519989436 ], [ -75.465590062459668, 6.35481249713078 ], [ -75.465232173957489, 6.354727251812806 ], [ -75.465059654736834, 6.354698979035644 ], [ -75.464861648332516, 6.354693123615749 ], [ -75.46470838327987, 6.354699919217023 ], [ -75.464408206095058, 6.354700722455042 ], [ -75.464187293043139, 6.354673410777986 ], [ -75.464034708612488, 6.354913429591059 ], [ -75.463877966172561, 6.354823830583463 ], [ -75.463719082052776, 6.355117986747628 ], [ -75.46361871896292, 6.355232050195699 ], [ -75.463518355830018, 6.355346113633397 ], [ -75.463509328499114, 6.355309718864944 ], [ -75.463474725829798, 6.355166419862294 ], [ -75.463314581121139, 6.355092559630565 ], [ -75.463123390523364, 6.355023285081629 ], [ -75.462936802144384, 6.355278167044861 ], [ -75.462725738052924, 6.355587312733257 ], [ -75.46255088639775, 6.355868586000173 ], [ -75.462679598135793, 6.356029927383368 ], [ -75.46276511416346, 6.356133447163155 ], [ -75.462850492336472, 6.356185092917734 ], [ -75.462680716479369, 6.356441430434879 ], [ -75.462847894561634, 6.356592900475275 ], [ -75.462996604297189, 6.356738626012163 ], [ -75.463079353456692, 6.35654333762006 ], [ -75.463209901653428, 6.356589011703391 ], [ -75.463289748854649, 6.356597755155583 ], [ -75.463489369478268, 6.356316761584942 ], [ -75.463747851933462, 6.356288249343907 ], [ -75.46366482192721, 6.355936608214226 ], [ -75.463840546931337, 6.355576784106469 ], [ -75.46388350697741, 6.355517393147493 ], [ -75.464266403807201, 6.355080036653094 ], [ -75.464371006132552, 6.355155253871826 ], [ -75.464588616709534, 6.355327079040403 ], [ -75.464633375615605, 6.355346115501903 ], [ -75.464716403473275, 6.35534589328843 ], [ -75.464793164159346, 6.355390385992989 ], [ -75.465087586930693, 6.355625859934328 ], [ -75.465241245102021, 6.355765928631557 ], [ -75.465345958800512, 6.355594616965231 ], [ -75.465359602792731, 6.355550551633673 ], [ -75.465375925059973, 6.355476131612103 ], [ -75.46555206071875, 6.355473136209844 ], [ -75.465763169523257, 6.355458094976835 ], [ -75.466017333139106, 6.355681138619087 ], [ -75.465900685010695, 6.355798521131026 ], [ -75.465866831344812, 6.355840115437534 ], [ -75.465882353858632, 6.355972877973152 ], [ -75.465954662884982, 6.356199068350119 ], [ -75.466058630763214, 6.356400606325206 ], [ -75.466165113546509, 6.356462915155016 ], [ -75.466209613818449, 6.356382558074492 ], [ -75.466260819254359, 6.356255010356445 ], [ -75.466359247407837, 6.356206329276238 ], [ -75.466471327409224, 6.3561236919494 ], [ -75.466444953648121, 6.35606013890637 ], [ -75.466459746938227, 6.35599273269821 ], [ -75.466508199869239, 6.355914008728735 ], [ -75.466520408312206, 6.355844644580362 ], [ -75.466532616753867, 6.355775280432232 ], [ -75.466525386298301, 6.355671047963744 ], [ -75.466513657501082, 6.355617794948112 ], [ -75.466504326622413, 6.355594652754973 ], [ -75.466508830915345, 6.355545989862896 ], [ -75.466545787927316, 6.355501873152654 ], [ -75.46660123920249, 6.355441490039683 ], [ -75.466638152777506, 6.355381156923933 ], [ -75.466651907032357, 6.355325518719049 ], [ -75.466693541994147, 6.355297606615717 ], [ -75.46678160723414, 6.355302004041759 ], [ -75.466825658725909, 6.355311152905007 ], [ -75.466869647915345, 6.355297134734228 ], [ -75.466902038835968, 6.355278514180397 ], [ -75.466945440629132, 6.35520797310531 ], [ -75.467012002510003, 6.355099992419321 ], [ -75.467037982024678, 6.355070613612511 ], [ -75.467085967980196, 6.355007536411876 ], [ -75.46711484306644, 6.354966070641118 ], [ -75.467165658814579, 6.355099119442008 ], [ -75.467297314525069, 6.355443827770914 ], [ -75.467575365703183, 6.356357493966203 ], [ -75.467677473473302, 6.356596343191461 ], [ -75.467823650906453, 6.356930355756917 ], [ -75.467882700742237, 6.357328735927111 ], [ -75.467941726489315, 6.357695235397823 ], [ -75.467994600716182, 6.357890480467073 ], [ -75.468510965667221, 6.358016204229642 ], [ -75.468589262404521, 6.358065445266787 ], [ -75.468735695141831, 6.358153925937061 ], [ -75.469033039876081, 6.35833238229341 ], [ -75.469047871793535, 6.358702959845535 ], [ -75.469063978463112, 6.359006108365436 ], [ -75.46908875240824, 6.359131259370477 ], [ -75.469099789980106, 6.359247610981192 ], [ -75.469123390807397, 6.359492200482356 ], [ -75.469140694987928, 6.359677278728147 ], [ -75.469146036535975, 6.359788920950597 ], [ -75.469150006874941, 6.359884930635468 ], [ -75.469161248743006, 6.35999528221895 ], [ -75.469153892345787, 6.360118261769048 ], [ -75.469162012079238, 6.360279624863083 ], [ -75.469150626010119, 6.360372969480233 ], [ -75.469139239940489, 6.360466314097708 ], [ -75.469028705193523, 6.360384511094774 ], [ -75.468918170479228, 6.360302708060328 ], [ -75.468851938778315, 6.360267377320861 ], [ -75.468709702012447, 6.360190518580814 ], [ -75.468447219802059, 6.36011512949874 ], [ -75.468258812193383, 6.360060628583033 ], [ -75.467968915504073, 6.359957603500552 ], [ -75.467686981365986, 6.359862608612784 ], [ -75.467466739904324, 6.359806292273869 ], [ -75.467207238611323, 6.359714264363574 ], [ -75.467055131766045, 6.359653663433743 ], [ -75.467005878299432, 6.359626478899684 ], [ -75.466872597358005, 6.359614974577938 ], [ -75.466968186341006, 6.359811874140786 ], [ -75.466972218823344, 6.359877416852365 ], [ -75.466972508208713, 6.359985386724662 ], [ -75.466957328582538, 6.360077973717965 ], [ -75.466945922458393, 6.360139477015633 ], [ -75.466946078091084, 6.360197542596169 ], [ -75.466977109415168, 6.360263013031276 ], [ -75.4670081402286, 6.360328483464054 ], [ -75.466993022628841, 6.360444206700751 ], [ -75.466993229353832, 6.360521328035823 ], [ -75.467031964219458, 6.3605829216192 ], [ -75.467086452908276, 6.360641612210528 ], [ -75.467096518744142, 6.360886189839125 ], [ -75.467087368033873, 6.361008957769474 ], [ -75.467035080386864, 6.361141400134911 ], [ -75.466944537615078, 6.361332110007005 ], [ -75.466847379746099, 6.36153675309949 ], [ -75.466939023946011, 6.361578962576871 ], [ -75.467162775652, 6.361682995259014 ], [ -75.46729488317176, 6.361744818442549 ], [ -75.467458821986284, 6.361819592823483 ], [ -75.46728872848152, 6.36210973440991 ], [ -75.467133456172661, 6.362386363980701 ], [ -75.46708335187418, 6.362358720589735 ], [ -75.467033247580346, 6.362331077192715 ], [ -75.466980121474165, 6.362292068045101 ], [ -75.466924640820281, 6.36223464090381 ], [ -75.466850613123256, 6.362138111583859 ], [ -75.466813500084868, 6.362052998782542 ], [ -75.466804002198657, 6.361995928514136 ], [ -75.466725088126964, 6.361916587046628 ], [ -75.466684576889392, 6.361896486742498 ], [ -75.466615541455496, 6.361867021276407 ], [ -75.466538647217035, 6.36182503868524 ], [ -75.466452088793204, 6.361758152057059 ], [ -75.466377072695153, 6.361700823004601 ], [ -75.466282861848157, 6.3616435452091 ], [ -75.466191977446329, 6.361603168119293 ], [ -75.46596525941392, 6.36176158485969 ], [ -75.46587767922037, 6.361864320399278 ], [ -75.465871460602003, 6.361887359582693 ], [ -75.465880213876204, 6.361918177320319 ], [ -75.46593240407401, 6.361959691247284 ], [ -75.465964800875952, 6.361966641524255 ], [ -75.466085523008985, 6.361982363320156 ], [ -75.46617384833938, 6.361991134825551 ], [ -75.466183312099119, 6.362050689767586 ], [ -75.466175561367308, 6.362141212397369 ], [ -75.466157035497872, 6.362187843853687 ], [ -75.466082843047616, 6.362341097254831 ], [ -75.466045790865294, 6.362434360378891 ], [ -75.466024811173881, 6.362559522002006 ], [ -75.466019785365376, 6.362688644875508 ], [ -75.466014742248319, 6.362795131049306 ], [ -75.465996248240714, 6.362853740681406 ], [ -75.465911415632576, 6.363013677282227 ], [ -75.465887641132198, 6.363174653258399 ], [ -75.465906862257398, 6.363387547009351 ], [ -75.465949415411302, 6.363683455696484 ], [ -75.465783912036571, 6.363674604406112 ], [ -75.46570329483086, 6.363704078599334 ], [ -75.465646340180896, 6.363727032532423 ], [ -75.465569848326481, 6.363744960933336 ], [ -75.465468569210088, 6.36374148253188 ], [ -75.465367290090754, 6.363738004110259 ], [ -75.465272210821922, 6.36373094845493 ], [ -75.465225335556099, 6.363711269138448 ], [ -75.465153642721916, 6.363674510520405 ], [ -75.465078300712918, 6.363622660607344 ], [ -75.464976863421114, 6.363589806501485 ], [ -75.464875426138363, 6.363556952372855 ], [ -75.464754073584032, 6.363532256040572 ], [ -75.464457577111261, 6.363488245292489 ], [ -75.464375439249167, 6.363488465359715 ], [ -75.464213508758775, 6.363481648766018 ], [ -75.464099400232428, 6.363424542719897 ], [ -75.463914385167627, 6.363390391544037 ], [ -75.463800107855974, 6.363319578873477 ], [ -75.463615445535083, 6.363263541781903 ], [ -75.463517634221191, 6.363173365049484 ], [ -75.463461538061637, 6.362972543067654 ], [ -75.463427504755913, 6.362886270140545 ], [ -75.463344393184613, 6.362830500512613 ], [ -75.463164317457242, 6.362971594334685 ], [ -75.462957547429809, 6.363182541651009 ], [ -75.462738537538158, 6.363379762435228 ], [ -75.46268354941877, 6.363282463992835 ], [ -75.462639208430204, 6.363178819202211 ], [ -75.462613802468226, 6.363093989955655 ], [ -75.462583454056812, 6.36300333199102 ], [ -75.462467509839968, 6.362706095900738 ], [ -75.462265531940616, 6.362611224381165 ], [ -75.462178485684163, 6.3626356483071 ], [ -75.462022832420217, 6.36264883403373 ], [ -75.461870792025039, 6.362678187458821 ], [ -75.461680811005294, 6.362746909624776 ], [ -75.461548240451279, 6.362857249828219 ], [ -75.461271691036529, 6.363050764508151 ], [ -75.461161109195785, 6.363142239977207 ], [ -75.461049337396105, 6.363210023245703 ], [ -75.461157129212793, 6.363280541435933 ], [ -75.461225784267228, 6.363350407952042 ], [ -75.461292893024748, 6.363454420444239 ], [ -75.461384664137285, 6.363415440937539 ], [ -75.461485142481536, 6.363360537967544 ], [ -75.461559867012809, 6.363491460488805 ], [ -75.461686981714593, 6.363706542148535 ], [ -75.46157932270377, 6.363766901878511 ], [ -75.461522441539628, 6.363818839942665 ], [ -75.461480838232163, 6.363860993759703 ], [ -75.461426099563766, 6.363823168439684 ], [ -75.461359381458237, 6.363747403254118 ], [ -75.461224238802416, 6.363846253867178 ], [ -75.461167349545804, 6.363892684066326 ], [ -75.461053647053177, 6.364014023112889 ], [ -75.460916071500449, 6.364173884875624 ], [ -75.461039125345522, 6.364361112923658 ], [ -75.461100170438669, 6.364471865166222 ], [ -75.461115107613551, 6.364538620536465 ], [ -75.461159760582078, 6.364493981335541 ], [ -75.461221967521425, 6.36443396822759 ], [ -75.461307606142881, 6.364318221197419 ], [ -75.461342993558034, 6.364269539963155 ], [ -75.461382301841425, 6.364289941178434 ], [ -75.461413715348172, 6.364303901718229 ], [ -75.461437751269699, 6.364311634824905 ], [ -75.461467792619388, 6.364319951751676 ], [ -75.461509867258044, 6.36433783329973 ], [ -75.461530328460498, 6.364355772427764 ], [ -75.461574314758082, 6.364415034817484 ], [ -75.461597811427865, 6.364445561807976 ], [ -75.461620638412754, 6.364450299163649 ], [ -75.461656646946693, 6.364444804589019 ], [ -75.461692655479339, 6.36443931001204 ], [ -75.461752631025647, 6.364415757600413 ], [ -75.461798210226135, 6.364397174126908 ], [ -75.461848235801966, 6.36448324487988 ], [ -75.461899768090404, 6.364579158763417 ], [ -75.461859471647543, 6.364627344401042 ], [ -75.461790383363422, 6.364706376788502 ], [ -75.461746267998024, 6.364766111236692 ], [ -75.461727162370408, 6.3648200094926 ], [ -75.461699957387466, 6.365035754690854 ], [ -75.461691337959167, 6.365100999604801 ], [ -75.461678148250428, 6.365207767680892 ], [ -75.461659741664434, 6.365379557598367 ], [ -75.461660790297046, 6.365439847445843 ], [ -75.461649985459644, 6.365524923863176 ], [ -75.461649245829491, 6.365575456498106 ], [ -75.461625504242065, 6.365620106155871 ], [ -75.461527464148645, 6.36567333660193 ], [ -75.461754395501515, 6.36631061062561 ], [ -75.461825417106283, 6.366575901015157 ], [ -75.46174404452222, 6.366736831575395 ], [ -75.461996662880807, 6.366759661770987 ], [ -75.462489335061903, 6.366851037253589 ], [ -75.46244214890082, 6.366974674571943 ], [ -75.462375408590091, 6.367129852432371 ], [ -75.462283775333162, 6.367322017811617 ], [ -75.462224120121817, 6.367457989419772 ], [ -75.462080118017141, 6.367759597833689 ], [ -75.461930821857095, 6.368064257929928 ], [ -75.462127747381004, 6.368249449564173 ], [ -75.462288378030379, 6.368383390889723 ], [ -75.46248172453349, 6.368560344895997 ], [ -75.462593692365118, 6.368674133831626 ], [ -75.462642171143671, 6.368749598164312 ], [ -75.462415312075777, 6.36901775996256 ], [ -75.462271441151671, 6.36918099881935 ], [ -75.462169918302436, 6.369318610705323 ], [ -75.462052741922918, 6.369471099168494 ], [ -75.461951471080056, 6.369575490017483 ], [ -75.46185282291826, 6.36966118545296 ], [ -75.461719555716172, 6.369792581925497 ], [ -75.461372183463169, 6.369570345983731 ], [ -75.461191192129107, 6.369697390489907 ], [ -75.461111988647033, 6.369766744577833 ], [ -75.461152623127163, 6.369851298695246 ], [ -75.46101825107425, 6.369696119859961 ], [ -75.460924361556692, 6.369611198585861 ], [ -75.46085482266048, 6.369589258744396 ], [ -75.460788663779482, 6.369477582676531 ], [ -75.460681968478013, 6.369327478802396 ], [ -75.460622053957323, 6.369128279152156 ], [ -75.460541921511378, 6.368953272612962 ], [ -75.460462917381776, 6.36888895896443 ], [ -75.460361951772484, 6.368718620563818 ], [ -75.460316582719926, 6.36863293113184 ], [ -75.460214829749205, 6.368538353064753 ], [ -75.460061252424282, 6.368428175074071 ], [ -75.460048413878155, 6.36846098010861 ], [ -75.459948559778297, 6.368607406841435 ], [ -75.459832449657782, 6.368753877222157 ], [ -75.45964180097603, 6.368540246192618 ], [ -75.459448905064065, 6.368340468279511 ], [ -75.459334789100339, 6.368218973129401 ], [ -75.459284247292643, 6.368141520978741 ], [ -75.459233705501575, 6.368064068819637 ], [ -75.459313640020341, 6.368009397249683 ], [ -75.459217603582005, 6.367847584519971 ], [ -75.459145086136104, 6.36768876719246 ], [ -75.459077049204538, 6.367562472383135 ], [ -75.459006098195417, 6.367463248866815 ], [ -75.458939433222511, 6.367361848770106 ], [ -75.458900019949425, 6.36732828112493 ], [ -75.45883276350186, 6.36726521983463 ], [ -75.458771666774709, 6.367201103058961 ], [ -75.458726336344313, 6.367155261501559 ], [ -75.458670809709133, 6.367103141000784 ], [ -75.458624265422628, 6.367051537860504 ], [ -75.458560289820255, 6.366975566729306 ], [ -75.458514995697115, 6.366905761353197 ], [ -75.458475914975423, 6.366807823241488 ], [ -75.458396854933881, 6.36677203075953 ], [ -75.458331835210004, 6.366748842287859 ], [ -75.458239945860299, 6.366724256216036 ], [ -75.458189716845794, 6.366732422507109 ], [ -75.458139487828674, 6.366740588793629 ], [ -75.458102144337744, 6.366756508138973 ], [ -75.458064800844014, 6.366772427482106 ], [ -75.458064800844014, 6.366772427482103 ], [ -75.458079316601939, 6.366611899205464 ], [ -75.458137283782037, 6.366318283049148 ], [ -75.458182483867972, 6.366121501625562 ], [ -75.458082348082883, 6.366051301177967 ], [ -75.4580084189367, 6.365980332353542 ], [ -75.457912772578723, 6.365851677526586 ], [ -75.45788758898793, 6.365794740883563 ], [ -75.457820927798309, 6.365645036341745 ], [ -75.457464902813243, 6.365537882471539 ], [ -75.457429642545762, 6.365467001973785 ], [ -75.457419603844713, 6.365442055148743 ], [ -75.457391201872127, 6.365395500541648 ], [ -75.457367169750711, 6.365350797831798 ], [ -75.457328028658424, 6.365303452607436 ], [ -75.457285490930531, 6.365254421625541 ], [ -75.457209093499046, 6.365154585172796 ], [ -75.457181555186438, 6.365126595419667 ], [ -75.457119708884534, 6.365055995844308 ], [ -75.457025659441626, 6.364935856778468 ], [ -75.456980103092462, 6.364878700829617 ], [ -75.456932884677713, 6.364812478963947 ], [ -75.456872494166689, 6.364740599756449 ], [ -75.456844134267797, 6.364705827042849 ], [ -75.45681138820315, 6.36464914641909 ], [ -75.456728350389909, 6.364544589677886 ], [ -75.456707431839689, 6.364503070597264 ], [ -75.456664017253402, 6.364467784691352 ], [ -75.456689326458473, 6.36430265657679 ], [ -75.456732517117743, 6.364129952719574 ], [ -75.456746569105889, 6.364083345557257 ], [ -75.456778031006166, 6.363977253640921 ], [ -75.456805293707163, 6.363906058062268 ], [ -75.456849256779336, 6.363854014782342 ], [ -75.456868911231282, 6.363841374204088 ], [ -75.456948375799556, 6.363812838985399 ], [ -75.457023965526247, 6.363807916964024 ], [ -75.457257080308267, 6.363810442698923 ], [ -75.457383695411494, 6.36379874416978 ], [ -75.45758210932074, 6.363782479960319 ], [ -75.457635635797871, 6.363772896099324 ], [ -75.457685999307202, 6.363758600091737 ], [ -75.457728437580172, 6.363725443123156 ], [ -75.45779399406581, 6.363653666398012 ], [ -75.457819906921046, 6.363625273853073 ], [ -75.457890565794443, 6.363543262353452 ], [ -75.457947902288552, 6.363446816907869 ], [ -75.457961326168544, 6.363421296968903 ], [ -75.457979027114945, 6.363370714439244 ], [ -75.457989392074722, 6.363314222859737 ], [ -75.457986057229022, 6.363244996872067 ], [ -75.457982741347266, 6.363154663545439 ], [ -75.457975371935603, 6.363056575826658 ], [ -75.457958390201782, 6.362937363227776 ], [ -75.45792925471514, 6.362839756556211 ], [ -75.457916799907423, 6.362806161577302 ], [ -75.457905676494249, 6.362781876796435 ], [ -75.457894553082298, 6.362757592015085 ], [ -75.457880068626977, 6.36273566941597 ], [ -75.457855930169416, 6.362700046714822 ], [ -75.45782284304363, 6.362657584896802 ], [ -75.457782886264511, 6.362615141495655 ], [ -75.457712495711547, 6.362546091732844 ], [ -75.457654605477643, 6.36247624444078 ], [ -75.45761183149456, 6.362407729566212 ], [ -75.457563916355781, 6.362290527891687 ], [ -75.457530397719097, 6.362159859080125 ], [ -75.457471830870205, 6.361924903549442 ], [ -75.457451086381866, 6.361824061343746 ], [ -75.457445727503014, 6.361735982500186 ], [ -75.457445591449044, 6.361684883624958 ], [ -75.457447194759794, 6.361600930702093 ], [ -75.457464012012011, 6.361481431160399 ], [ -75.457477778429052, 6.361410131811169 ], [ -75.457503158362272, 6.361337065083339 ], [ -75.457537077572638, 6.361265331802529 ], [ -75.457546727952675, 6.361234750497244 ], [ -75.457553867053321, 6.361164203035147 ], [ -75.457561006154066, 6.361093655573189 ], [ -75.457561883900041, 6.361054114863963 ], [ -75.457562761646528, 6.36101457415471 ], [ -75.457573605136787, 6.360970745972049 ], [ -75.457606321075829, 6.360908609674973 ], [ -75.457655379856988, 6.360862986053583 ], [ -75.457737846414261, 6.360808996774825 ], [ -75.457788907465115, 6.360776011170407 ], [ -75.457871270380451, 6.360723998942084 ], [ -75.457905687060475, 6.360692944776913 ], [ -75.457971407015364, 6.36062492804064 ], [ -75.458010430900174, 6.360577563821465 ], [ -75.458045400290814, 6.360539173633053 ], [ -75.458080369676352, 6.36050078344334 ], [ -75.458098263287965, 6.360481994638829 ], [ -75.458116156898299, 6.360463205833969 ], [ -75.458131623232816, 6.36045175698878 ], [ -75.458147089566623, 6.360440308143274 ], [ -75.458027804125777, 6.360324657731995 ], [ -75.457901801631692, 6.360245650852542 ], [ -75.457877718523818, 6.360190681070955 ], [ -75.457879175464399, 6.360135681837111 ], [ -75.457880182089966, 6.36007546545479 ], [ -75.457881285225966, 6.360008919700834 ], [ -75.457854696774518, 6.359930461436123 ], [ -75.457808499950971, 6.359855155484464 ], [ -75.457756926454778, 6.359763506357591 ], [ -75.457672904284479, 6.359667737411228 ], [ -75.457628432959893, 6.359621090146888 ], [ -75.457537667874675, 6.359415876824623 ], [ -75.457527603288653, 6.359337140259274 ], [ -75.457530095236336, 6.359285943195736 ], [ -75.457528631959548, 6.359260835461476 ], [ -75.457520966021534, 6.359157478855642 ], [ -75.457511273574042, 6.359100330654678 ], [ -75.457417956984955, 6.359027448598733 ], [ -75.45733380473412, 6.358993056571245 ], [ -75.457290061500828, 6.358946996019414 ], [ -75.457274966802942, 6.358892402090178 ], [ -75.457269943807944, 6.358823232421909 ], [ -75.457254723798243, 6.358588409742245 ], [ -75.457245460231348, 6.358477916602379 ], [ -75.457240804504366, 6.358413709226152 ], [ -75.457215995118062, 6.358277750340157 ], [ -75.457195773539908, 6.358230439384698 ], [ -75.457172504148957, 6.358189564375067 ], [ -75.457149234762156, 6.358148689363532 ], [ -75.457064299293975, 6.358099078856186 ], [ -75.457033594600816, 6.358076022404568 ], [ -75.457002889910214, 6.358052965950515 ], [ -75.456942259493104, 6.35803176877543 ], [ -75.456820932394365, 6.357964456761507 ], [ -75.456781567368481, 6.357900486151131 ], [ -75.456748174079294, 6.357859011554695 ], [ -75.45670039978819, 6.357578805001299 ], [ -75.456658935773916, 6.357382813401927 ], [ -75.456641305965789, 6.357278763878588 ], [ -75.456599363420764, 6.357167839445656 ], [ -75.456543501913302, 6.357043072184402 ], [ -75.456551205626027, 6.356922005336141 ], [ -75.456571258294076, 6.3565978498516 ], [ -75.456555044660206, 6.356399249324436 ], [ -75.456497057940254, 6.356221670058962 ], [ -75.456449751298933, 6.356127701857242 ], [ -75.456284719257596, 6.355946082826812 ], [ -75.456126967937124, 6.355719896367462 ], [ -75.456043299178688, 6.355606350512671 ], [ -75.45591710807912, 6.355480855029715 ], [ -75.455828130032714, 6.355429278512068 ], [ -75.455718936373074, 6.355406645651834 ], [ -75.455517591707036, 6.355186947551974 ], [ -75.455399896661334, 6.354967027294758 ], [ -75.455371480473815, 6.354766383731139 ], [ -75.455349555880986, 6.35459193888804 ], [ -75.455400143099226, 6.354528081620115 ], [ -75.455455871524123, 6.354451886802403 ], [ -75.455490615428815, 6.354360026335625 ], [ -75.455502123190968, 6.35430405753397 ], [ -75.455518194181565, 6.35421078435626 ], [ -75.455536596431912, 6.354117504982065 ], [ -75.455564422501553, 6.354061492803769 ], [ -75.455624098401614, 6.354014032096766 ], [ -75.455699488844317, 6.353934576958042 ], [ -75.455778354485616, 6.353785198638414 ], [ -75.455843320712688, 6.353611691756759 ], [ -75.455849850202029, 6.353436867269398 ], [ -75.455840099754269, 6.353280339981383 ], [ -75.455837275003532, 6.353098155803967 ], [ -75.45575764192202, 6.352958521969433 ], [ -75.455715370356913, 6.352842096026289 ], [ -75.455702858905511, 6.352781463107791 ], [ -75.45569638661739, 6.35271628566969 ], [ -75.455704391522602, 6.352680384990132 ], [ -75.455716277507307, 6.352581329260143 ], [ -75.455731460750656, 6.35248481031818 ], [ -75.455737184057085, 6.352459710509617 ], [ -75.455742845879271, 6.352411456010153 ], [ -75.455735028818651, 6.35237481484195 ], [ -75.455704052107635, 6.352338235384964 ], [ -75.4556762800092, 6.352283914841652 ], [ -75.455671043740679, 6.352172126566223 ], [ -75.455666914631792, 6.352131637558816 ], [ -75.455680212887572, 6.352077848583155 ], [ -75.455748032281477, 6.351948744125554 ], [ -75.455804638667558, 6.351773336075081 ], [ -75.455816769173495, 6.351642080100141 ], [ -75.455828576440993, 6.351483093663459 ], [ -75.455852917065769, 6.35143819586085 ], [ -75.455905232813862, 6.351402537000252 ], [ -75.456007631527541, 6.351364420665177 ], [ -75.456121875964001, 6.351306632092783 ], [ -75.456162533118047, 6.351265766389236 ], [ -75.456178612075874, 6.351180132596138 ], [ -75.456174209540876, 6.351057347846841 ], [ -75.456157600234278, 6.350943270698296 ], [ -75.456140871888536, 6.350784360439338 ], [ -75.456181431601181, 6.350706813166943 ], [ -75.45626276798491, 6.350633233298994 ], [ -75.456324005175716, 6.350595377235895 ], [ -75.456413613447097, 6.350566608467195 ], [ -75.456493485828346, 6.350503324265548 ], [ -75.456523258479038, 6.350407362271794 ], [ -75.456531477556936, 6.35033601988526 ], [ -75.456518721987933, 6.350234154351056 ], [ -75.456503552669247, 6.350130573133315 ], [ -75.456490749762338, 6.350027203038394 ], [ -75.456490542454617, 6.349949143780402 ], [ -75.456473463057378, 6.3498273276118 ], [ -75.456397502862217, 6.34973291154267 ], [ -75.456302191506808, 6.349681602430707 ], [ -75.456147334877002, 6.349647572293897 ], [ -75.456061229548141, 6.349615532530791 ], [ -75.45604695873736, 6.349587184990655 ], [ -75.456049401545314, 6.349533019843141 ], [ -75.456141231030429, 6.349449738363902 ], [ -75.456181124735139, 6.349326628735258 ], [ -75.456195857150476, 6.349070185136743 ], [ -75.456227339796541, 6.348911067495435 ], [ -75.456301407526723, 6.348685272400258 ], [ -75.456355767865134, 6.348394521184367 ], [ -75.456276717905439, 6.348183352231607 ], [ -75.45621462044538, 6.348053344522914 ], [ -75.456200083761885, 6.34789815161743 ], [ -75.456326814723624, 6.347642048077182 ], [ -75.456502389564136, 6.347312829585372 ], [ -75.456658831221162, 6.347002693795083 ], [ -75.456757405774255, 6.346509343787305 ], [ -75.457123747131448, 6.346384365617036 ], [ -75.457598003635283, 6.346270958439951 ], [ -75.458003141988698, 6.346123227998568 ], [ -75.458115263201861, 6.346105676427457 ], [ -75.4581501204011, 6.346234983391329 ], [ -75.458335739476979, 6.346164825878039 ], [ -75.458336865471594, 6.346109710618451 ], [ -75.458363417569387, 6.346072335452345 ], [ -75.458405974258525, 6.346040246835279 ], [ -75.458475309140567, 6.346056050071141 ], [ -75.458528696609534, 6.346087883426886 ], [ -75.458582766124323, 6.346055982342022 ], [ -75.458603007492982, 6.345970442686188 ], [ -75.458629630394228, 6.345959713593118 ], [ -75.45868847210474, 6.345964469635108 ], [ -75.458736387236996, 6.345943025309112 ], [ -75.458773599578734, 6.345905621762795 ], [ -75.458805410935426, 6.345841586319722 ], [ -75.458807777098087, 6.345824185941356 ], [ -75.458810143260692, 6.345806785562999 ], [ -75.458777830598933, 6.345755399986483 ], [ -75.458766257247362, 6.345678193379099 ], [ -75.458748411814909, 6.345152048855908 ], [ -75.458764922822411, 6.344839936736347 ], [ -75.45879953410153, 6.34460422842492 ], [ -75.458848371257133, 6.344578019796306 ], [ -75.459059269713492, 6.344464840333945 ], [ -75.459301618919952, 6.344308161317907 ], [ -75.45941858173083, 6.344237666239195 ], [ -75.459518072690699, 6.344194893885879 ], [ -75.459613144746754, 6.344081949507271 ], [ -75.45960426689382, 6.344003956020918 ], [ -75.459574542520642, 6.343893840377625 ], [ -75.459461992221563, 6.343665631374062 ], [ -75.459893972041741, 6.343561814496222 ], [ -75.460113041278959, 6.34344094282351 ], [ -75.460212026049845, 6.343405300272514 ], [ -75.460311010803551, 6.343369657705501 ], [ -75.460427641331862, 6.343316278687284 ], [ -75.460544271831679, 6.343262899647902 ], [ -75.460484150349828, 6.343223286966616 ], [ -75.460362693915627, 6.34316701124258 ], [ -75.460301548696563, 6.343118141398325 ], [ -75.460281234785256, 6.343081810189901 ], [ -75.460268781157652, 6.342960559433986 ], [ -75.460276588708311, 6.342855426147492 ], [ -75.460215929923621, 6.342822880479409 ], [ -75.460235889466375, 6.342725800072803 ], [ -75.460365228077961, 6.34270524180235 ], [ -75.460458341970678, 6.34274744315376 ], [ -75.460559293764319, 6.342797793556043 ], [ -75.460632326375503, 6.342789429103494 ], [ -75.46069692575125, 6.342752872067875 ], [ -75.4607049483606, 6.342728593730984 ], [ -75.460640112342276, 6.342676210017719 ], [ -75.460688493755711, 6.342546304749043 ], [ -75.460809890621007, 6.34258034515775 ], [ -75.460858471910242, 6.342602451175037 ], [ -75.460902967502903, 6.342533521173662 ], [ -75.460999990209089, 6.342525176851136 ], [ -75.46111769645043, 6.342548067947212 ], [ -75.461166233697114, 6.342523641886864 ], [ -75.461165987956804, 6.342431314784601 ], [ -75.461204844339747, 6.342421492499027 ], [ -75.461289646487174, 6.342454934450235 ], [ -75.461363677552058, 6.34246860890974 ], [ -75.461548893486849, 6.342393620637126 ], [ -75.46161363847348, 6.342393448089341 ], [ -75.461646121764247, 6.3424349757267 ], [ -75.461678568126601, 6.342462632056291 ], [ -75.461720226693643, 6.342476392426721 ], [ -75.461775660988891, 6.342453125563254 ], [ -75.46176630494115, 6.342392888387837 ], [ -75.461900345588049, 6.342364787980136 ], [ -75.461937421571164, 6.342332049552779 ], [ -75.461988292320726, 6.342331913944156 ], [ -75.462071449870834, 6.342299325759662 ], [ -75.462080649744195, 6.34228080597959 ], [ -75.462131323446314, 6.342206689712339 ], [ -75.462251010003058, 6.341998299297636 ], [ -75.462343084066291, 6.341840844084782 ], [ -75.462439880653079, 6.341720366777086 ], [ -75.462504502359138, 6.341673956258765 ], [ -75.462560474765098, 6.341691724647846 ], [ -75.462606757833285, 6.341705472623639 ], [ -75.462653066060369, 6.341728468231411 ], [ -75.462699336814012, 6.341737592536598 ], [ -75.462733814534531, 6.34178733008252 ], [ -75.462761703828377, 6.341787255700686 ], [ -75.46286905458301, 6.341703316042241 ], [ -75.462892752594016, 6.341625574465847 ], [ -75.462938470234107, 6.341587609273374 ], [ -75.463127804849506, 6.341618972186186 ], [ -75.463267411545658, 6.341678352246553 ], [ -75.463367433535609, 6.34172587374413 ], [ -75.463450989241807, 6.341927568343216 ], [ -75.463552657650382, 6.342125954785942 ], [ -75.463589132399377, 6.342203559781709 ], [ -75.463635927968397, 6.342265596317286 ], [ -75.463708669819368, 6.342343104501915 ], [ -75.463745199863567, 6.342441429594462 ], [ -75.463792202164896, 6.342581167885864 ], [ -75.463833954559973, 6.34269501961571 ], [ -75.463911864078739, 6.342767333653543 ], [ -75.463994336970259, 6.34282342916118 ], [ -75.46406069182926, 6.342893491758394 ], [ -75.464097621718054, 6.342908092292895 ], [ -75.464116104443491, 6.34291815364489 ], [ -75.464134574505053, 6.342927068063315 ], [ -75.464154192613691, 6.342935966165624 ], [ -75.464173836052197, 6.342947158132554 ], [ -75.464192318779979, 6.342957219481145 ], [ -75.46421197488452, 6.34296955837894 ], [ -75.464231618325186, 6.342980750343104 ], [ -75.464250126384684, 6.342993105554551 ], [ -75.464268609115251, 6.343003166899752 ], [ -75.464288265222976, 6.343015505793884 ], [ -75.464306785949731, 6.343029007935386 ], [ -75.464327590105896, 6.343041330511894 ], [ -75.464348368932903, 6.343051359222074 ], [ -75.464366902327342, 6.34306600829344 ], [ -75.464385385062215, 6.343076069633406 ], [ -75.464403855132502, 6.343084984039931 ], [ -75.464423498580544, 6.343096175994856 ], [ -75.464441993982618, 6.343107384264943 ], [ -75.464481242886364, 6.34312632737259 ], [ -75.46449975095581, 6.343138682572625 ], [ -75.464519394407532, 6.343149874523069 ], [ -75.464540185906799, 6.343161050156247 ], [ -75.464559816694432, 6.343171095172226 ], [ -75.464578286770134, 6.343180009571128 ], [ -75.464596782177665, 6.343191217834238 ], [ -75.46461525225449, 6.343200132231507 ], [ -75.464652293736137, 6.343227136483506 ], [ -75.464677629169159, 6.343263016391499 ], [ -75.464719539091732, 6.343285830607133 ], [ -75.46475647925557, 6.34330365938962 ], [ -75.464776097385467, 6.343312557462839 ], [ -75.464813037552631, 6.343330386240503 ], [ -75.464831532969484, 6.343341594492901 ], [ -75.464849990388146, 6.343349361947326 ], [ -75.464868511138974, 6.343362864062804 ], [ -75.464886981225177, 6.343371778448009 ], [ -75.464906599359097, 6.343380676515215 ], [ -75.464925069446252, 6.343389590898721 ], [ -75.464943552200538, 6.343399652213781 ], [ -75.46497031015231, 6.34341954614465 ], [ -75.46500017384767, 6.343432113701229 ], [ -75.465018618604361, 6.343438734216083 ], [ -75.465038236742217, 6.343447632277242 ], [ -75.465077549020762, 6.343472309990394 ], [ -75.465096057113925, 6.343484665163187 ], [ -75.465114577874914, 6.343498167267369 ], [ -75.465134234017029, 6.343510506120639 ], [ -75.465171224875007, 6.343532922595736 ], [ -75.465190855685293, 6.343542967581925 ], [ -75.465211685212495, 6.34355758397801 ], [ -75.465230180644056, 6.343568792212435 ], [ -75.465267222178738, 6.343595796407407 ], [ -75.465286916329717, 6.343611576049708 ], [ -75.465306597814418, 6.343626208758877 ], [ -75.465326317302655, 6.343644282263431 ], [ -75.465344838074458, 6.343657784356761 ], [ -75.465363371514641, 6.343672433381248 ], [ -75.465381942958885, 6.343690523201185 ], [ -75.465399379024404, 6.343709776270643 ], [ -75.465417937803437, 6.34372671915659 ], [ -75.465436445912502, 6.343739074313365 ], [ -75.465454992025883, 6.343754870265433 ], [ -75.465491982912425, 6.343777286710566 ], [ -75.465510491024801, 6.343789641863931 ], [ -75.465530159853699, 6.343803127629607 ], [ -75.465548642631518, 6.34381318891716 ], [ -75.465575304824441, 6.34383146961903 ], [ -75.465623671123723, 6.343848830012295 ], [ -75.465643263947499, 6.343855434180877 ], [ -75.465661696055307, 6.343860907735717 ], [ -75.465680153500188, 6.343868675153695 ], [ -75.465699746324987, 6.343875279319801 ], [ -75.465719351818549, 6.343883030416943 ], [ -75.465737796596144, 6.343889650900581 ], [ -75.465756254042674, 6.343897418315355 ], [ -75.465774724158237, 6.343906332661217 ], [ -75.46579318160569, 6.343914100074424 ], [ -75.465811664391012, 6.343924161350584 ], [ -75.465830134508195, 6.343933075694058 ], [ -75.465867176094946, 6.343960079833285 ], [ -75.465885684220765, 6.343972434969738 ], [ -75.465904167009469, 6.343982496241718 ], [ -75.465923835853886, 6.343995981988582 ], [ -75.465942293305858, 6.34400374939525 ], [ -75.465997259655836, 6.344031875251992 ], [ -75.466020740649114, 6.344037047597891 ], [ -75.466039210772692, 6.344045961932212 ], [ -75.466058816275606, 6.34405371301396 ], [ -75.466078459787084, 6.344064904889999 ], [ -75.466096929912311, 6.344073819221819 ], [ -75.466115438046543, 6.344086174347994 ], [ -75.466136254947315, 6.344099643764432 ], [ -75.466154763083225, 6.344111998888793 ], [ -75.466175579985816, 6.344125468303176 ], [ -75.466196346210808, 6.344134349989912 ], [ -75.466214829009601, 6.344144411248169 ], [ -75.466233337148537, 6.344156766368894 ], [ -75.466251794609079, 6.344164533762265 ], [ -75.466271412788146, 6.344173431765871 ], [ -75.466289882919426, 6.344182346089193 ], [ -75.466309602459233, 6.344200419543879 ], [ -75.466328186621993, 6.344219656249773 ], [ -75.466346732776017, 6.344235452159973 ], [ -75.466366414309476, 6.344250084816925 ], [ -75.46638493512522, 6.344263586862056 ], [ -75.466404578649943, 6.344274778722338 ], [ -75.466425382894215, 6.344287101192328 ], [ -75.466454289065993, 6.344305246471271 ], [ -75.466483102075003, 6.344314958428311 ], [ -75.466524026470978, 6.344329647552595 ], [ -75.466539546506894, 6.344331362662906 ], [ -75.466557978635279, 6.344336836180011 ], [ -75.466594817551396, 6.344345489349078 ], [ -75.466613198997919, 6.344346375138237 ], [ -75.466632728492229, 6.344347244605241 ], [ -75.466651109938397, 6.344348130393011 ], [ -75.46666947871357, 6.344347869248702 ], [ -75.466689008207808, 6.344348738713562 ], [ -75.466744152545061, 6.344351396068775 ], [ -75.466763707381077, 6.344354559393486 ], [ -75.466782076155567, 6.344354298245147 ], [ -75.466801643662762, 6.344358608499695 ], [ -75.466820012437068, 6.344358347349978 ], [ -75.466838419224828, 6.344361526993588 ], [ -75.466857948718584, 6.344362396451902 ], [ -75.466876342835107, 6.344364429162772 ], [ -75.466894749623009, 6.344367608804254 ], [ -75.466913143739646, 6.344369641513748 ], [ -75.46693269857596, 6.344372804831683 ], [ -75.466951105364188, 6.344375984471045 ], [ -75.466969524823867, 6.344380311040929 ], [ -75.467013551717685, 6.344390009095329 ], [ -75.467027041285846, 6.344389817307886 ], [ -75.467045435402781, 6.344391850012392 ], [ -75.467063842191394, 6.344395029647419 ], [ -75.467083409700237, 6.34439933989047 ], [ -75.467101816489105, 6.344402519524039 ], [ -75.467157112887776, 6.344418940007471 ], [ -75.467175570365171, 6.344426707362769 ], [ -75.4671940531871, 6.344436768579588 ], [ -75.467212548681601, 6.34444797672666 ], [ -75.467231069521134, 6.344461478735173 ], [ -75.46724961570591, 6.344477274605022 ], [ -75.467269309940207, 6.344493054151005 ], [ -75.467285585374682, 6.344511176527051 ], [ -75.467300712761897, 6.344529315225438 ], [ -75.467315852822537, 6.344548600854196 ], [ -75.467326388017611, 6.344566804843569 ], [ -75.467338071262134, 6.344584992509416 ], [ -75.467353198653541, 6.344603131205333 ], [ -75.467364894572455, 6.344622465801188 ], [ -75.46737542977111, 6.344640669788846 ], [ -75.467383668873055, 6.344658906422654 ], [ -75.467390759926886, 6.344677159379447 ], [ -75.467398999030181, 6.344695396012729 ], [ -75.467404942036424, 6.344713665292421 ], [ -75.467409749666942, 6.344733097826317 ], [ -75.467414544625314, 6.344751383429067 ], [ -75.467415908109842, 6.344770864932884 ], [ -75.467418432316379, 6.344791477044271 ], [ -75.467425776828847, 6.34483266861993 ], [ -75.467428301036605, 6.344853280731061 ], [ -75.467431973293955, 6.34487387651865 ], [ -75.467436996365834, 6.344912806878565 ], [ -75.467440643278806, 6.344931108803901 ], [ -75.467445438241541, 6.34494939440559 ], [ -75.467449110501065, 6.344969990192691 ], [ -75.467450461316375, 6.344988324764867 ], [ -75.467454108230896, 6.345006626689835 ], [ -75.46745588669458, 6.345032037346002 ], [ -75.46746622237238, 6.345063810002488 ], [ -75.467482487650543, 6.34512583762854 ], [ -75.467536271275776, 6.345168348225154 ], [ -75.467553694793978, 6.345186454261846 ], [ -75.467569970263597, 6.345204576621669 ], [ -75.467587393784257, 6.34522268265671 ], [ -75.467605952682732, 6.345239625435942 ], [ -75.467621080105886, 6.345257764117368 ], [ -75.467639651680145, 6.345275853825736 ], [ -75.467654779105573, 6.345293992505625 ], [ -75.467669919205704, 6.345313278115788 ], [ -75.467690774210297, 6.345330188242184 ], [ -75.467707062362962, 6.345349457526357 ], [ -75.467723337843239, 6.34536757987897 ], [ -75.46774190942503, 6.345385669581948 ], [ -75.46776044298683, 6.345400318491557 ], [ -75.467780149947501, 6.345417244937392 ], [ -75.467798696185227, 6.345433040775883 ], [ -75.467817267771935, 6.345451130475068 ], [ -75.467838148134504, 6.3454703344547 ], [ -75.467851870605259, 6.345485614080269 ], [ -75.467891427390398, 6.345512019954741 ], [ -75.467911147033448, 6.345530093324344 ], [ -75.467929667930534, 6.345543595294929 ], [ -75.46794817615428, 6.34555595033396 ], [ -75.467966697053114, 6.345569452302791 ], [ -75.46798524330157, 6.345585248132132 ], [ -75.468003751527903, 6.345597603168515 ], [ -75.468024555856118, 6.34560992555378 ], [ -75.468043064084085, 6.345622280588349 ], [ -75.468062682339777, 6.3456311785049 ], [ -75.468082287921433, 6.345638929489925 ], [ -75.468100758127534, 6.345647843730005 ], [ -75.468140045341642, 6.345670227279418 ], [ -75.468158540899125, 6.34568143537816 ], [ -75.468177074481844, 6.345696084267814 ], [ -75.468191066562369, 6.345715386181121 ], [ -75.468206206694731, 6.345734671768241 ], [ -75.468244510643501, 6.345771981729907 ], [ -75.468263031556702, 6.345785483684672 ], [ -75.468281577821045, 6.345801279499621 ], [ -75.46829555723339, 6.345819434478062 ], [ -75.468332675118035, 6.34585331996468 ], [ -75.468346654533676, 6.345871474941013 ], [ -75.468365188128217, 6.345886123821206 ], [ -75.468381463647944, 6.345904246144055 ], [ -75.468398887219863, 6.345922352140013 ], [ -75.468431438265185, 6.345958596781744 ], [ -75.468448861841296, 6.345976702775796 ] ] ] ] } },
{ "type": "Feature", "properties": { "FID_": 0, "Name": "El Palmar" }, "geometry": { "type": "MultiPolygon", "coordinates": [ [ [ [ -75.450043449824292, 6.334779674937746 ], [ -75.449885749207681, 6.334878676713359 ], [ -75.449678734703667, 6.3349806422797 ], [ -75.449546624616346, 6.335055952934175 ], [ -75.449370377211579, 6.335118151475646 ], [ -75.4492741273055, 6.335129444929437 ], [ -75.449087668419693, 6.335116398084732 ], [ -75.448806881698403, 6.335096600672824 ], [ -75.44851520199984, 6.335142664597334 ], [ -75.448403315288388, 6.335255123149998 ], [ -75.448218875171875, 6.335419913723115 ], [ -75.448075517912926, 6.335584595954626 ], [ -75.447911404185959, 6.335691483222116 ], [ -75.447862749815869, 6.335704088093523 ], [ -75.447833189492215, 6.3357041660081 ], [ -75.447781517039701, 6.335726468862469 ], [ -75.447641280455827, 6.335793338274025 ], [ -75.447500868771257, 6.33579370829879 ], [ -75.447375198134267, 6.335779261725613 ], [ -75.447197758339342, 6.335750173791686 ], [ -75.447123857431208, 6.335750368481828 ], [ -75.447049975964759, 6.335757951884218 ], [ -75.446997533675088, 6.33573904151195 ], [ -75.446893351208345, 6.335735026357769 ], [ -75.446797305807877, 6.335749819896034 ], [ -75.446755737720522, 6.335770737420992 ], [ -75.44672245028714, 6.335774986698309 ], [ -75.446684956760237, 6.335762600613657 ], [ -75.446630836082079, 6.335758581531691 ], [ -75.446564283247767, 6.33577540314283 ], [ -75.446526866353608, 6.335792148024354 ], [ -75.446468616354764, 6.335800624628282 ], [ -75.446431199454622, 6.335817369590364 ], [ -75.446352203631236, 6.335850870466371 ], [ -75.446281422654266, 6.335842733604953 ], [ -75.446152238439495, 6.335784811338003 ], [ -75.446085554105096, 6.335751694001004 ], [ -75.445968944364026, 6.335727031288775 ], [ -75.445835685433906, 6.335702412540048 ], [ -75.445719141348746, 6.335702719259326 ], [ -75.445399402622385, 6.335666645926479 ], [ -75.444917636533162, 6.335512924997859 ], [ -75.444542146799378, 6.335440496837897 ], [ -75.444223917627468, 6.335425018883754 ], [ -75.444011857453219, 6.335450048144078 ], [ -75.443865130730202, 6.33549937749657 ], [ -75.443799904597086, 6.33551586348637 ], [ -75.443734849482368, 6.335597607162499 ], [ -75.443611594802491, 6.335696894008433 ], [ -75.443555030828833, 6.33574833285624 ], [ -75.443536138473377, 6.335751081944972 ], [ -75.443219347168238, 6.335674590725286 ], [ -75.443108511719004, 6.335674881860626 ], [ -75.442873630390721, 6.335610312148781 ], [ -75.442384308466728, 6.335481223887403 ], [ -75.442358092631665, 6.335429143377791 ], [ -75.442380723675953, 6.335357378792667 ], [ -75.442429485069212, 6.335305101545304 ], [ -75.442351128486621, 6.335259676553211 ], [ -75.442103771701895, 6.335410254992537 ], [ -75.441901916521104, 6.335508564598497 ], [ -75.441830489747716, 6.335619569188188 ], [ -75.44175250935281, 6.335717553678776 ], [ -75.441680963200028, 6.335782928049043 ], [ -75.441648552346592, 6.33585471837451 ], [ -75.441616175658766, 6.335939545902904 ], [ -75.441616346524839, 6.336004732091745 ], [ -75.441627083901011, 6.33603979220197 ], [ -75.441637821279059, 6.336074852311623 ], [ -75.441637918197685, 6.336111825912037 ], [ -75.441652962143962, 6.336207918147305 ], [ -75.441653155987154, 6.336281865001543 ], [ -75.441631239288256, 6.336385449062625 ], [ -75.441601907360422, 6.336481657742163 ], [ -75.441598325746867, 6.336526035662514 ], [ -75.441580020012012, 6.336596333814611 ], [ -75.441543175780637, 6.336648193684803 ], [ -75.441491539571558, 6.336700092367102 ], [ -75.441436195596509, 6.336748303441108 ], [ -75.44141036772055, 6.336770555471166 ], [ -75.441395701732475, 6.336818659810679 ], [ -75.441381190802559, 6.336925921777208 ], [ -75.441283494036099, 6.337018804706262 ], [ -75.441261471113407, 6.336811139205544 ], [ -75.441162567837296, 6.336823036026772 ], [ -75.441011394639304, 6.336875800425921 ], [ -75.440860312876055, 6.336963476444382 ], [ -75.440784802605293, 6.337018951717651 ], [ -75.440709292317322, 6.337074426983254 ], [ -75.440651088232016, 6.337071670328073 ], [ -75.440549237010202, 6.337069028122126 ], [ -75.440470687234495, 6.337075052686738 ], [ -75.440412506006297, 6.337081024006755 ], [ -75.440300872814774, 6.337151837451231 ], [ -75.440219519936122, 6.337198600002054 ], [ -75.440103157715811, 6.337210542240101 ], [ -75.439916959687622, 6.337222667677391 ], [ -75.439873304766806, 6.337219872802437 ], [ -75.439797618989971, 6.337208433895451 ], [ -75.43967829352593, 6.337200018639306 ], [ -75.43963759419799, 6.337214671955233 ], [ -75.439573639112012, 6.337238114188007 ], [ -75.439498006638345, 6.337247040352169 ], [ -75.439352500552076, 6.337241602833495 ], [ -75.439195354872453, 6.337236195938693 ], [ -75.439148813169453, 6.337242136458408 ], [ -75.439073188287992, 6.337253971926757 ], [ -75.439003382911054, 6.337265792141467 ], [ -75.438951006179664, 6.337265929332117 ], [ -75.438846207042019, 6.337248747854631 ], [ -75.438722927666433, 6.337237332401233 ], [ -75.438559916781017, 6.337214484534337 ], [ -75.438367822993982, 6.337197531526401 ], [ -75.438152420158019, 6.337169002091422 ], [ -75.437977876471479, 6.337186914929354 ], [ -75.437902221108388, 6.337187112940025 ], [ -75.437849768298605, 6.337158156876456 ], [ -75.437817760271685, 6.337158240643233 ], [ -75.437621876520609, 6.337170612900398 ], [ -75.437331031189686, 6.337223741779659 ], [ -75.437015701663995, 6.337219192427079 ], [ -75.436940046265917, 6.337219390298383 ], [ -75.436858723081215, 6.337277789685055 ], [ -75.436806619922024, 6.337382661805457 ], [ -75.436714022473552, 6.337580738654577 ], [ -75.436626986086878, 6.337679883519647 ], [ -75.436458565841122, 6.337814153131996 ], [ -75.43639470164662, 6.337872506825441 ], [ -75.436329930548183, 6.337879525153348 ], [ -75.436010487753165, 6.33812474414415 ], [ -75.436026423910008, 6.338264142620323 ], [ -75.435933688718933, 6.338419552198311 ], [ -75.435845592929681, 6.338606017682786 ], [ -75.435789891282752, 6.338755589486877 ], [ -75.435747547258174, 6.338911912973475 ], [ -75.435707935839815, 6.338985701510562 ], [ -75.435638786287683, 6.339038935517417 ], [ -75.435558774581494, 6.339089661693793 ], [ -75.435430649571686, 6.33914010235232 ], [ -75.435311330390235, 6.339175783148918 ], [ -75.43522890154108, 6.339224630632629 ], [ -75.435119641459778, 6.339304698769967 ], [ -75.435022343293781, 6.339393706654608 ], [ -75.434947262769413, 6.33943369254531 ], [ -75.434878059226008, 6.339466294882889 ], [ -75.434751145291671, 6.339528758956948 ], [ -75.434636510783406, 6.339664639515936 ], [ -75.434597085410132, 6.339828677575643 ], [ -75.434551818495436, 6.340013391468951 ], [ -75.434521109654426, 6.340109262179748 ], [ -75.434475464877835, 6.340156777124693 ], [ -75.43441067608542, 6.340186420440155 ], [ -75.434338565784572, 6.340235240882935 ], [ -75.434263561971704, 6.340304701059682 ], [ -75.434167887386039, 6.340362425386851 ], [ -75.434064761359082, 6.340389221320953 ], [ -75.43393479246717, 6.340402947099125 ], [ -75.433806474746774, 6.340379702456741 ], [ -75.433660542008738, 6.340385978318021 ], [ -75.433550915945446, 6.340392270726408 ], [ -75.433444784101454, 6.340396968914296 ], [ -75.433354856566893, 6.340397203608165 ], [ -75.433248594091481, 6.340351796229084 ], [ -75.433198428263893, 6.340335716124936 ], [ -75.433154144103923, 6.340313726199208 ], [ -75.433108366284145, 6.3402843715252 ], [ -75.433061308184264, 6.340217851117274 ], [ -75.432939939808264, 6.340174647951912 ], [ -75.432804061393654, 6.340089529074204 ], [ -75.432685878639674, 6.340037381610719 ], [ -75.432462441690731, 6.339860926204519 ], [ -75.432274029629937, 6.339709510007034 ], [ -75.432160273393308, 6.33967156194789 ], [ -75.432120753954564, 6.339606095241571 ], [ -75.432071516895149, 6.339586552669162 ], [ -75.432042073700927, 6.339612857298637 ], [ -75.431996132773108, 6.339599863174781 ], [ -75.431976347452633, 6.339557294413444 ], [ -75.431832069194044, 6.339557670486925 ], [ -75.431818961508739, 6.33956098312246 ], [ -75.431756650918018, 6.339557867055058 ], [ -75.431661464415669, 6.33952205178478 ], [ -75.431607675444297, 6.339433399695703 ], [ -75.431452031745536, 6.339686521825345 ], [ -75.431258160176213, 6.339808403641233 ], [ -75.431194338633603, 6.339897242339454 ], [ -75.431076498441456, 6.340055189233714 ], [ -75.431022479798628, 6.340124297430505 ], [ -75.430981996423114, 6.340183631806124 ], [ -75.430941513039087, 6.340242966180424 ], [ -75.430814285116341, 6.340175470258368 ], [ -75.430679109031104, 6.340098706900082 ], [ -75.430485936067726, 6.33996425818208 ], [ -75.430302253751975, 6.33977194799324 ], [ -75.430166977557036, 6.339656627048282 ], [ -75.42995464788352, 6.339570425007556 ], [ -75.42986291965309, 6.339517646929556 ], [ -75.429838528637347, 6.339406857013492 ], [ -75.429722860708679, 6.33941679742462 ], [ -75.429491850282133, 6.339561989935222 ], [ -75.429462977176996, 6.339581343903082 ], [ -75.429424512931675, 6.339620001667365 ], [ -75.429241432303868, 6.339659035667616 ], [ -75.429193289469723, 6.339683259504115 ], [ -75.429123693343328, 6.339728788643848 ], [ -75.429010521882375, 6.339842785498218 ], [ -75.428981748843327, 6.339900696931524 ], [ -75.428981924177805, 6.339968172464167 ], [ -75.428982124562324, 6.34004528732814 ], [ -75.428977466790911, 6.340107955680843 ], [ -75.428953451705311, 6.340141756194771 ], [ -75.428885989070636, 6.340151571066117 ], [ -75.428828242567732, 6.340190278956244 ], [ -75.428703133577102, 6.340277359234303 ], [ -75.428587565375707, 6.34032585687566 ], [ -75.428452639847421, 6.340345486634115 ], [ -75.428414000368491, 6.340316668802386 ], [ -75.428423441061, 6.340239528747308 ], [ -75.428529142731279, 6.340104301896343 ], [ -75.428181812587624, 6.340008810729851 ], [ -75.428085276226469, 6.339960864462381 ], [ -75.428031717443687, 6.339847045098941 ], [ -75.427947854563328, 6.339666359781235 ], [ -75.427897341914985, 6.339552684995872 ], [ -75.427877133386929, 6.339505876155735 ], [ -75.427830176903967, 6.339472525882125 ], [ -75.427722647209833, 6.339318832374345 ], [ -75.427412656875902, 6.33908253706083 ], [ -75.427233032263473, 6.338998769588532 ], [ -75.427099067606136, 6.33897903406227 ], [ -75.427005962645723, 6.339086637777241 ], [ -75.426915725634075, 6.339627458394127 ], [ -75.426771249861602, 6.34005507336554 ], [ -75.426706556592336, 6.340349002360534 ], [ -75.426597851392899, 6.340466819359523 ], [ -75.426544996050339, 6.34061408450258 ], [ -75.426445889154692, 6.340738606512687 ], [ -75.426346825189015, 6.340879697004096 ], [ -75.426280904451758, 6.341020701543432 ], [ -75.426206547241051, 6.341103737714767 ], [ -75.426173565274283, 6.341165955683659 ], [ -75.426140583300736, 6.341228173651981 ], [ -75.426140776672341, 6.341302732024226 ], [ -75.426157584582825, 6.341393815759055 ], [ -75.426141335314057, 6.34151812273524 ], [ -75.426066978196317, 6.341601158904372 ], [ -75.425993007786019, 6.341833311712734 ], [ -75.426029198360894, 6.341949733560356 ], [ -75.426034221262853, 6.342038374357034 ], [ -75.426029198360894, 6.341949733560356 ], [ -75.425993007786019, 6.341833311712734 ], [ -75.425645434360476, 6.341999900203952 ], [ -75.42532222404499, 6.341975886025685 ], [ -75.42523938757293, 6.341984385324941 ], [ -75.425129193955186, 6.34198194417907 ], [ -75.424996012180912, 6.342004473081875 ], [ -75.424856769380639, 6.342033933000486 ], [ -75.424798822468546, 6.342054794101654 ], [ -75.424649914395459, 6.342146307858806 ], [ -75.424563138824482, 6.342233518214674 ], [ -75.424490298182121, 6.34224613360798 ], [ -75.424434730408549, 6.342242135584852 ], [ -75.424401576470842, 6.342238079432923 ], [ -75.424343447183105, 6.342188524218991 ], [ -75.424293625078988, 6.34214723181671 ], [ -75.42419415264041, 6.342130921116889 ], [ -75.423987114883801, 6.342172879466228 ], [ -75.423879635608841, 6.342264285584164 ], [ -75.423838335303188, 6.342314098548046 ], [ -75.423730855884557, 6.342405504699415 ], [ -75.423673176905723, 6.342529919000171 ], [ -75.423623612201069, 6.342588037685265 ], [ -75.423499453823368, 6.342638065433076 ], [ -75.423300744635156, 6.342696570598068 ], [ -75.423160121600105, 6.342788062549147 ], [ -75.423053275207153, 6.342873763506871 ], [ -75.423003227229742, 6.342995577202352 ], [ -75.422929040878103, 6.343144887223759 ], [ -75.422730631355776, 6.343319371927242 ], [ -75.422536562283071, 6.343484891620611 ], [ -75.422439943123109, 6.343544808350578 ], [ -75.422473579450767, 6.343735260703395 ], [ -75.422440543296958, 6.34377676788746 ], [ -75.4224074428341, 6.343793422349572 ], [ -75.422308013004937, 6.343793679858786 ], [ -75.422232631109964, 6.343742448907531 ], [ -75.422151026845754, 6.343630495610957 ], [ -75.422041949340581, 6.343726420081873 ], [ -75.421935781858508, 6.343797582507354 ], [ -75.421844931717587, 6.343828505083776 ], [ -75.4217263362263, 6.343845757439518 ], [ -75.421633503540335, 6.343845997743483 ], [ -75.421462036793727, 6.343768187935096 ], [ -75.42131004016548, 6.343791970466923 ], [ -75.42119948688088, 6.343815955413024 ], [ -75.421101423618751, 6.343786065217721 ], [ -75.421001782652866, 6.343786323022099 ], [ -75.420938593322646, 6.343835723807609 ], [ -75.420816875523101, 6.343843645914041 ], [ -75.420738184454365, 6.343874139892262 ], [ -75.420652008062419, 6.343953530936076 ], [ -75.420563094589838, 6.343986117597928 ], [ -75.420436602223674, 6.344021600386914 ], [ -75.420389748340853, 6.344045174440615 ], [ -75.420299209638273, 6.344128120502414 ], [ -75.420255162824333, 6.344164342436792 ], [ -75.420075169847422, 6.344211785691761 ], [ -75.419899396842766, 6.344212240143757 ], [ -75.419599187104509, 6.344241609341511 ], [ -75.419422236738015, 6.344249439071101 ], [ -75.419234712010365, 6.344227431867684 ], [ -75.419076123563613, 6.344175033808186 ], [ -75.418939667956707, 6.344103678046467 ], [ -75.418594281140471, 6.343989483407912 ], [ -75.418415571667794, 6.34391141615029 ], [ -75.41807560127809, 6.343813228399448 ], [ -75.417907006171873, 6.343780387276274 ], [ -75.417844955400227, 6.343863668929607 ], [ -75.417737141879726, 6.343922826749121 ], [ -75.417601913349571, 6.343944991870331 ], [ -75.417477209404026, 6.343949092212 ], [ -75.417349747263643, 6.343876002877859 ], [ -75.417050331437636, 6.343768018606789 ], [ -75.41696814873265, 6.343686273941706 ], [ -75.416931876197722, 6.343632177952952 ], [ -75.416893760197922, 6.343444154783689 ], [ -75.416822365105105, 6.34308501037856 ], [ -75.416759564281776, 6.342965908276302 ], [ -75.416649903712127, 6.342740799568892 ], [ -75.416563167737166, 6.342489974473451 ], [ -75.416312482433383, 6.341970648413037 ], [ -75.416151038233309, 6.341677684614234 ], [ -75.416020910084669, 6.341560886036582 ], [ -75.415837623006965, 6.34144173915007 ], [ -75.415612983307739, 6.341304876536793 ], [ -75.41545680663252, 6.341179135119233 ], [ -75.415342842982739, 6.341050667961916 ], [ -75.415272680526954, 6.340918983470892 ], [ -75.41524731067247, 6.34081034407829 ], [ -75.415277851459365, 6.340663429032325 ], [ -75.415312832214397, 6.340521986252266 ], [ -75.415340828307109, 6.340271352252635 ], [ -75.415384669106601, 6.340079155140245 ], [ -75.415427511791023, 6.339967787607558 ], [ -75.415462104854953, 6.339842021526039 ], [ -75.415496603424984, 6.33968136713704 ], [ -75.415509930621155, 6.339494977376121 ], [ -75.415488551062992, 6.339300201936755 ], [ -75.415452267233761, 6.339114141388401 ], [ -75.415429329630669, 6.33892709564247 ], [ -75.415446436592006, 6.338817450969267 ], [ -75.415499691219892, 6.338786417456917 ], [ -75.415838050052244, 6.338605577996873 ], [ -75.415859470477926, 6.338467636996249 ], [ -75.415908816383322, 6.338379395755162 ], [ -75.415974771649488, 6.338324154588638 ], [ -75.416068238879262, 6.338257828382668 ], [ -75.416168409606371, 6.338197385294964 ], [ -75.416205458831826, 6.338070232468742 ], [ -75.416271172949862, 6.337921370711459 ], [ -75.416315025031437, 6.337838650746858 ], [ -75.416331308299519, 6.337744987617467 ], [ -75.416331024884954, 6.337634845737353 ], [ -75.416343002525323, 6.337561221934782 ], [ -75.416356230548146, 6.337537101609271 ], [ -75.416365992913299, 6.337539484635345 ], [ -75.416407940657578, 6.33756031992146 ], [ -75.416578216352235, 6.337660770868736 ], [ -75.41675671946048, 6.337749432631451 ], [ -75.416929817179422, 6.337775198833559 ], [ -75.417055657415546, 6.337774874531774 ], [ -75.417097415310238, 6.337701372562129 ], [ -75.417145324485119, 6.337658717950269 ], [ -75.417265745882858, 6.337590255693416 ], [ -75.417438546523897, 6.337500688520073 ], [ -75.417569508636106, 6.337453168906391 ], [ -75.41764803710619, 6.337405784346298 ], [ -75.417731647006335, 6.337295477278754 ], [ -75.417836084539701, 6.337010623141081 ], [ -75.417867423008104, 6.336963360238205 ], [ -75.41789853190771, 6.336826976303197 ], [ -75.417945411387066, 6.336706279000271 ], [ -75.417997628505077, 6.33662226520221 ], [ -75.418102157578076, 6.336490934411214 ], [ -75.418169996676696, 6.33636494058768 ], [ -75.418206483841217, 6.336280967240162 ], [ -75.418232281821574, 6.336118384777587 ], [ -75.418232106251068, 6.336050233376892 ], [ -75.41820903083044, 6.335957040970619 ], [ -75.418142392857078, 6.335765850129192 ], [ -75.418157600030938, 6.335572133867583 ], [ -75.418173073504391, 6.335472487418393 ], [ -75.418288169955218, 6.335372584088412 ], [ -75.418317307775965, 6.335332700147418 ], [ -75.41844791348835, 6.335153926556675 ], [ -75.41849612362698, 6.334958986020641 ], [ -75.418581118825756, 6.334861358721791 ], [ -75.41865365361727, 6.334654179441058 ], [ -75.41870158133699, 6.334349655526505 ], [ -75.418767567024176, 6.334036592575273 ], [ -75.418776630152905, 6.334019287855109 ], [ -75.418785002963347, 6.3340252817047 ], [ -75.418910562715197, 6.33415978009744 ], [ -75.419128209602945, 6.334411086985853 ], [ -75.419217627238325, 6.334472640491393 ], [ -75.4193344736954, 6.334520393416755 ], [ -75.419499240795901, 6.33451310340124 ], [ -75.419588428398527, 6.334485413559172 ], [ -75.419684393492844, 6.334423381698144 ], [ -75.419787189335295, 6.334347602303794 ], [ -75.419896709529581, 6.334216886299675 ], [ -75.419965086448997, 6.334106871322743 ], [ -75.420007461471727, 6.334002811008903 ], [ -75.420165114319829, 6.333899430393144 ], [ -75.42030195682544, 6.333713724574582 ], [ -75.420432074734094, 6.333582955329669 ], [ -75.420624128482018, 6.333506945351239 ], [ -75.420634482707683, 6.333506918612512 ], [ -75.420859382549551, 6.333624374642181 ], [ -75.421820369222218, 6.333322036288203 ], [ -75.422441725028122, 6.333207421285564 ], [ -75.423134028303053, 6.333133508009258 ], [ -75.423189906689473, 6.332833964145516 ], [ -75.42327539652176, 6.332461176788431 ], [ -75.423466675125283, 6.332109500752038 ], [ -75.42352606019459, 6.33198214074928 ], [ -75.423559041482932, 6.331922420810534 ], [ -75.423558835966332, 6.331842908679195 ], [ -75.423558647578432, 6.331770022558583 ], [ -75.423604609309791, 6.331604252152267 ], [ -75.423663859222927, 6.33145169947529 ], [ -75.42370334790624, 6.331345580314343 ], [ -75.423729547859381, 6.331226243427746 ], [ -75.423735773017839, 6.331124374345027 ], [ -75.423698854134628, 6.331000058201197 ], [ -75.423614238153093, 6.330794918450734 ], [ -75.423569358181453, 6.330750277183307 ], [ -75.423513171353449, 6.330660907785395 ], [ -75.423468276946082, 6.330610671896678 ], [ -75.423445735692525, 6.330549188786269 ], [ -75.423445562218177, 6.330482053171761 ], [ -75.423456623139671, 6.330431672540445 ], [ -75.423495734078131, 6.330409192686711 ], [ -75.423540426242369, 6.330381103748107 ], [ -75.423590742653673, 6.330364189548078 ], [ -75.423652206884285, 6.330330462569771 ], [ -75.423789120732522, 6.330249754973167 ], [ -75.423754301097262, 6.330129087717121 ], [ -75.423739453483506, 6.329935470342484 ], [ -75.42371765960948, 6.329826894210993 ], [ -75.423717307453032, 6.329690618743233 ], [ -75.423731191061407, 6.329511271865192 ], [ -75.423731042790067, 6.329453892731728 ], [ -75.42371070195523, 6.329390911359662 ], [ -75.423598183495571, 6.329086526971034 ], [ -75.423471663843401, 6.328840628671902 ], [ -75.423353062471421, 6.328569804205497 ], [ -75.42332908649081, 6.328416618238549 ], [ -75.423269009469593, 6.327980606037162 ], [ -75.423205740843159, 6.327454758241192 ], [ -75.423150399258077, 6.327222287230645 ], [ -75.423040140371469, 6.326921542248823 ], [ -75.423013081874132, 6.3267379894724 ], [ -75.42279623081356, 6.326738549830178 ], [ -75.422548501406069, 6.326697925506253 ], [ -75.422145848219529, 6.326595804574036 ], [ -75.421763936648375, 6.326534894122217 ], [ -75.421598615221654, 6.326442476148052 ], [ -75.421422843482873, 6.326298504472149 ], [ -75.421311260763702, 6.326218659332734 ], [ -75.421323474935477, 6.325988108738473 ], [ -75.42133828539761, 6.325882508112822 ], [ -75.421337780010248, 6.325686464867571 ], [ -75.421292221334525, 6.325565939661836 ], [ -75.421216536561545, 6.325460572496089 ], [ -75.421132453446646, 6.325282467226183 ], [ -75.421013202290041, 6.324956260593994 ], [ -75.421012577864488, 6.324713946172918 ], [ -75.421035501780551, 6.324205023454311 ], [ -75.421119200609596, 6.323768638741524 ], [ -75.421287753177197, 6.323344150941947 ], [ -75.42142147932033, 6.323085924611485 ], [ -75.421590593556971, 6.322879519778366 ], [ -75.421832350182328, 6.322648695858891 ], [ -75.421989596594074, 6.322539247886204 ], [ -75.422061957971451, 6.322405787387457 ], [ -75.422085911813866, 6.322296683429618 ], [ -75.422061208382146, 6.322115010190178 ], [ -75.422012020127823, 6.321836473817544 ], [ -75.421987410461853, 6.321691147773358 ], [ -75.42204819313794, 6.321494340667518 ], [ -75.422132640628945, 6.321348733220455 ], [ -75.422229205611529, 6.32120309444556 ], [ -75.422362122868023, 6.321057361902293 ], [ -75.422527609524835, 6.320964878519489 ], [ -75.422567432295011, 6.3207902845375 ], [ -75.422603128695528, 6.320535760710186 ], [ -75.42261487128124, 6.320390340886484 ], [ -75.422614683863557, 6.320317646585108 ], [ -75.42263876252585, 6.320257005487799 ], [ -75.422674958691431, 6.320196333115281 ], [ -75.422791278665585, 6.320106104658541 ], [ -75.422915315975885, 6.320012588862793 ], [ -75.42334960635398, 6.319747413484807 ], [ -75.423783655795191, 6.319389042815349 ], [ -75.424035450832221, 6.319149297294691 ], [ -75.423945634840493, 6.318948636213503 ], [ -75.42394543070354, 6.318869517210301 ], [ -75.423921528319241, 6.318806283332932 ], [ -75.423905334900937, 6.318663910010257 ], [ -75.423912982536137, 6.318561034850309 ], [ -75.423912737593184, 6.318466092033167 ], [ -75.423896748319237, 6.318402837712117 ], [ -75.423904600075574, 6.318379081611062 ], [ -75.423959909443838, 6.318347290930392 ], [ -75.424040329586006, 6.318289541717616 ], [ -75.424070283109558, 6.318188766796846 ], [ -75.424088826427038, 6.318120086418767 ], [ -75.424105845772331, 6.318086895658934 ], [ -75.424253255946567, 6.317906075758524 ], [ -75.42434714604596, 6.317724993238309 ], [ -75.424464495679956, 6.317488825296228 ], [ -75.424495639421124, 6.317370808676568 ], [ -75.424518721349997, 6.317174188775344 ], [ -75.424499747977634, 6.31700478277734 ], [ -75.424383901708495, 6.316740913141416 ], [ -75.424261573858729, 6.316592206676461 ], [ -75.424186917263526, 6.316538211566299 ], [ -75.42417442319865, 6.316529266614648 ], [ -75.424135194284702, 6.316465706620317 ], [ -75.424118227899925, 6.316431993652752 ], [ -75.424118053430504, 6.31638659395513 ], [ -75.424125138667065, 6.316369941461438 ], [ -75.424138631207981, 6.316306203588161 ], [ -75.424152006398415, 6.316196971392159 ], [ -75.424183687378928, 6.316133186552283 ], [ -75.424247156321712, 6.316037471879737 ], [ -75.424324269654079, 6.315941714428348 ], [ -75.424446956213572, 6.315868601662975 ], [ -75.424596966775169, 6.315809057638345 ], [ -75.424818264348559, 6.315743810082139 ], [ -75.424928517096163, 6.315569593611517 ], [ -75.424977627493234, 6.315523599637036 ], [ -75.42498670967565, 6.315523041534813 ], [ -75.425084174061894, 6.315551594632592 ], [ -75.425127173447208, 6.315561795323901 ], [ -75.425322051642155, 6.315631584459908 ], [ -75.425500577443671, 6.315652754497066 ], [ -75.42572775572242, 6.315662986761616 ], [ -75.425852172534263, 6.315673477063892 ], [ -75.426172626621906, 6.315765055142006 ], [ -75.426394587400452, 6.315850999241484 ], [ -75.426654444420421, 6.315953070642248 ], [ -75.426876349434025, 6.316017390774118 ], [ -75.426968452465232, 6.316082039152166 ], [ -75.427012979056315, 6.316136812977954 ], [ -75.427061842749637, 6.31621239269638 ], [ -75.427121504656952, 6.316277132526637 ], [ -75.427202780052028, 6.316336402901085 ], [ -75.427311040080312, 6.316373972004967 ], [ -75.427500491686587, 6.316438375816285 ], [ -75.427787346135702, 6.316518745245776 ], [ -75.42793162829156, 6.316563051896607 ], [ -75.428254281824366, 6.316624334424015 ], [ -75.428632488729264, 6.31672261804152 ], [ -75.429027844605343, 6.316833390384439 ], [ -75.429080376429326, 6.316885643331768 ], [ -75.429225543879994, 6.317060966845518 ], [ -75.429447438793787, 6.316996954492189 ], [ -75.429567142842117, 6.316974191575723 ], [ -75.42961209219402, 6.316989043382391 ], [ -75.429702146551932, 6.317078619850738 ], [ -75.429882003013134, 6.317160479210256 ], [ -75.430136614187418, 6.317204723849489 ], [ -75.430346178735036, 6.317196695987509 ], [ -75.430563189233013, 6.317173680365772 ], [ -75.430727765264578, 6.317135832387683 ], [ -75.430832460320701, 6.317098139951526 ], [ -75.430907292230927, 6.31709046154772 ], [ -75.430959726931945, 6.31710529379864 ], [ -75.431049587153197, 6.317120028893145 ], [ -75.431116934008628, 6.31711236988933 ], [ -75.431184242043315, 6.31708974262702 ], [ -75.431243987110335, 6.317037198291151 ], [ -75.431333537028863, 6.316932187509858 ], [ -75.431415698924695, 6.316864616777348 ], [ -75.43150731984224, 6.316819395947438 ], [ -75.431664332936052, 6.316751630651754 ], [ -75.431783997892907, 6.316713899010652 ], [ -75.431873838896394, 6.316721149848544 ], [ -75.431978863586522, 6.316810687135789 ], [ -75.432113945282993, 6.31694505118029 ], [ -75.432316782047678, 6.317228922236441 ], [ -75.43243701041348, 6.317408229778161 ], [ -75.432455755078777, 6.317414509915197 ], [ -75.432492570270156, 6.317451129618969 ], [ -75.432527696272686, 6.317510482171059 ], [ -75.432544172922718, 6.3175302888874 ], [ -75.432566658450298, 6.317569888116612 ], [ -75.43262909434705, 6.317693936456688 ], [ -75.432685473056154, 6.317819889256268 ], [ -75.432719841540177, 6.318224097318665 ], [ -75.432768914078522, 6.318337767660219 ], [ -75.432821718211883, 6.318494797790096 ], [ -75.432859571417708, 6.318659350949237 ], [ -75.432866361443516, 6.318682404896967 ], [ -75.432912433945404, 6.318838833245169 ], [ -75.432995140151235, 6.318980817243177 ], [ -75.433078819538807, 6.319102879899915 ], [ -75.43313142945523, 6.319185068772833 ], [ -75.433146574864026, 6.31925238690463 ], [ -75.433162089714017, 6.319461902947377 ], [ -75.433162478603151, 6.319611585145096 ], [ -75.433170508144016, 6.319821120650774 ], [ -75.433191359854533, 6.31992397362187 ], [ -75.433313212523828, 6.320007853490391 ], [ -75.433418179833438, 6.320074937762112 ], [ -75.433577500968411, 6.320136436484312 ], [ -75.43373476720059, 6.320165963928777 ], [ -75.433839578932847, 6.320173175336523 ], [ -75.433936983410391, 6.320210342498617 ], [ -75.434064387166671, 6.320269884219759 ], [ -75.434139277758746, 6.320284657609634 ], [ -75.434244050578783, 6.320276900700047 ], [ -75.434303971003928, 6.320291713036504 ], [ -75.434468683431717, 6.320306252524949 ], [ -75.434573475980514, 6.320305979662033 ], [ -75.434670938914167, 6.320365599009994 ], [ -75.434708500894459, 6.32041789033912 ], [ -75.434798615073987, 6.320529917938757 ], [ -75.434933854300411, 6.320724153602868 ], [ -75.435068957579915, 6.320866000592142 ], [ -75.435218992159292, 6.320992840302795 ], [ -75.435355343833166, 6.32108404884785 ], [ -75.43542288582583, 6.321151230299493 ], [ -75.435467952519375, 6.321210985981049 ], [ -75.435483156780734, 6.321300756294437 ], [ -75.435528379647124, 6.32142038484875 ], [ -75.435596038623416, 6.321532470756123 ], [ -75.43567129965416, 6.321689441796757 ], [ -75.435768918874146, 6.321808933730066 ], [ -75.435896556791661, 6.321958283844639 ], [ -75.435966919600688, 6.322068204852376 ], [ -75.436136492228712, 6.322114825415002 ], [ -75.436383581418298, 6.322144117660089 ], [ -75.436630670611009, 6.322173409781676 ], [ -75.436817800405834, 6.322172921590735 ], [ -75.436907544444068, 6.322142750812154 ], [ -75.437012220209283, 6.322097572745129 ], [ -75.437103759540264, 6.322045178769232 ], [ -75.437290635603347, 6.32194739722387 ], [ -75.437365428877598, 6.321924749554013 ], [ -75.437447804807988, 6.321939502859263 ], [ -75.437552695131103, 6.321976649677494 ], [ -75.437642653749805, 6.322028803928388 ], [ -75.437710079016668, 6.32205108037049 ], [ -75.437852375621759, 6.322080645475332 ], [ -75.438017049717885, 6.322080215490123 ], [ -75.438151841588535, 6.322102315809778 ], [ -75.43824170276126, 6.322117049404 ], [ -75.438361504759797, 6.322131704803994 ], [ -75.438473782327478, 6.322131411526144 ], [ -75.438518732522809, 6.322146262409709 ], [ -75.438571265469704, 6.322198514238498 ], [ -75.438608769636019, 6.322228352699803 ], [ -75.43867693621624, 6.322265868126356 ], [ -75.439054034081224, 6.322557712653223 ], [ -75.43926400996483, 6.322706846666041 ], [ -75.439444065086406, 6.322863542940762 ], [ -75.439609052084037, 6.322982857786746 ], [ -75.439669011679356, 6.323012637598574 ], [ -75.439766358264691, 6.323027351338911 ], [ -75.43989360644791, 6.323027018564353 ], [ -75.440028418222042, 6.323056602396246 ], [ -75.440140813246416, 6.323101213289005 ], [ -75.440245801685734, 6.323175779946725 ], [ -75.440410749530528, 6.323280126455327 ], [ -75.440515620666346, 6.323309788475995 ], [ -75.440642849315097, 6.323301971409247 ], [ -75.440770019257243, 6.323271702199356 ], [ -75.440904596290778, 6.323211476829473 ], [ -75.441031785751505, 6.323188691488313 ], [ -75.44110663762477, 6.323188495555078 ], [ -75.441226400672406, 6.323188182039341 ], [ -75.44133861989026, 6.323165435817657 ], [ -75.441480720777975, 6.323120159072822 ], [ -75.441570484377991, 6.323097471603018 ], [ -75.44172018806232, 6.323097079576225 ], [ -75.441795079060341, 6.323111851727465 ], [ -75.441885018862862, 6.323156520849723 ], [ -75.442071240444122, 6.323259895414343 ], [ -75.442333632942919, 6.32331165169161 ], [ -75.442396711568392, 6.323363929945678 ], [ -75.442459844840258, 6.323437185726078 ], [ -75.44256504915559, 6.323552285930747 ], [ -75.442775155287023, 6.323667111324848 ], [ -75.44298512443946, 6.323729493288332 ], [ -75.443090053951735, 6.323739706872044 ], [ -75.443220702078904, 6.323710318561942 ], [ -75.443278383338182, 6.32355041604834 ], [ -75.443320096992707, 6.323455908153512 ], [ -75.443340967551919, 6.323413898588 ], [ -75.443382928172284, 6.323413788562264 ], [ -75.443424889068297, 6.323413678532419 ], [ -75.443456441788328, 6.323445061726126 ], [ -75.443540583637457, 6.323528751154499 ], [ -75.443677423596256, 6.323706700448211 ], [ -75.443782572952685, 6.323800823147777 ], [ -75.443929793219354, 6.323936790280785 ], [ -75.444087476167297, 6.324062241238355 ], [ -75.444171700456863, 6.324177396227038 ], [ -75.444245434409638, 6.32429257855445 ], [ -75.444308733289887, 6.324428765744909 ], [ -75.444341189303699, 6.324484165175789 ], [ -75.444488877440733, 6.324798439124732 ], [ -75.44456285910897, 6.32500801918739 ], [ -75.444594907338725, 6.325228198142043 ], [ -75.44463719844488, 6.32535395173329 ], [ -75.444710905200239, 6.325458645342159 ], [ -75.44480720012298, 6.325565419049233 ], [ -75.444928386904266, 6.325754727580175 ], [ -75.445072164997754, 6.325986964089674 ], [ -75.445196354089688, 6.326145414969475 ], [ -75.445286003127364, 6.326342179208962 ], [ -75.445479319014993, 6.326567266046619 ], [ -75.445748227121371, 6.326937850698687 ], [ -75.445965157551228, 6.327205174308214 ], [ -75.446052668976392, 6.327363314472387 ], [ -75.446140201464431, 6.327384949800869 ], [ -75.4462060467566, 6.327398876315693 ], [ -75.446248413701952, 6.327422264378878 ], [ -75.446286178905851, 6.327483263625915 ], [ -75.446394737032875, 6.32765217416565 ], [ -75.44647021813698, 6.327755373205395 ], [ -75.446616627946327, 6.328018181935175 ], [ -75.44668794690908, 6.328132088937489 ], [ -75.446753977557137, 6.32821651322623 ], [ -75.44677770294112, 6.328301048795621 ], [ -75.446857934149605, 6.328423034783264 ], [ -75.447122325614032, 6.328663159318134 ], [ -75.447438007333318, 6.328944321626342 ], [ -75.447565086327899, 6.329044166587425 ], [ -75.447727804029554, 6.329141916052465 ], [ -75.447794286574776, 6.329158348235485 ], [ -75.447902380847395, 6.329207885184783 ], [ -75.448139539079264, 6.329385787826563 ], [ -75.448281570834453, 6.329540176060226 ], [ -75.448419289395517, 6.329801376449748 ], [ -75.44851118939269, 6.330008724076155 ], [ -75.448565411489213, 6.330099920717899 ], [ -75.448636536835011, 6.330162997666115 ], [ -75.448828040755544, 6.330349323752578 ], [ -75.448936419573428, 6.330506806263525 ], [ -75.448986598701097, 6.330639531534128 ], [ -75.448995308059523, 6.330793124972582 ], [ -75.449012431624382, 6.330988214166875 ], [ -75.449037816169209, 6.331068523210167 ], [ -75.449063113439252, 6.331213769301802 ], [ -75.4491007807312, 6.331325768448099 ], [ -75.449221518769619, 6.331445852170964 ], [ -75.449269395029958, 6.331508607415174 ], [ -75.449234988672188, 6.331516758955257 ], [ -75.449390343864437, 6.331858531419615 ], [ -75.44952436448655, 6.332216348074712 ], [ -75.449564600625024, 6.332343901058461 ], [ -75.449630164443462, 6.332997981234318 ], [ -75.44968690748658, 6.333332936822885 ], [ -75.449743545493902, 6.333627999122637 ], [ -75.449924393174086, 6.33433289368472 ], [ -75.450043449823255, 6.334779674937648 ], [ -75.450043449824292, 6.334779674937746 ] ] ] ] } },
{ "type": "Feature", "properties": { "FID_": 0, "Name": "El Cano" }, "geometry": { "type": "MultiPolygon", "coordinates": [ [ [ [ -75.416919561406928, 6.344233661955883 ], [ -75.417060563292935, 6.344095787507369 ], [ -75.417349747263643, 6.343876002877859 ], [ -75.417477209404026, 6.343949092212 ], [ -75.417601913349571, 6.343944991870331 ], [ -75.417737141879726, 6.343922826749121 ], [ -75.417844955400227, 6.343863668929607 ], [ -75.417907006171873, 6.343780387276274 ], [ -75.41807560127809, 6.343813228399448 ], [ -75.418415571667794, 6.34391141615029 ], [ -75.418594281140471, 6.343989483407912 ], [ -75.418939667956707, 6.344103678046467 ], [ -75.419076123563613, 6.344175033808186 ], [ -75.419234712010365, 6.344227431867684 ], [ -75.419422236738015, 6.344249439071101 ], [ -75.419599187104509, 6.344241609341511 ], [ -75.419899396842766, 6.344212240143757 ], [ -75.420075169847422, 6.344211785691761 ], [ -75.420255162824333, 6.344164342436792 ], [ -75.420299209638273, 6.344128120502414 ], [ -75.420389748340853, 6.344045174440615 ], [ -75.420436602223674, 6.344021600386914 ], [ -75.420563094589838, 6.343986117597928 ], [ -75.420652008062419, 6.343953530936076 ], [ -75.420738184454365, 6.343874139892262 ], [ -75.420816875523101, 6.343843645914041 ], [ -75.420938593322646, 6.343835723807609 ], [ -75.421001782652866, 6.343786323022099 ], [ -75.421101423618751, 6.343786065217721 ], [ -75.42119948688088, 6.343815955413024 ], [ -75.42131004016548, 6.343791970466923 ], [ -75.421462036793727, 6.343768187935096 ], [ -75.421633503540335, 6.343845997743483 ], [ -75.4217263362263, 6.343845757439518 ], [ -75.421844931717587, 6.343828505083776 ], [ -75.421935781858508, 6.343797582507354 ], [ -75.422041949340581, 6.343726420081873 ], [ -75.422151026845754, 6.343630495610957 ], [ -75.422232631109964, 6.343742448907531 ], [ -75.422308013004937, 6.343793679858786 ], [ -75.4224074428341, 6.343793422349572 ], [ -75.422440543296958, 6.34377676788746 ], [ -75.422473579450767, 6.343735260703395 ], [ -75.422439943123109, 6.343544808350578 ], [ -75.422536562283071, 6.343484891620611 ], [ -75.422730631355776, 6.343319371927242 ], [ -75.422929040878103, 6.343144887223759 ], [ -75.423003227229742, 6.342995577202352 ], [ -75.423053275207153, 6.342873763506871 ], [ -75.423160121600105, 6.342788062549147 ], [ -75.423300744635156, 6.342696570598068 ], [ -75.423499453823368, 6.342638065433076 ], [ -75.423623612201069, 6.342588037685265 ], [ -75.423673176905723, 6.342529919000171 ], [ -75.423730855884557, 6.342405504699415 ], [ -75.423838335303188, 6.342314098548046 ], [ -75.423879635608841, 6.342264285584164 ], [ -75.423987114883801, 6.342172879466228 ], [ -75.42419415264041, 6.342130921116889 ], [ -75.424293625078988, 6.34214723181671 ], [ -75.424343447183105, 6.342188524218991 ], [ -75.424401576470842, 6.342238079432923 ], [ -75.424434730408549, 6.342242135584852 ], [ -75.424490298182121, 6.34224613360798 ], [ -75.424563138824482, 6.342233518214674 ], [ -75.424649914395459, 6.342146307858806 ], [ -75.424798822468546, 6.342054794101654 ], [ -75.424856769380639, 6.342033933000486 ], [ -75.424996012180912, 6.342004473081875 ], [ -75.425129193955186, 6.34198194417907 ], [ -75.42523938757293, 6.341984385324941 ], [ -75.42532222404499, 6.341975886025685 ], [ -75.425645434360476, 6.341999900203952 ], [ -75.425993007786019, 6.341833311712734 ], [ -75.426029198360894, 6.341949733560356 ], [ -75.426034221262853, 6.342038374357034 ], [ -75.425948457598253, 6.342235073154508 ], [ -75.425943925545198, 6.342335719074374 ], [ -75.426067638142328, 6.342716348903378 ], [ -75.426124840036962, 6.342973133273696 ], [ -75.426285033827767, 6.343306730122847 ], [ -75.426571750851835, 6.343382031405444 ], [ -75.426481756434313, 6.343800600810792 ], [ -75.426361002160149, 6.343966637720047 ], [ -75.426286842298239, 6.344028751325452 ], [ -75.42625109173018, 6.344116201449327 ], [ -75.426241105872023, 6.344229277905274 ], [ -75.426210628419, 6.344368100845539 ], [ -75.42619048334619, 6.344527451510705 ], [ -75.426169979942799, 6.344594553648895 ], [ -75.426109242806263, 6.344702091271915 ], [ -75.426038868648149, 6.344786296965533 ], [ -75.42600872822112, 6.344830067175585 ], [ -75.426008832870551, 6.344870397883033 ], [ -75.426014471117128, 6.344950662398593 ], [ -75.426037601870661, 6.345209045966838 ], [ -75.426044688656205, 6.345414599880596 ], [ -75.426054101196627, 6.345512694761631 ], [ -75.426010196290179, 6.345687324344762 ], [ -75.425962678764179, 6.345936013573203 ], [ -75.425907864324088, 6.346221281934307 ], [ -75.425836736718196, 6.346356393344493 ], [ -75.425739929168827, 6.346518909151246 ], [ -75.425605068008096, 6.346688726183755 ], [ -75.425422730926073, 6.347024199471638 ], [ -75.425399540179086, 6.347215535356657 ], [ -75.425380835671916, 6.347267569219857 ], [ -75.425377899780088, 6.347351249798084 ], [ -75.425344886281266, 6.347445920010701 ], [ -75.425325271590353, 6.347493635653574 ], [ -75.425317568381459, 6.347548565485928 ], [ -75.425363931913225, 6.347636959476889 ], [ -75.42539255068435, 6.347720944351206 ], [ -75.425443894057054, 6.34785416335437 ], [ -75.425444117965569, 6.347940449652692 ], [ -75.425452146847221, 6.348011027095809 ], [ -75.425547052301511, 6.348232217189491 ], [ -75.425617969548, 6.34834969677653 ], [ -75.425670414913142, 6.348480366202713 ], [ -75.425704944709722, 6.348608331310089 ], [ -75.425720900794843, 6.348710265193054 ], [ -75.425783870479648, 6.348788544043274 ], [ -75.425808008558121, 6.349019886900413 ], [ -75.425816047805554, 6.349094386439011 ], [ -75.425820514542707, 6.349423904184336 ], [ -75.425807125788054, 6.349513522156353 ], [ -75.425797152413196, 6.349590904475634 ], [ -75.425802261346888, 6.349747204101236 ], [ -75.425820935053366, 6.34985209340756 ], [ -75.425855537823864, 6.349958324450327 ], [ -75.426136053727646, 6.350170558138326 ], [ -75.426401770761757, 6.350153816531385 ], [ -75.426575554120276, 6.350241777076363 ], [ -75.426680392177147, 6.350443610033369 ], [ -75.426825304343652, 6.350553409659626 ], [ -75.42689891141319, 6.350623532291596 ], [ -75.426992288867936, 6.350724963672537 ], [ -75.427054009288867, 6.350843712393734 ], [ -75.42715310275247, 6.350994112778444 ], [ -75.427275413042054, 6.351140759823236 ], [ -75.427346350575419, 6.351251000340461 ], [ -75.427356726909139, 6.351304373352558 ], [ -75.427368547015618, 6.351381319251384 ], [ -75.427388626654889, 6.351458573616828 ], [ -75.42741629821721, 6.35153306002241 ], [ -75.427458810532002, 6.351629913744356 ], [ -75.427516410930522, 6.351691354179702 ], [ -75.427605111433635, 6.351773194046888 ], [ -75.427620617248508, 6.351898409113726 ], [ -75.427626078797715, 6.3521014179889 ], [ -75.427668198746446, 6.352325295466968 ], [ -75.4277144576821, 6.352472953918553 ], [ -75.4277828016033, 6.352607256832737 ], [ -75.427846382438489, 6.352721977667843 ], [ -75.42790924196531, 6.352884170048779 ], [ -75.427956101364018, 6.353007301036393 ], [ -75.427989364456892, 6.353098438274754 ], [ -75.42800407463821, 6.353183458467544 ], [ -75.42802770774432, 6.353301478982061 ], [ -75.428109259896175, 6.353638804303793 ], [ -75.428111916383756, 6.353830259845046 ], [ -75.428049358129286, 6.353993700963541 ], [ -75.427960700521595, 6.354223449589456 ], [ -75.427923456265916, 6.354292647302326 ], [ -75.428093247845396, 6.354385960089947 ], [ -75.427804098267373, 6.354550658851786 ], [ -75.427411103383946, 6.354807181063176 ], [ -75.427150572491257, 6.354990445182511 ], [ -75.426951589589677, 6.355114644330445 ], [ -75.426709023641024, 6.355207063510678 ], [ -75.42668359196729, 6.355344644298762 ], [ -75.42655515961647, 6.355542655964143 ], [ -75.426460976895811, 6.355792728268154 ], [ -75.426429225178381, 6.355986299778172 ], [ -75.426429225178381, 6.355986299778172 ], [ -75.426832119504212, 6.356210526483101 ], [ -75.426983538383851, 6.356280460069507 ], [ -75.427100918803944, 6.356334672771471 ], [ -75.427118795155437, 6.356303783746291 ], [ -75.42713828339231, 6.356264742942452 ], [ -75.427151387344082, 6.356244639743165 ], [ -75.427177253525826, 6.356227640231789 ], [ -75.427203733163395, 6.35622241840302 ], [ -75.427355438568753, 6.356183209537346 ], [ -75.427458111050683, 6.356187798012134 ], [ -75.427514439791665, 6.356208749612146 ], [ -75.427544632152888, 6.356234778159798 ], [ -75.427579229287005, 6.356250807686809 ], [ -75.427635675385403, 6.356252963070613 ], [ -75.427774724406305, 6.356215104343303 ], [ -75.427851125498421, 6.3561856429251 ], [ -75.427897695305163, 6.356165554467008 ], [ -75.428001884173881, 6.356174597742691 ], [ -75.428053334686879, 6.356190811217959 ], [ -75.427804474845146, 6.356816129866099 ], [ -75.427751460684348, 6.357150277766749 ], [ -75.427740273785957, 6.357448230760563 ], [ -75.427698305587569, 6.357455972702421 ], [ -75.427664051026113, 6.357494224987256 ], [ -75.427484564494932, 6.357518849800576 ], [ -75.427316037438686, 6.357503246029396 ], [ -75.427195753435839, 6.357527623612237 ], [ -75.42715971208375, 6.357551781857332 ], [ -75.427085519248081, 6.357559996450757 ], [ -75.426991216484197, 6.357548209924799 ], [ -75.426943046484297, 6.357536303241607 ], [ -75.426918945919553, 6.35752433387247 ], [ -75.426878152935231, 6.357518942283937 ], [ -75.42683735995108, 6.357513550692001 ], [ -75.42673454283684, 6.357529243731658 ], [ -75.42655973895522, 6.357550266051655 ], [ -75.426380032984085, 6.357663853269802 ], [ -75.42630812643236, 6.357700033061336 ], [ -75.42626190749634, 6.357725862332456 ], [ -75.426194289796541, 6.357689965500803 ], [ -75.426137858676753, 6.357744101191042 ], [ -75.426091546136135, 6.357733938134211 ], [ -75.426101711607956, 6.357687635574932 ], [ -75.426029731407695, 6.357695535568822 ], [ -75.425978342945456, 6.357711094727894 ], [ -75.425926874095722, 6.357695803249332 ], [ -75.425901146355685, 6.357690728429287 ], [ -75.425870302580975, 6.357695950464875 ], [ -75.425818900569425, 6.357706367872295 ], [ -75.425762302317764, 6.357696231495789 ], [ -75.425715956366844, 6.357673214006246 ], [ -75.425669610419391, 6.357650196511656 ], [ -75.42559755199909, 6.357648869204821 ], [ -75.42551280917634, 6.357630272655199 ], [ -75.425484561511496, 6.357624073802103 ], [ -75.425440727468327, 6.357655549528982 ], [ -75.425403118365864, 6.357668191936459 ], [ -75.425327753279547, 6.357637026387827 ], [ -75.425258726897908, 6.357630933592344 ], [ -75.42519607215651, 6.357662458254456 ], [ -75.425108224914766, 6.357656414390369 ], [ -75.425039214823528, 6.357656593863432 ], [ -75.424932660790546, 6.357694504895504 ], [ -75.424882488015896, 6.357700907704032 ], [ -75.424851071093883, 6.357682172375176 ], [ -75.424737998961746, 6.357626015416137 ], [ -75.424618783504599, 6.357620053128929 ], [ -75.424392786089925, 6.357564189652506 ], [ -75.424104101138028, 6.357527306007388 ], [ -75.423909455529255, 6.357465088480371 ], [ -75.423647200747169, 6.357441194650569 ], [ -75.42365470055249, 6.357474527793542 ], [ -75.423653341697786, 6.357498692452173 ], [ -75.423651913897658, 6.357524083176912 ], [ -75.42364912724328, 6.35757363856029 ], [ -75.423626183967414, 6.357719428024871 ], [ -75.423629219611939, 6.357765838153742 ], [ -75.423632255257857, 6.357812248282398 ], [ -75.423647132002884, 6.357852730984151 ], [ -75.423617075719477, 6.357898060294618 ], [ -75.423556845407134, 6.357943467993071 ], [ -75.423511643518395, 6.357966211032687 ], [ -75.423436248024061, 6.357981490630842 ], [ -75.423356983089619, 6.357959070911599 ], [ -75.423319236411842, 6.357947856148732 ], [ -75.423277737587611, 6.357944193000158 ], [ -75.423236248548079, 6.357944300758716 ], [ -75.423217389958211, 6.357944349738613 ], [ -75.42318725535209, 6.357959511747675 ], [ -75.423179819544998, 6.358001011356446 ], [ -75.423179848898542, 6.358012324088451 ], [ -75.423187421689619, 6.358023617315317 ], [ -75.423217683502145, 6.358057477229814 ], [ -75.423263159403291, 6.358140319706381 ], [ -75.42316527053768, 6.358208450799998 ], [ -75.423154092363447, 6.358261273023582 ], [ -75.423150575047373, 6.358359326583387 ], [ -75.423158050189826, 6.358407079895127 ], [ -75.423219035497411, 6.358526379140183 ], [ -75.423257105015452, 6.35866203412029 ], [ -75.423325270342872, 6.358767443253269 ], [ -75.423370726771637, 6.358842744053823 ], [ -75.423416203074666, 6.358925586494117 ], [ -75.423461639957068, 6.35899334528747 ], [ -75.423492048680757, 6.359083768905951 ], [ -75.423492224874053, 6.359151645286414 ], [ -75.423515188337618, 6.359279797598645 ], [ -75.423515247071336, 6.359302423058434 ], [ -75.423541978154958, 6.359344861636071 ], [ -75.423568709243384, 6.359387300211337 ], [ -75.423651902925357, 6.359470044602967 ], [ -75.423697261572471, 6.359507636253355 ], [ -75.423765231300777, 6.359537627091942 ], [ -75.423863414033931, 6.359582623133397 ], [ -75.423954288348725, 6.359718140581815 ], [ -75.42401494941204, 6.359838652978877 ], [ -75.424053058756044, 6.359989391464942 ], [ -75.424068890049043, 6.360275941499977 ], [ -75.424069007583682, 6.360321192407518 ], [ -75.424099573252974, 6.360471950489377 ], [ -75.424088542104215, 6.360581336266011 ], [ -75.424077510955598, 6.360690722042956 ], [ -75.424059741219594, 6.360777406765396 ], [ -75.424063134682555, 6.360866369688861 ], [ -75.42409360245766, 6.360979418673394 ], [ -75.424154204980965, 6.361077305385383 ], [ -75.424260029504651, 6.361159990750443 ], [ -75.424464037177358, 6.36128767210466 ], [ -75.424675588422176, 6.3614153335599 ], [ -75.424713423729571, 6.361460486505466 ], [ -75.424728726321803, 6.361543407227201 ], [ -75.424732723495922, 6.361630128379359 ], [ -75.424736720674431, 6.361716849530928 ], [ -75.424751527839732, 6.361810363792324 ], [ -75.424756993734277, 6.36186361320311 ], [ -75.424783728159099, 6.36190082804929 ], [ -75.424839826129016, 6.361961935246003 ], [ -75.424863862226601, 6.361985841285757 ], [ -75.424893218990931, 6.362007070245864 ], [ -75.42492257575752, 6.362028299203772 ], [ -75.424949282508763, 6.362054861521813 ], [ -75.424965431304273, 6.362118735712722 ], [ -75.424992498118343, 6.362283782275104 ], [ -75.425072743081657, 6.362411405861455 ], [ -75.425126521739472, 6.362449465668004 ], [ -75.425137260025565, 6.362481395823458 ], [ -75.425212108352611, 6.362582401609539 ], [ -75.425249553163454, 6.362640894054424 ], [ -75.425308460739771, 6.362757920361965 ], [ -75.425346157886239, 6.362870184181409 ], [ -75.425351706995897, 6.362955391280205 ], [ -75.425335946004665, 6.363040654029291 ], [ -75.425293464608941, 6.363094028066407 ], [ -75.42527762048806, 6.363147332758119 ], [ -75.425242281374011, 6.363144175387538 ], [ -75.425145610058351, 6.363089627242211 ], [ -75.425152461774886, 6.363137870305169 ], [ -75.425156142975283, 6.363159604013471 ], [ -75.425202003970696, 6.363250711875352 ], [ -75.425263019982637, 6.363321507344952 ], [ -75.42529364663676, 6.363402518299593 ], [ -75.425299530415117, 6.363458991935794 ], [ -75.42485252066507, 6.363404385518864 ], [ -75.424796808654506, 6.363432436016811 ], [ -75.424685445702508, 6.363544347855819 ], [ -75.424601968598679, 6.36363756643935 ], [ -75.424490321124068, 6.363623904197785 ], [ -75.424364612958939, 6.363582373000978 ], [ -75.424322696238278, 6.363568529297372 ], [ -75.424182603539151, 6.363536141751188 ], [ -75.423894084068607, 6.363481081166804 ], [ -75.423437716006106, 6.363296256874383 ], [ -75.423422750398387, 6.363352931253979 ], [ -75.423400433290084, 6.36343744556696 ], [ -75.423333647308127, 6.363730397614648 ], [ -75.423334232334255, 6.36395562988559 ], [ -75.4233909598412, 6.364124394984938 ], [ -75.423458957867382, 6.364281856320908 ], [ -75.423504323463831, 6.364394355244925 ], [ -75.423560875544098, 6.364495550627854 ], [ -75.423662471468461, 6.364585379920591 ], [ -75.423730177087862, 6.364630250582102 ], [ -75.423805692542999, 6.364770780620339 ], [ -75.423907348568363, 6.364821081681921 ], [ -75.424043767472071, 6.364868149459692 ], [ -75.4241427643516, 6.364895351028421 ], [ -75.424201814947665, 6.36492357238083 ], [ -75.424236351658124, 6.364966529311181 ], [ -75.424336019922592, 6.36525195709318 ], [ -75.424314215119352, 6.365323422863687 ], [ -75.424303330363628, 6.365361904166306 ], [ -75.424336505514759, 6.365438723787804 ], [ -75.424391693402484, 6.365499811587069 ], [ -75.424446881303538, 6.365560899377556 ], [ -75.424480100251074, 6.365670700424257 ], [ -75.424535344051819, 6.365769424777895 ], [ -75.424590488753111, 6.365846187183722 ], [ -75.424612486824714, 6.365857123772866 ], [ -75.424728400895972, 6.365912084619613 ], [ -75.424794501820131, 6.365977837374396 ], [ -75.42483304464308, 6.366010693070578 ], [ -75.424987086581666, 6.366076229578467 ], [ -75.425196101811849, 6.366152591207446 ], [ -75.425306048402391, 6.366174267046926 ], [ -75.425383411087182, 6.366184982870402 ], [ -75.425460268137343, 6.366162820487332 ], [ -75.42561944879138, 6.36609646824841 ], [ -75.42572919481141, 6.366075770860772 ], [ -75.425784340372246, 6.366090000054592 ], [ -75.425814327789936, 6.366104294702698 ], [ -75.425880966690073, 6.366131649357117 ], [ -75.425952519622541, 6.366150431501813 ], [ -75.425987421072875, 6.366156153638567 ], [ -75.426060115884596, 6.366161777284304 ], [ -75.426117267434677, 6.366181476935467 ], [ -75.426170724357675, 6.366214462661888 ], [ -75.426244945684658, 6.366247038294381 ], [ -75.426266768629375, 6.366254247679128 ], [ -75.426316190766101, 6.366254118860552 ], [ -75.426356861192943, 6.366242386862651 ], [ -75.426380111167703, 6.366239419716792 ], [ -75.426529306178594, 6.366342478300541 ], [ -75.42663090579704, 6.366376430284776 ], [ -75.426700830560947, 6.366391715621146 ], [ -75.426733544455658, 6.366391259678722 ], [ -75.42674196937736, 6.366390794745467 ], [ -75.426760765933508, 6.366387942608425 ], [ -75.426788435755867, 6.366804712419822 ], [ -75.426744889757458, 6.366888355360537 ], [ -75.426676706301009, 6.366954904386986 ], [ -75.426548429177842, 6.367107272426531 ], [ -75.426387791994472, 6.367332149319753 ], [ -75.426363237831794, 6.367292464588944 ], [ -75.426179412320508, 6.367481318474978 ], [ -75.42566822321804, 6.367589534740405 ], [ -75.425491256585133, 6.367597579165556 ], [ -75.425425492456682, 6.367587639426562 ], [ -75.425243265174132, 6.367517335807173 ], [ -75.425093044638331, 6.36755624963103 ], [ -75.424977275753207, 6.36757698561848 ], [ -75.424755027240892, 6.367611036422915 ], [ -75.424754959213217, 6.367584889350558 ], [ -75.424754891185827, 6.367558742278177 ], [ -75.424744380829097, 6.367539943488639 ], [ -75.42472550963079, 6.367524304259912 ], [ -75.424706638433591, 6.367508665030245 ], [ -75.424683593538703, 6.367497220161834 ], [ -75.424660548644667, 6.367485775292175 ], [ -75.424620779504309, 6.367479603649267 ], [ -75.424610318287193, 6.367479630887553 ], [ -75.424586216406254, 6.367464005175036 ], [ -75.424572597667961, 6.367456719349128 ], [ -75.424508856322106, 6.3674630038412 ], [ -75.424473150810243, 6.367473303696757 ], [ -75.424452719305364, 6.367468253440668 ], [ -75.42440930377893, 6.367458159570863 ], [ -75.424383747648051, 6.367445467673327 ], [ -75.42437860990664, 6.367432722523667 ], [ -75.424369630434313, 6.367414883926359 ], [ -75.424347909400112, 6.367404733573824 ], [ -75.424312203886473, 6.367415033418086 ], [ -75.42427640546336, 6.367389609554368 ], [ -75.424217702816307, 6.367389762260149 ], [ -75.424066430352468, 6.367315887573303 ], [ -75.424039862197688, 6.36729323960944 ], [ -75.424017125130902, 6.367287619505785 ], [ -75.423992534050129, 6.367297149030509 ], [ -75.423971636550306, 6.36727070024833 ], [ -75.42392900020576, 6.367258506037671 ], [ -75.423898617886437, 6.367225456141982 ], [ -75.423846561022529, 6.367231270785527 ], [ -75.423791917598052, 6.367255261845496 ], [ -75.423767083858152, 6.367257107552121 ], [ -75.423738500525957, 6.367268375517681 ], [ -75.423726099302172, 6.367283332478245 ], [ -75.423708683080093, 6.367283377793859 ], [ -75.423693780664067, 6.367293366557107 ], [ -75.423663930725539, 6.3672959316228 ], [ -75.423634100184245, 6.36730595903156 ], [ -75.423583089177413, 6.367303604347096 ], [ -75.423524581701201, 6.367288831769721 ], [ -75.423454874537939, 6.367260143846921 ], [ -75.423393808746752, 6.367306180827113 ], [ -75.423337045331451, 6.367325990675662 ], [ -75.42326934473472, 6.367341459355008 ], [ -75.423225681193301, 6.367356865699734 ], [ -75.4231820513928, 6.367385380018528 ], [ -75.423143657150078, 6.367421264688836 ], [ -75.423121000200155, 6.367418933377385 ], [ -75.423098343250231, 6.367416602064893 ], [ -75.423067539273063, 6.367402700035479 ], [ -75.423056249285025, 6.367363579629445 ], [ -75.423039415869752, 6.367344048330086 ], [ -75.423016988802289, 6.367324531769827 ], [ -75.423008553773016, 6.367307775288598 ], [ -75.423000137226126, 6.367298009637428 ], [ -75.422974909384223, 6.367277102027848 ], [ -75.422963684795604, 6.367263149073707 ], [ -75.422962217202439, 6.367236587030257 ], [ -75.422971959665304, 6.36721838485127 ], [ -75.422973259996041, 6.367180629837454 ], [ -75.422940959543624, 6.367128980055292 ], [ -75.422926930550588, 6.367112237924489 ], [ -75.422921307520639, 6.367101066869855 ], [ -75.422919770914874, 6.367047938951386 ], [ -75.422862278820688, 6.366989363593375 ], [ -75.422775308412454, 6.366888918628695 ], [ -75.422726101273284, 6.366837961471445 ], [ -75.422597636868034, 6.366868072557224 ], [ -75.422543008310825, 6.366794000864907 ], [ -75.422511463597544, 6.366750198525616 ], [ -75.422492348489413, 6.366728628024361 ], [ -75.422307757297958, 6.366610675094352 ], [ -75.422268765394492, 6.366595932391044 ], [ -75.422057320014218, 6.366629347222992 ], [ -75.422041867494912, 6.366486913488195 ], [ -75.421977674811174, 6.366411806755086 ], [ -75.421913482146707, 6.366336700009868 ], [ -75.421837776259849, 6.366171300029056 ], [ -75.421790797806821, 6.366028093715775 ], [ -75.421781769924678, 6.366005211158718 ], [ -75.421744565163962, 6.365945645046545 ], [ -75.421610967968107, 6.365875131369553 ], [ -75.421510767345069, 6.365821187517093 ], [ -75.421423129327607, 6.365800587984905 ], [ -75.421393923847475, 6.365796493300417 ], [ -75.421343828942469, 6.365771600224506 ], [ -75.421327065756799, 6.365738292292486 ], [ -75.421310302573616, 6.365704984359423 ], [ -75.421276841129298, 6.365663391483358 ], [ -75.421235105574041, 6.365638476687556 ], [ -75.421093246501201, 6.365605506287589 ], [ -75.421063868054702, 6.365534721855169 ], [ -75.42105127437506, 6.36550557361161 ], [ -75.421042827314253, 6.365455574719811 ], [ -75.420934170178882, 6.365364130684054 ], [ -75.420842254619004, 6.365297666330379 ], [ -75.420683524419104, 6.36518969558577 ], [ -75.420508290560733, 6.36514847054768 ], [ -75.420340042507405, 6.365129259278591 ], [ -75.420114052877963, 6.365051705889166 ], [ -75.419957558899, 6.364982654579359 ], [ -75.419818478291802, 6.36493092223253 ], [ -75.419783651616228, 6.364896283842405 ], [ -75.419783516644827, 6.364844191128617 ], [ -75.41982677989057, 6.364783303778915 ], [ -75.419835283951812, 6.364713824307326 ], [ -75.419809029131898, 6.364635752711908 ], [ -75.419748037941744, 6.36455777136581 ], [ -75.419626100601036, 6.364419172703827 ], [ -75.41955642544626, 6.364341213839275 ], [ -75.419251919734876, 6.364124948838186 ], [ -75.419008180463095, 6.363899844041228 ], [ -75.418703450485211, 6.363596757378494 ], [ -75.418276806652358, 6.363163753544707 ], [ -75.418048849037589, 6.362974257451521 ], [ -75.417895595819203, 6.362847676170243 ], [ -75.417828069904118, 6.362790840940942 ], [ -75.417718484400751, 6.362692796499868 ], [ -75.417632127030899, 6.362619450741286 ], [ -75.417628054226313, 6.362587678501446 ], [ -75.417584346943883, 6.362579858682948 ], [ -75.417508716483923, 6.362540313187971 ], [ -75.417448944869136, 6.362476889551501 ], [ -75.417393040633442, 6.362365781720487 ], [ -75.417354823100041, 6.362287877599325 ], [ -75.417312692476955, 6.362239968079821 ], [ -75.417270561861883, 6.36219205855516 ], [ -75.416949778395974, 6.361956838733154 ], [ -75.416801219622684, 6.361769153538426 ], [ -75.416656714340121, 6.361589492771471 ], [ -75.416568790368189, 6.361442684463438 ], [ -75.416546610487742, 6.361425251772681 ], [ -75.416414842922364, 6.361444417267943 ], [ -75.416313214852067, 6.361362337123702 ], [ -75.416186504085303, 6.361301780904652 ], [ -75.416129510693963, 6.361289276323764 ], [ -75.416025037727422, 6.361214354804707 ], [ -75.415936194810797, 6.361150605042501 ], [ -75.41590129449186, 6.36111273952807 ], [ -75.415901114829182, 6.361043154525332 ], [ -75.415887840925052, 6.360815454570427 ], [ -75.415824608588693, 6.360647980245826 ], [ -75.415710689163916, 6.360470000083441 ], [ -75.415668350816418, 6.360331763604251 ], [ -75.415639806037717, 6.360227080439246 ], [ -75.415618026448726, 6.360162308446353 ], [ -75.415498841723377, 6.360043749638259 ], [ -75.415390801835301, 6.360011633703077 ], [ -75.415207163855726, 6.360033713156761 ], [ -75.415055926692091, 6.360061116552747 ], [ -75.414957603937026, 6.360071018305804 ], [ -75.414904809038646, 6.360070118303784 ], [ -75.414753368896982, 6.360067305414531 ], [ -75.414623430329058, 6.359981194640184 ], [ -75.414525962770114, 6.359895025520093 ], [ -75.414460798464447, 6.359776326971391 ], [ -75.414459354677234, 6.359688838652047 ], [ -75.414502411988366, 6.359623886478838 ], [ -75.414480555893277, 6.359537522174707 ], [ -75.414361399432551, 6.35942977828867 ], [ -75.414209828280519, 6.359311302661122 ], [ -75.414112291039018, 6.359214318255447 ], [ -75.414090477043558, 6.359127953807914 ], [ -75.414095600632251, 6.359014803232223 ], [ -75.414089693564577, 6.358921775558803 ], [ -75.414100099298722, 6.358770486927884 ], [ -75.414121259085547, 6.358586750025729 ], [ -75.414121064152809, 6.35851111963605 ], [ -75.414077644809367, 6.358435600754234 ], [ -75.414007766759553, 6.358351964205346 ], [ -75.413904405932286, 6.358311785935041 ], [ -75.41386114662086, 6.358306502593648 ], [ -75.413823278244408, 6.358290389997834 ], [ -75.4137537143054, 6.35824501744079 ], [ -75.41366637940078, 6.358198953466546 ], [ -75.413633839274169, 6.358155827006605 ], [ -75.41358509865286, 6.358118137238556 ], [ -75.4135390596945, 6.358081693184197 ], [ -75.413509292354277, 6.358058899310921 ], [ -75.41349299447397, 6.358026533551626 ], [ -75.413492771790473, 6.357940087864645 ], [ -75.413535150153777, 6.357838381453738 ], [ -75.413543333825928, 6.357677743605086 ], [ -75.413550589763346, 6.357437609416254 ], [ -75.413541716284115, 6.357123214440863 ], [ -75.413589620628073, 6.356937665144611 ], [ -75.413661986047416, 6.356856858626172 ], [ -75.413678262614596, 6.356782873063353 ], [ -75.413734438162223, 6.356677922384988 ], [ -75.413944130259466, 6.356527331008794 ], [ -75.414000061469167, 6.356491811581145 ], [ -75.414088595485609, 6.356427087297781 ], [ -75.414103121533245, 6.356315276799989 ], [ -75.414079908762403, 6.35618524990505 ], [ -75.41399874883254, 6.356015261625234 ], [ -75.414006438577232, 6.355870125892137 ], [ -75.414038319235701, 6.355724927782173 ], [ -75.414037903869712, 6.355563688983329 ], [ -75.414061551551555, 6.355352686668331 ], [ -75.414133584245249, 6.355142889062766 ], [ -75.414205928602357, 6.355054020656998 ], [ -75.41424591447732, 6.354924925617075 ], [ -75.414237643048665, 6.354844327015277 ], [ -75.41418099007376, 6.354763853163849 ], [ -75.41407595504873, 6.354683504043525 ], [ -75.413986860649885, 6.354530555896808 ], [ -75.413869657784232, 6.354422021063022 ], [ -75.413821058008224, 6.354337495425486 ], [ -75.413834795682334, 6.354207518580981 ], [ -75.413932603648249, 6.354084274682946 ], [ -75.413968511044985, 6.353891998132524 ], [ -75.413952072355585, 6.353771110591638 ], [ -75.413872942051583, 6.353625396019315 ], [ -75.413733486369708, 6.353503724762789 ], [ -75.413660644124889, 6.353399106516941 ], [ -75.41366331446838, 6.353282373895859 ], [ -75.413698686615916, 6.35318433556936 ], [ -75.413689459619818, 6.353059699263758 ], [ -75.41365271256376, 6.352964956133852 ], [ -75.413229046246144, 6.352518666331046 ], [ -75.41370776648651, 6.352197801394228 ], [ -75.413226050321782, 6.351354301275845 ], [ -75.41326401327315, 6.351238588774549 ], [ -75.413298186246365, 6.350959428899317 ], [ -75.413290687465221, 6.350757121202963 ], [ -75.413247224736068, 6.350259234522121 ], [ -75.413169152356303, 6.34982765500155 ], [ -75.413186632077483, 6.349573015478917 ], [ -75.413164652981578, 6.349387375425325 ], [ -75.41315877551213, 6.349223726453825 ], [ -75.41320347238063, 6.348893413018071 ], [ -75.413555584270739, 6.348675996919761 ], [ -75.413824380900763, 6.348536410291502 ], [ -75.413853514769698, 6.348527226421248 ], [ -75.414167705045827, 6.348485079473426 ], [ -75.414291506273557, 6.348461541171669 ], [ -75.414453973918967, 6.34842242342064 ], [ -75.414601038891107, 6.348414304701274 ], [ -75.41468623306686, 6.348429564760795 ], [ -75.414833457269182, 6.348483364126176 ], [ -75.414972920309154, 6.348529443654415 ], [ -75.415019467843237, 6.348568022853646 ], [ -75.415042791265904, 6.348606661805493 ], [ -75.415089478336228, 6.348699419397365 ], [ -75.415198016108391, 6.348761058150767 ], [ -75.415337558985073, 6.348838096626021 ], [ -75.415399549215877, 6.348861156273237 ], [ -75.415538892746525, 6.34886079696513 ], [ -75.41582534098518, 6.34886779811466 ], [ -75.415970161811629, 6.348884453802125 ], [ -75.416042247914348, 6.348678561148909 ], [ -75.416057626605081, 6.348616378318732 ], [ -75.416083297614421, 6.348528275946801 ], [ -75.416139939514835, 6.348398664873393 ], [ -75.416268921884949, 6.348201545378988 ], [ -75.416396811985351, 6.348247668736821 ], [ -75.416491417053606, 6.348112935187944 ], [ -75.416522320980391, 6.348045533658582 ], [ -75.41656368618051, 6.347888477747853 ], [ -75.416573885023411, 6.347826308283812 ], [ -75.416563192264164, 6.347696870937817 ], [ -75.416562951985952, 6.347603656782021 ], [ -75.416578210293522, 6.347494866823363 ], [ -75.416603761055725, 6.347360157427554 ], [ -75.416598394752398, 6.347287670845466 ], [ -75.416608580245793, 6.347220322777359 ], [ -75.416629058365515, 6.347127055271875 ], [ -75.416618325425461, 6.34698208221368 ], [ -75.416609398628722, 6.346872648432081 ], [ -75.416416927505352, 6.346648122494313 ], [ -75.416335772112035, 6.346538596594891 ], [ -75.416289276364083, 6.346428981176808 ], [ -75.4162831723728, 6.346301935087083 ], [ -75.416311727982603, 6.346174799499839 ], [ -75.416363285977155, 6.34600717593757 ], [ -75.416391797095173, 6.345862713872825 ], [ -75.416385797108049, 6.345776096272006 ], [ -75.416278686868822, 6.345330802698222 ], [ -75.416239884982375, 6.345158326718844 ], [ -75.416239489820555, 6.34500492690848 ], [ -75.416287140061598, 6.344889753418549 ], [ -75.416392252100181, 6.344745668993154 ], [ -75.416593034739194, 6.344515049977347 ], [ -75.416706079320704, 6.344413740442223 ], [ -75.416919561406928, 6.344233661955883 ] ] ] ] } },
{ "type": "Feature", "properties": { "FID_": 0, "Name": "El Yarumo" }, "geometry": { "type": "MultiPolygon", "coordinates": [ [ [ [ -75.412012612495133, 6.349519253620209 ], [ -75.412278027343959, 6.349397284310574 ], [ -75.412399248143089, 6.34936231920221 ], [ -75.41250894532746, 6.3493389347635 ], [ -75.412566711929358, 6.349338786124144 ], [ -75.41267619802862, 6.349347624565581 ], [ -75.412764353703949, 6.349284289641837 ], [ -75.413015285747335, 6.349063625610214 ], [ -75.41320347238063, 6.348893413018071 ], [ -75.413158775512144, 6.349223726453824 ], [ -75.413164652981578, 6.349387375425325 ], [ -75.413186632077483, 6.349573015478917 ], [ -75.413169152356303, 6.34982765500155 ], [ -75.413247224736068, 6.350259234522121 ], [ -75.413290687465221, 6.350757121202963 ], [ -75.413298186246365, 6.350959428899317 ], [ -75.41326401327315, 6.351238588774549 ], [ -75.413226050321782, 6.351354301275845 ], [ -75.41370776648651, 6.352197801394228 ], [ -75.413229046246144, 6.352518666331046 ], [ -75.41365271256376, 6.352964956133852 ], [ -75.413689459619818, 6.353059699263758 ], [ -75.413698686615916, 6.35318433556936 ], [ -75.41366331446838, 6.353282373895859 ], [ -75.413660644124889, 6.353399106516941 ], [ -75.413733486369708, 6.353503724762789 ], [ -75.413872942051583, 6.353625396019315 ], [ -75.413952072355585, 6.353771110591638 ], [ -75.413968511044985, 6.353891998132524 ], [ -75.413932603648249, 6.354084274682946 ], [ -75.413834795682334, 6.354207518580981 ], [ -75.413821058008224, 6.354337495425486 ], [ -75.413869657784232, 6.354422021063022 ], [ -75.413986860649885, 6.354530555896808 ], [ -75.41407595504873, 6.354683504043525 ], [ -75.41418099007376, 6.354763853163849 ], [ -75.414237643048665, 6.354844327015277 ], [ -75.41424591447732, 6.354924925617075 ], [ -75.414205928602357, 6.355054020656998 ], [ -75.414133584245263, 6.355142889062766 ], [ -75.414061551551555, 6.355352686668331 ], [ -75.414037903869712, 6.355563688983329 ], [ -75.414038319235701, 6.355724927782173 ], [ -75.414006438577232, 6.355870125892137 ], [ -75.41399874883254, 6.356015261625234 ], [ -75.414079908762403, 6.35618524990505 ], [ -75.414103121533245, 6.356315276799989 ], [ -75.414088595485609, 6.356427087297781 ], [ -75.414000061469167, 6.356491811581145 ], [ -75.413944130259466, 6.356527331008794 ], [ -75.413734438162223, 6.356677922384988 ], [ -75.413678262614596, 6.356782873063353 ], [ -75.413661986047416, 6.356856858626172 ], [ -75.413589620628073, 6.356937665144611 ], [ -75.413541716284115, 6.357123214440863 ], [ -75.413550589763346, 6.357437609416254 ], [ -75.413543333825928, 6.357677743605086 ], [ -75.413535150153777, 6.357838381453738 ], [ -75.413492771790473, 6.357940087864645 ], [ -75.41349299447397, 6.358026533551626 ], [ -75.413509292354277, 6.358058899310921 ], [ -75.4135390596945, 6.358081693184197 ], [ -75.41358509865286, 6.358118137238556 ], [ -75.413633839274169, 6.358155827006605 ], [ -75.41366637940078, 6.358198953466546 ], [ -75.4137537143054, 6.35824501744079 ], [ -75.413823278244408, 6.358290389997834 ], [ -75.413861146620874, 6.358306502593648 ], [ -75.413904405932286, 6.358311785935041 ], [ -75.414007766759553, 6.358351964205346 ], [ -75.414077644809367, 6.358435600754234 ], [ -75.414121064152809, 6.35851111963605 ], [ -75.414121259085547, 6.358586750025728 ], [ -75.414100099298722, 6.358770486927884 ], [ -75.414089693564577, 6.358921775558803 ], [ -75.414095600632251, 6.359014803232223 ], [ -75.414090477043558, 6.359127953807914 ], [ -75.414112291039018, 6.359214318255447 ], [ -75.414209828280519, 6.359311302661122 ], [ -75.414361399432551, 6.35942977828867 ], [ -75.414480555893277, 6.359537522174707 ], [ -75.414502411988366, 6.359623886478838 ], [ -75.414459354677234, 6.359688838652047 ], [ -75.414460798464447, 6.359776326971391 ], [ -75.414525962770114, 6.359895025520093 ], [ -75.414623430329058, 6.359981194640184 ], [ -75.414753368896996, 6.360067305414531 ], [ -75.414904809038646, 6.360070118303784 ], [ -75.414957603937026, 6.360071018305804 ], [ -75.415055926692091, 6.360061116552747 ], [ -75.415207163855726, 6.360033713156761 ], [ -75.415390801835301, 6.360011633703077 ], [ -75.415498841723377, 6.360043749638259 ], [ -75.415618026448726, 6.360162308446353 ], [ -75.415639806037717, 6.360227080439246 ], [ -75.415668350816418, 6.360331763604251 ], [ -75.415710689163916, 6.360470000083441 ], [ -75.415824608588693, 6.360647980245826 ], [ -75.415887840925066, 6.360815454570427 ], [ -75.415901114829197, 6.361043154525332 ], [ -75.41590129449186, 6.36111273952807 ], [ -75.415936194810797, 6.361150605042501 ], [ -75.416025037727422, 6.361214354804707 ], [ -75.416129510693963, 6.361289276323764 ], [ -75.416186504085303, 6.36130178090465 ], [ -75.416313214852067, 6.361362337123702 ], [ -75.416414842922364, 6.361444417267943 ], [ -75.416546610487742, 6.361425251772681 ], [ -75.416568790368189, 6.361442684463438 ], [ -75.416656714340121, 6.361589492771471 ], [ -75.416801219622684, 6.361769153538426 ], [ -75.416949778395974, 6.361956838733154 ], [ -75.417270561861883, 6.36219205855516 ], [ -75.417312692476955, 6.362239968079821 ], [ -75.417354823100041, 6.362287877599325 ], [ -75.417393040633456, 6.362365781720488 ], [ -75.417448944869136, 6.362476889551501 ], [ -75.417508716483923, 6.362540313187971 ], [ -75.417584346943883, 6.362579858682948 ], [ -75.417628054226313, 6.362587678501446 ], [ -75.417632127030899, 6.362619450741286 ], [ -75.417718484400751, 6.362692796499868 ], [ -75.417554968145907, 6.362764050910803 ], [ -75.41741815270889, 6.362866359354325 ], [ -75.417263302636556, 6.362926346420438 ], [ -75.416997583679446, 6.363062633708206 ], [ -75.416886443954766, 6.36316416192324 ], [ -75.416805936670897, 6.363366877076134 ], [ -75.416694980047623, 6.363539291136187 ], [ -75.416513011575745, 6.363671407890968 ], [ -75.416381624434123, 6.363772988412365 ], [ -75.416351436805215, 6.363843952834404 ], [ -75.416351698469356, 6.363945218369802 ], [ -75.416352051656773, 6.364081901334265 ], [ -75.416352247911959, 6.364157850485149 ], [ -75.416332013786075, 6.36416296612879 ], [ -75.416311779659637, 6.364168081771723 ], [ -75.416240846251227, 6.364158138601826 ], [ -75.416038290126366, 6.364158662408543 ], [ -75.415876385295647, 6.364219815264877 ], [ -75.415724750723044, 6.364321473529587 ], [ -75.415603330001872, 6.364362293913879 ], [ -75.415248861683125, 6.36437333672739 ], [ -75.415125197657972, 6.364375084743811 ], [ -75.415003698421941, 6.364385525322704 ], [ -75.41490244640589, 6.364395913562026 ], [ -75.414781025563116, 6.364436733769981 ], [ -75.414669623770607, 6.364437021560266 ], [ -75.414538011130574, 6.364467741416394 ], [ -75.41444717013843, 6.364589495595217 ], [ -75.414265190295566, 6.364701333009807 ], [ -75.414022332406489, 6.36479309982263 ], [ -75.413749093223799, 6.364864666202434 ], [ -75.413668062181202, 6.364864875388509 ], [ -75.413514757393102, 6.364970720735475 ], [ -75.413228247302541, 6.365125119747857 ], [ -75.41310050959413, 6.365274007362407 ], [ -75.412993167818797, 6.365366469883066 ], [ -75.412788533480125, 6.365489945937397 ], [ -75.412732268334707, 6.365515701028555 ], [ -75.412675921596701, 6.365526100570655 ], [ -75.412573414073734, 6.365505856660378 ], [ -75.412455439696828, 6.36544981402329 ], [ -75.412322117264466, 6.365404065114373 ], [ -75.412234981889341, 6.365399162747983 ], [ -75.412158177815058, 6.365409614990361 ], [ -75.412055681142263, 6.365409879295284 ], [ -75.412004435187029, 6.365394630167343 ], [ -75.411953092630057, 6.365360710391828 ], [ -75.411901750079224, 6.365326790609758 ], [ -75.411791220805142, 6.365312346729663 ], [ -75.411562834062778, 6.365298206448605 ], [ -75.41126084348555, 6.365306349358341 ], [ -75.410988449792285, 6.365365966616462 ], [ -75.410841279679161, 6.365425261330255 ], [ -75.410627871469913, 6.365506820075196 ], [ -75.410399655108094, 6.365558958838432 ], [ -75.410318608959045, 6.365551803136128 ], [ -75.410244910286806, 6.365537264076115 ], [ -75.41006829439705, 6.365603998847017 ], [ -75.409854942756624, 6.365707650266164 ], [ -75.409538522140409, 6.365833660361899 ], [ -75.409191275362474, 6.365955758136668 ], [ -75.408993277045923, 6.366041344099816 ], [ -75.408908307430238, 6.366059456736451 ], [ -75.408846471472728, 6.366044170274406 ], [ -75.408583639270148, 6.365967618459503 ], [ -75.408561723441125, 6.365959585010614 ], [ -75.408310348796064, 6.365963719787488 ], [ -75.408099731005336, 6.366008185464968 ], [ -75.407982004093469, 6.36601584556356 ], [ -75.407790629129963, 6.366001622696698 ], [ -75.407687507281523, 6.365965100487681 ], [ -75.407569742569422, 6.365958045747007 ], [ -75.407459261226265, 6.365921542401743 ], [ -75.407392859377595, 6.365855495898824 ], [ -75.407201409187579, 6.365811843128187 ], [ -75.40710564604062, 6.365775301879451 ], [ -75.407050386654817, 6.365749692778707 ], [ -75.406980319101365, 6.365708741670097 ], [ -75.406980319101365, 6.365708741670097 ], [ -75.406614209148216, 6.365329433113541 ], [ -75.406585404676619, 6.365289334219721 ], [ -75.406556438252181, 6.365186106703667 ], [ -75.406464358283401, 6.36509451932432 ], [ -75.406429798896184, 6.365048696061629 ], [ -75.406412445454137, 6.364997089664008 ], [ -75.406477595530987, 6.364805179071904 ], [ -75.406459271586471, 6.364741676961828 ], [ -75.406458453531144, 6.364422755914029 ], [ -75.40646101502368, 6.364255126103865 ], [ -75.406269363483332, 6.364159936241701 ], [ -75.406244527153277, 6.364113323473339 ], [ -75.406198555553701, 6.364002828808177 ], [ -75.40617310970265, 6.36388723311005 ], [ -75.406157747138721, 6.363721490254382 ], [ -75.405942524430813, 6.363624978951995 ], [ -75.405803564925378, 6.363521338788442 ], [ -75.40576864282815, 6.363424364759375 ], [ -75.405746726397467, 6.363318486626573 ], [ -75.405746175515219, 6.363103561506895 ], [ -75.405738938832016, 6.362985717167478 ], [ -75.405711022472886, 6.362916457692068 ], [ -75.405634510668023, 6.362826523417895 ], [ -75.405252430756789, 6.362564044946578 ], [ -75.404820696248947, 6.362238188172106 ], [ -75.40467512230731, 6.362259360583858 ], [ -75.404480881681422, 6.362232126009576 ], [ -75.404328195344519, 6.362183985422244 ], [ -75.404210164796197, 6.362128822898601 ], [ -75.40411980163509, 6.36204585690345 ], [ -75.403904331506425, 6.361852281453442 ], [ -75.403763966417173, 6.361733008753406 ], [ -75.403590139507727, 6.361553192837996 ], [ -75.403444069061067, 6.361380238872566 ], [ -75.403353511090103, 6.361221008930186 ], [ -75.403269852583691, 6.361047894925618 ], [ -75.403109930695621, 6.360881909366601 ], [ -75.402852247305574, 6.360659998899434 ], [ -75.402525789095336, 6.360452840429486 ], [ -75.402122819734046, 6.360155746687115 ], [ -75.401877357666649, 6.360063475736489 ], [ -75.401308082437538, 6.359815338275171 ], [ -75.401148480385913, 6.359774147314655 ], [ -75.401030432644191, 6.359712050816056 ], [ -75.400933065035218, 6.359601369539203 ], [ -75.400815053029447, 6.359553139097904 ], [ -75.400703922526304, 6.359484091729784 ], [ -75.400564823544158, 6.359324985026767 ], [ -75.40050886888217, 6.359137933344377 ], [ -75.400494575247123, 6.358971574757495 ], [ -75.400501049917011, 6.358791296920798 ], [ -75.400514850652542, 6.358629825770207 ], [ -75.400535247493963, 6.358470311703763 ], [ -75.400604452052974, 6.358414669956575 ], [ -75.400756694548122, 6.35828948490223 ], [ -75.40094337998049, 6.358074081119605 ], [ -75.401022835467572, 6.358021850579695 ], [ -75.401123378432004, 6.357955758030975 ], [ -75.401317316654414, 6.357865132053074 ], [ -75.401428039778025, 6.357774718458507 ], [ -75.401531722135942, 6.357642724036898 ], [ -75.40164202838433, 6.35747350762635 ], [ -75.40183040957362, 6.357318956776033 ], [ -75.401899607928513, 6.357261003952644 ], [ -75.401938197480035, 6.357163722697409 ], [ -75.401976388471439, 6.357032665929659 ], [ -75.402022373150842, 6.356936255109832 ], [ -75.402068387320924, 6.356851399268562 ], [ -75.402098873087112, 6.356720362194562 ], [ -75.402144818384173, 6.356608544442197 ], [ -75.402217910760285, 6.356465638944979 ], [ -75.402321142063357, 6.356369688677618 ], [ -75.402291439309764, 6.356165536860168 ], [ -75.402343176003072, 6.355724257405038 ], [ -75.402425733661161, 6.355328277978557 ], [ -75.402425486629085, 6.355231535304744 ], [ -75.402385213481793, 6.355067368557637 ], [ -75.402265414685075, 6.354658714014601 ], [ -75.402211972520647, 6.3543994024281 ], [ -75.402216129487272, 6.35427943988103 ], [ -75.402285873827793, 6.354033005789978 ], [ -75.402355764230236, 6.353843737859638 ], [ -75.402478535204651, 6.353693911687635 ], [ -75.402562626656007, 6.353595647993017 ], [ -75.402711765008092, 6.35343695953323 ], [ -75.402808280767573, 6.353339969559076 ], [ -75.402904751573885, 6.353225389835689 ], [ -75.402961682452926, 6.353128501024264 ], [ -75.402996633026945, 6.35303606577922 ], [ -75.403075409567691, 6.352881954499431 ], [ -75.403141035949673, 6.352745466578142 ], [ -75.403198022897811, 6.352670564639239 ], [ -75.403259543006939, 6.352648420238832 ], [ -75.403338678665094, 6.3526350256686 ], [ -75.403405815721186, 6.352616424665735 ], [ -75.403520070320553, 6.352576555662903 ], [ -75.403656305326535, 6.352532233047715 ], [ -75.403801415579935, 6.352518669698395 ], [ -75.403889426470315, 6.352536034240807 ], [ -75.404003849552751, 6.352562126184329 ], [ -75.404078721783137, 6.352601511420393 ], [ -75.404157981186842, 6.352636488037994 ], [ -75.404215192739613, 6.352649534032598 ], [ -75.404317683565978, 6.352635604398809 ], [ -75.404390487014268, 6.352562442668533 ], [ -75.404493452850801, 6.352479654164026 ], [ -75.40467181796987, 6.352293516452032 ], [ -75.404802051235848, 6.35211437899078 ], [ -75.404928788989594, 6.352003955462318 ], [ -75.404934908384632, 6.351918954348728 ], [ -75.40495675815518, 6.351836184990111 ], [ -75.404985897003073, 6.351765759164744 ], [ -75.405032055946549, 6.351713572632837 ], [ -75.405076898884062, 6.351668508849603 ], [ -75.405126965281909, 6.351637045283582 ], [ -75.405209775677392, 6.351613160535665 ], [ -75.405352891365155, 6.351612794162939 ], [ -75.405466415348016, 6.351640860750796 ], [ -75.405588025204167, 6.351717796497805 ], [ -75.405634433661433, 6.351763958694692 ], [ -75.405756826508323, 6.351850891987715 ], [ -75.405877415598084, 6.351800886299957 ], [ -75.406017637211718, 6.351755427767862 ], [ -75.406090135477228, 6.351721375763145 ], [ -75.406163503437497, 6.351684464102024 ], [ -75.40629602384071, 6.35164332499386 ], [ -75.40635121419227, 6.351447167994221 ], [ -75.406392097575363, 6.35129576748121 ], [ -75.406460547373797, 6.351164927641181 ], [ -75.40660462468891, 6.351020139861413 ], [ -75.406721742437981, 6.350902444444588 ], [ -75.406775978463585, 6.3507585860675 ], [ -75.40681385864319, 6.350655520753143 ], [ -75.406912233764757, 6.350574626596137 ], [ -75.406920339227511, 6.350529397761159 ], [ -75.406950717582262, 6.350475928966461 ], [ -75.406965916434743, 6.350453008243223 ], [ -75.406988763705741, 6.350437695105272 ], [ -75.407066322854021, 6.350437496329991 ], [ -75.407201631506183, 6.350284517448074 ], [ -75.4071787600476, 6.350154998975792 ], [ -75.407178554981044, 6.350074913146261 ], [ -75.407163199908553, 6.350036816041055 ], [ -75.407151659107441, 6.349998709264789 ], [ -75.407174359882205, 6.349926192019695 ], [ -75.407181822590758, 6.349861341015827 ], [ -75.407190720469544, 6.349765137450902 ], [ -75.407220986699045, 6.349719494403702 ], [ -75.407246188991721, 6.349673864228986 ], [ -75.407286349554028, 6.349537064870914 ], [ -75.407346583801257, 6.349329334236481 ], [ -75.407364892455902, 6.349259977501772 ], [ -75.407445702604278, 6.349027065475183 ], [ -75.40742313080176, 6.348796368452317 ], [ -75.407435517651507, 6.34873361135737 ], [ -75.407473181438618, 6.3487418782526 ], [ -75.407527660891517, 6.348783555441023 ], [ -75.407611595105237, 6.348846268880754 ], [ -75.407636722324867, 6.348858749559001 ], [ -75.407682783164745, 6.348879539894601 ], [ -75.407795881666161, 6.348946156949305 ], [ -75.407934096714087, 6.34902107289464 ], [ -75.408027342786241, 6.34908622401853 ], [ -75.408222781411823, 6.349141510915369 ], [ -75.408536847415434, 6.349231350964083 ], [ -75.408536915914397, 6.3492313705439 ], [ -75.408944017254754, 6.349347649770696 ], [ -75.409158675023605, 6.349330586646017 ], [ -75.409646493237418, 6.34938078490787 ], [ -75.409877559925292, 6.349380191585724 ], [ -75.410097102932369, 6.349391178918607 ], [ -75.410219831523321, 6.349443204630312 ], [ -75.410300897473547, 6.349518078507431 ], [ -75.410387754922027, 6.349598713174326 ], [ -75.410474449502544, 6.349615817076929 ], [ -75.410670915447838, 6.349638414484799 ], [ -75.410913565286435, 6.349649341962971 ], [ -75.411181143515066, 6.349665780432719 ], [ -75.411331351756687, 6.349671169755912 ], [ -75.411550879954206, 6.349676380900767 ], [ -75.411706775800269, 6.349647102240763 ], [ -75.411851029112739, 6.349583200234718 ], [ -75.412012612495133, 6.349519253620209 ] ] ] ] } },
{ "type": "Feature", "properties": { "FID_": 0, "Name": "Encenillos" }, "geometry": { "type": "MultiPolygon", "coordinates": [ [ [ [ -75.405987910568285, 6.365812591291109 ], [ -75.406288034099489, 6.366168854714644 ], [ -75.406980319101365, 6.365708741670097 ], [ -75.407050386654817, 6.365749692778707 ], [ -75.40710564604062, 6.365775301879451 ], [ -75.407201409187579, 6.365811843128187 ], [ -75.407392859377595, 6.365855495898824 ], [ -75.407459261226265, 6.365921542401743 ], [ -75.407569742569422, 6.365958045747007 ], [ -75.407687507281523, 6.365965100487681 ], [ -75.407790629129963, 6.366001622696698 ], [ -75.407982004093469, 6.36601584556356 ], [ -75.408099731005336, 6.366008185464968 ], [ -75.408310348796064, 6.365963719787488 ], [ -75.40856172344111, 6.365959585010614 ], [ -75.408583639270148, 6.365967618459503 ], [ -75.408846471472728, 6.366044170274406 ], [ -75.408908307430238, 6.366059456736451 ], [ -75.408993277045923, 6.366041344099816 ], [ -75.409191275362474, 6.365955758136668 ], [ -75.409538522140409, 6.365833660361899 ], [ -75.409854942756624, 6.365707650266164 ], [ -75.41006829439705, 6.365603998847017 ], [ -75.410244910286806, 6.365537264076115 ], [ -75.410318608959045, 6.365551803136128 ], [ -75.410399655108094, 6.365558958838432 ], [ -75.410627871469913, 6.365506820075196 ], [ -75.410841279679161, 6.365425261330255 ], [ -75.410988449792285, 6.365365966616461 ], [ -75.41126084348555, 6.365306349358341 ], [ -75.411562834062778, 6.365298206448605 ], [ -75.411791220805142, 6.365312346729663 ], [ -75.411901750079224, 6.365326790609758 ], [ -75.411953092630057, 6.365360710391828 ], [ -75.412004435187029, 6.365394630167343 ], [ -75.412055681142263, 6.365409879295284 ], [ -75.412158177815058, 6.365409614990361 ], [ -75.412234981889341, 6.365399162747983 ], [ -75.412322117264466, 6.365404065114373 ], [ -75.412455439696828, 6.36544981402329 ], [ -75.412573414073734, 6.365505856660378 ], [ -75.412675921596701, 6.365526100570655 ], [ -75.412732268334707, 6.365515701028555 ], [ -75.412788533480125, 6.365489945937397 ], [ -75.412993167818797, 6.365366469883066 ], [ -75.41310050959413, 6.365274007362407 ], [ -75.413228247302541, 6.365125119747857 ], [ -75.413514757393102, 6.364970720735475 ], [ -75.413668062181202, 6.364864875388509 ], [ -75.413749093223799, 6.364864666202434 ], [ -75.414022332406489, 6.36479309982263 ], [ -75.414265190295552, 6.364701333009806 ], [ -75.41444717013843, 6.364589495595217 ], [ -75.414538011130574, 6.364467741416394 ], [ -75.414669623770607, 6.364437021560266 ], [ -75.414781025563116, 6.364436733769981 ], [ -75.41490244640589, 6.364395913562026 ], [ -75.415003698421941, 6.364385525322704 ], [ -75.415125197657972, 6.364375084743811 ], [ -75.415248861683125, 6.36437333672739 ], [ -75.415603330001858, 6.36436229391388 ], [ -75.415724750723044, 6.364321473529587 ], [ -75.415876385295647, 6.364219815264877 ], [ -75.416038290126366, 6.364158662408543 ], [ -75.416240846251213, 6.364158138601826 ], [ -75.416311779659637, 6.364168081771723 ], [ -75.416332013786061, 6.36416296612879 ], [ -75.416352247911959, 6.364157850485149 ], [ -75.416352051656773, 6.364081901334265 ], [ -75.416351698469356, 6.363945218369802 ], [ -75.416351436805215, 6.363843952834404 ], [ -75.416381624434123, 6.363772988412365 ], [ -75.416513011575745, 6.363671407890968 ], [ -75.416694980047623, 6.363539291136186 ], [ -75.416805936670897, 6.363366877076134 ], [ -75.416886443954766, 6.36316416192324 ], [ -75.416997583679446, 6.363062633708206 ], [ -75.417263302636556, 6.362926346420438 ], [ -75.41741815270889, 6.362866359354325 ], [ -75.417554968145907, 6.362764050910803 ], [ -75.417718484400751, 6.362692796499868 ], [ -75.417828069904118, 6.362790840940942 ], [ -75.417895595819203, 6.362847676170243 ], [ -75.418048849037589, 6.362974257451521 ], [ -75.418276806652358, 6.363163753544707 ], [ -75.418703450485211, 6.363596757378494 ], [ -75.419008180463095, 6.363899844041228 ], [ -75.419251919734876, 6.364124948838186 ], [ -75.41955642544626, 6.364341213839275 ], [ -75.419626100601036, 6.364419172703827 ], [ -75.419748037941744, 6.36455777136581 ], [ -75.419809029131898, 6.364635752711908 ], [ -75.419835283951812, 6.364713824307326 ], [ -75.41982677989057, 6.364783303778915 ], [ -75.419783516644827, 6.364844191128617 ], [ -75.419783651616228, 6.364896283842405 ], [ -75.419818478291802, 6.36493092223253 ], [ -75.419957558899, 6.364982654579359 ], [ -75.420114052877963, 6.365051705889166 ], [ -75.420340042507405, 6.365129259278591 ], [ -75.420508290560733, 6.36514847054768 ], [ -75.420683524419104, 6.36518969558577 ], [ -75.420842254619004, 6.365297666330379 ], [ -75.420934170178882, 6.365364130684054 ], [ -75.421042827314253, 6.365455574719811 ], [ -75.42105127437506, 6.36550557361161 ], [ -75.421063868054702, 6.365534721855169 ], [ -75.421093246501201, 6.365605506287589 ], [ -75.421235105574041, 6.365638476687556 ], [ -75.421276841129298, 6.365663391483358 ], [ -75.421310302573616, 6.365704984359423 ], [ -75.421327065756799, 6.365738292292486 ], [ -75.421343828942469, 6.365771600224506 ], [ -75.421393923847475, 6.365796493300417 ], [ -75.421423129327607, 6.365800587984905 ], [ -75.421510767345069, 6.365821187517093 ], [ -75.421610967968107, 6.365875131369553 ], [ -75.421744565163962, 6.365945645046545 ], [ -75.421781769924678, 6.366005211158718 ], [ -75.421790797806821, 6.366028093715775 ], [ -75.421837776259849, 6.366171300029056 ], [ -75.421913482146707, 6.366336700009868 ], [ -75.421977674811174, 6.366411806755086 ], [ -75.422041867494912, 6.366486913488195 ], [ -75.422057320014218, 6.366629347222992 ], [ -75.422268765394492, 6.366595932391044 ], [ -75.422307757297958, 6.366610675094352 ], [ -75.422492348489413, 6.366728628024361 ], [ -75.422511463597544, 6.366750198525616 ], [ -75.422543008310825, 6.366794000864907 ], [ -75.422597636868034, 6.366868072557224 ], [ -75.422726101273284, 6.366837961471445 ], [ -75.422775308412454, 6.366888918628695 ], [ -75.422862278820688, 6.366989363593375 ], [ -75.422919770914874, 6.367047938951386 ], [ -75.422921307520639, 6.367101066869855 ], [ -75.422926930550588, 6.367112237924489 ], [ -75.422940959543624, 6.367128980055292 ], [ -75.422973259996041, 6.367180629837454 ], [ -75.422971959665304, 6.36721838485127 ], [ -75.422962217202439, 6.367236587030257 ], [ -75.422963684795604, 6.367263149073707 ], [ -75.422974909384223, 6.367277102027848 ], [ -75.423000137226126, 6.367298009637428 ], [ -75.423008553773016, 6.367307775288598 ], [ -75.423016988802289, 6.367324531769827 ], [ -75.423039415869752, 6.367344048330086 ], [ -75.423056249285025, 6.367363579629445 ], [ -75.423067539273063, 6.367402700035479 ], [ -75.423098343250231, 6.367416602064893 ], [ -75.423121000200155, 6.367418933377385 ], [ -75.423143657150078, 6.367421264688836 ], [ -75.4231820513928, 6.367385380018528 ], [ -75.423225681193301, 6.367356865699734 ], [ -75.42326934473472, 6.367341459355008 ], [ -75.423337045331451, 6.367325990675662 ], [ -75.423393808746752, 6.367306180827113 ], [ -75.423454874537939, 6.367260143846921 ], [ -75.423524581701201, 6.367288831769721 ], [ -75.423583089177413, 6.367303604347096 ], [ -75.423634100184245, 6.36730595903156 ], [ -75.423663930725539, 6.3672959316228 ], [ -75.423693780664067, 6.367293366557107 ], [ -75.423708683080093, 6.367283377793859 ], [ -75.423726099302172, 6.367283332478245 ], [ -75.423738500525957, 6.367268375517681 ], [ -75.423767083858152, 6.367257107552121 ], [ -75.423791917598052, 6.367255261845496 ], [ -75.423846561022529, 6.367231270785527 ], [ -75.423898617886437, 6.367225456141982 ], [ -75.42392900020576, 6.367258506037671 ], [ -75.423971636550306, 6.36727070024833 ], [ -75.423992534050129, 6.367297149030509 ], [ -75.424017125130902, 6.367287619505785 ], [ -75.424039862197688, 6.36729323960944 ], [ -75.424066430352468, 6.367315887573303 ], [ -75.424217702816307, 6.367389762260149 ], [ -75.42427640546336, 6.367389609554368 ], [ -75.424312203886473, 6.367415033418086 ], [ -75.424347909400112, 6.367404733573824 ], [ -75.424369630434313, 6.367414883926359 ], [ -75.42437860990664, 6.367432722523667 ], [ -75.424383747648051, 6.367445467673327 ], [ -75.42440930377893, 6.367458159570863 ], [ -75.424452719305364, 6.367468253440668 ], [ -75.424473150810243, 6.367473303696757 ], [ -75.424508856322106, 6.3674630038412 ], [ -75.424572597667961, 6.367456719349128 ], [ -75.424586216406254, 6.367464005175036 ], [ -75.424610318287193, 6.367479630887553 ], [ -75.424620779504309, 6.367479603649267 ], [ -75.424660548644667, 6.367485775292175 ], [ -75.424683593538703, 6.367497220161834 ], [ -75.424706638433591, 6.367508665030245 ], [ -75.42472550963079, 6.367524304259912 ], [ -75.424744380829097, 6.367539943488639 ], [ -75.424754891185827, 6.367558742278177 ], [ -75.424754959213217, 6.367584889350558 ], [ -75.424755027240892, 6.367611036422915 ], [ -75.424977275753207, 6.36757698561848 ], [ -75.425093044638331, 6.36755624963103 ], [ -75.425243265174132, 6.367517335807173 ], [ -75.425425492456682, 6.367587639426562 ], [ -75.425491256585133, 6.367597579165556 ], [ -75.42566822321804, 6.367589534740405 ], [ -75.426179412320508, 6.367481318474978 ], [ -75.426219723075121, 6.367636388244357 ], [ -75.426219833379477, 6.367674951995316 ], [ -75.426210484626282, 6.367720727338069 ], [ -75.426195991336712, 6.367784389283933 ], [ -75.42612918159854, 6.368009643589168 ], [ -75.42609775366293, 6.368060209249478 ], [ -75.426094679867447, 6.36809176976401 ], [ -75.426107435252106, 6.368142220244271 ], [ -75.426120198385874, 6.368290721397007 ], [ -75.426142192020706, 6.368486412971945 ], [ -75.426086780816405, 6.368487978000736 ], [ -75.426022916711332, 6.368489781765097 ], [ -75.42590823872024, 6.368473708148328 ], [ -75.425632900136037, 6.368392562034222 ], [ -75.425549329002635, 6.368373132519563 ], [ -75.425465757872843, 6.368353702990025 ], [ -75.425326325340762, 6.36831258881803 ], [ -75.425265685361609, 6.368294736877728 ], [ -75.425206602048661, 6.368245772546584 ], [ -75.425163852789098, 6.368180392901437 ], [ -75.425132807160892, 6.368126598222912 ], [ -75.425083965887055, 6.36819205884446 ], [ -75.425130417451513, 6.368254549134102 ], [ -75.425106060577818, 6.368311779494981 ], [ -75.425106103088467, 6.368328112732054 ], [ -75.425152349194235, 6.36831165890989 ], [ -75.425182343108389, 6.36832791411874 ], [ -75.425197379037144, 6.368351013920155 ], [ -75.425212414967362, 6.368374113720826 ], [ -75.425219285833336, 6.36839859584096 ], [ -75.425234360579836, 6.368436667838387 ], [ -75.425261631792978, 6.368452930134036 ], [ -75.425305353290071, 6.36851270522214 ], [ -75.425341873549471, 6.368554225562166 ], [ -75.425365935843942, 6.368567508512516 ], [ -75.425424788379232, 6.36861273024437 ], [ -75.425434316558324, 6.368683437401721 ], [ -75.425505311616973, 6.368778006505246 ], [ -75.425550738848415, 6.368793902741197 ], [ -75.425625616697914, 6.368841751941567 ], [ -75.425633709341227, 6.368873760380119 ], [ -75.425671252610698, 6.368937721686264 ], [ -75.425708374872997, 6.368986600943047 ], [ -75.425727930371309, 6.369051997668231 ], [ -75.425833837094459, 6.36905760312622 ], [ -75.425832416408781, 6.369076721762289 ], [ -75.425764628809148, 6.369114582278423 ], [ -75.425707897040581, 6.369120511452418 ], [ -75.425744107305349, 6.369160680330067 ], [ -75.425804400180837, 6.36917199915788 ], [ -75.425841646259187, 6.36914895008466 ], [ -75.425868893125525, 6.3691431410618 ], [ -75.425919082175128, 6.369131534234159 ], [ -75.425930508589872, 6.369111421366377 ], [ -75.425953413726376, 6.36909127857382 ], [ -75.425999313351809, 6.369085420917255 ], [ -75.426019378696452, 6.369076761709219 ], [ -75.426036529202321, 6.369050895921859 ], [ -75.426088220496524, 6.369065106237228 ], [ -75.426147720529698, 6.3690866475035 ], [ -75.426199043561823, 6.369098579408327 ], [ -75.426244356239977, 6.36911957661138 ], [ -75.426277631538355, 6.369152671116428 ], [ -75.426347050105136, 6.369161539338241 ], [ -75.426410371228172, 6.369146292004235 ], [ -75.426543114996804, 6.369141421087437 ], [ -75.426579324900359, 6.369142834884996 ], [ -75.426606506852679, 6.369153321567782 ], [ -75.42665784200274, 6.369169778206688 ], [ -75.426681995200013, 6.369175748163234 ], [ -75.42674983814149, 6.369158980658401 ], [ -75.426781498851426, 6.369151356968415 ], [ -75.426804123592376, 6.369149789709383 ], [ -75.426899152408922, 6.369145017085312 ], [ -75.427026345004876, 6.369090147754225 ], [ -75.427140086296177, 6.369175415934103 ], [ -75.427290465169307, 6.369279155767265 ], [ -75.427355031546071, 6.369313272276098 ], [ -75.427413444294132, 6.36939275032681 ], [ -75.427441174717075, 6.369453932195469 ], [ -75.427476491952262, 6.369487529781889 ], [ -75.427511809192026, 6.369521127364876 ], [ -75.427582499280049, 6.36960976127256 ], [ -75.427684007561609, 6.369768757075972 ], [ -75.427745507797979, 6.369857415131842 ], [ -75.427736357504088, 6.369872752435089 ], [ -75.427730302260073, 6.369900332620953 ], [ -75.427742708020205, 6.369958491823698 ], [ -75.42775508150946, 6.370004400146809 ], [ -75.42776819763732, 6.37008073439685 ], [ -75.427792715537649, 6.370142897785712 ], [ -75.427812866307647, 6.370269418619901 ], [ -75.42784383387783, 6.370391899538626 ], [ -75.427871632540658, 6.370474556197949 ], [ -75.427960822519623, 6.370593821260572 ], [ -75.428013147365192, 6.370679477850402 ], [ -75.428029269366689, 6.370870262884766 ], [ -75.428048259488023, 6.370996359394975 ], [ -75.428101164463669, 6.37103901260181 ], [ -75.428169018383599, 6.371108842021008 ], [ -75.428249969823298, 6.37120275624002 ], [ -75.428341200721334, 6.371284864315476 ], [ -75.428378550658095, 6.371248017523865 ], [ -75.428467663150045, 6.37127086689656 ], [ -75.428535315532329, 6.371285528674361 ], [ -75.428602967916675, 6.371300190442459 ], [ -75.428682108041713, 6.371293388753784 ], [ -75.428751302130266, 6.371266828379748 ], [ -75.428820538999489, 6.371256755028035 ], [ -75.428863476191069, 6.371279725001408 ], [ -75.428922947583033, 6.371319138897595 ], [ -75.428979112247376, 6.37135526406298 ], [ -75.429015392662436, 6.37135516923337 ], [ -75.429054954238751, 6.37134847093684 ], [ -75.429102602301825, 6.371520151221975 ], [ -75.429150686042178, 6.371593687094123 ], [ -75.429161891791153, 6.371652587180773 ], [ -75.429206311025027, 6.371733498874419 ], [ -75.429269159533817, 6.37181804550352 ], [ -75.429312868125606, 6.371870098105898 ], [ -75.42937607969678, 6.371950565950344 ], [ -75.429419019406254, 6.372032598024718 ], [ -75.429451987989097, 6.372071941072102 ], [ -75.42950469309082, 6.37211780417833 ], [ -75.429530312925607, 6.372151199335905 ], [ -75.429647711875319, 6.372329631502966 ], [ -75.429799150259171, 6.372576940924074 ], [ -75.42983585364739, 6.372664967046755 ], [ -75.42985126512815, 6.372746971401716 ], [ -75.429828685956281, 6.372801485290629 ], [ -75.429795268140992, 6.372758608051486 ], [ -75.429741515716515, 6.372745859092044 ], [ -75.429696144569348, 6.372750155915788 ], [ -75.429605040337051, 6.372814865079449 ], [ -75.429542615918081, 6.372844784144034 ], [ -75.429462305319774, 6.372863839555729 ], [ -75.429418710175881, 6.372885774419006 ], [ -75.429356259965729, 6.372905774963794 ], [ -75.429273972983779, 6.372927811088672 ], [ -75.429190275420225, 6.372940107828865 ], [ -75.429143672808891, 6.372950148342773 ], [ -75.429097070194871, 6.372960188852847 ], [ -75.429028765939478, 6.372988424397628 ], [ -75.428929605392469, 6.373148121066698 ], [ -75.428832119013819, 6.373010386411488 ], [ -75.428787368808429, 6.372949711539483 ], [ -75.428686426193025, 6.372792190466925 ], [ -75.42867201761068, 6.372774717114094 ], [ -75.428638208902015, 6.372741166551951 ], [ -75.428618808775823, 6.372725089342264 ], [ -75.428560667067529, 6.372699436706645 ], [ -75.428496081214206, 6.372677026343863 ], [ -75.428465426624399, 6.372675493734445 ], [ -75.428405735019098, 6.372674037002941 ], [ -75.428367031482523, 6.372678976479867 ], [ -75.428338108004752, 6.372722597290334 ], [ -75.428322111164931, 6.372774248459713 ], [ -75.428286806537074, 6.372845303437714 ], [ -75.428235528819158, 6.372920486199411 ], [ -75.428207231217272, 6.37303922501318 ], [ -75.428206237007672, 6.373071581905286 ], [ -75.428201003821002, 6.373133068783316 ], [ -75.428187146417415, 6.373196735179096 ], [ -75.428166808215011, 6.373257183034881 ], [ -75.42813237298553, 6.373289627216747 ], [ -75.428154126970256, 6.373323036041191 ], [ -75.428175880958051, 6.373356444864081 ], [ -75.428201557202442, 6.373370180723016 ], [ -75.428272674085591, 6.373413375627981 ], [ -75.428318998129072, 6.373443713252998 ], [ -75.428389303860243, 6.373513635178156 ], [ -75.428462362216237, 6.373544993823832 ], [ -75.428494421989939, 6.373580211094716 ], [ -75.428543464408463, 6.373635487008277 ], [ -75.428579069152619, 6.373674830992163 ], [ -75.428680907153392, 6.373799694897513 ], [ -75.428648308874372, 6.373860014121613 ], [ -75.428621074671725, 6.373919414677983 ], [ -75.428595158027306, 6.373936786087467 ], [ -75.42856924138097, 6.373954157496008 ], [ -75.428509145916777, 6.373968826047306 ], [ -75.428449050447753, 6.373983494592311 ], [ -75.428399858159594, 6.374000484794421 ], [ -75.428340020211479, 6.374036591568814 ], [ -75.428277903209079, 6.374047559207979 ], [ -75.428335970263916, 6.374233398119551 ], [ -75.428340859071213, 6.374281018140278 ], [ -75.428326727519703, 6.374342977929048 ], [ -75.428322174562553, 6.374423965730127 ], [ -75.428332076581938, 6.374566838602034 ], [ -75.428346606200478, 6.374657303226787 ], [ -75.428322999310168, 6.374714805388581 ], [ -75.428276244102221, 6.374757275985792 ], [ -75.428203009181374, 6.374791431007595 ], [ -75.428129774249129, 6.374825586020982 ], [ -75.428040707424344, 6.374874120118671 ], [ -75.427903501977241, 6.374989658474295 ], [ -75.427855315156307, 6.375038085722396 ], [ -75.427814873665952, 6.37511654750466 ], [ -75.427732737059358, 6.375109547929801 ], [ -75.42767038776455, 6.375091025104886 ], [ -75.427514164421382, 6.374910804984311 ], [ -75.427470472377607, 6.374879776353378 ], [ -75.427461046081206, 6.37484865820896 ], [ -75.42740488599712, 6.374814547791073 ], [ -75.427324160106423, 6.374833165576606 ], [ -75.427334207878431, 6.374769315342568 ], [ -75.427323900274985, 6.374733600809448 ], [ -75.427295740840151, 6.374706868311142 ], [ -75.427226870943841, 6.374736407206334 ], [ -75.427217442420641, 6.374553120123157 ], [ -75.427240854099537, 6.374431047498124 ], [ -75.427154691402166, 6.374539727150228 ], [ -75.427098994656632, 6.374631381171016 ], [ -75.427058393974079, 6.37466199011272 ], [ -75.427004286052949, 6.374712969422907 ], [ -75.426973820058024, 6.374729995043036 ], [ -75.426923552450234, 6.374738928758624 ], [ -75.426823475727986, 6.374749646005533 ], [ -75.42676031234754, 6.374757707077386 ], [ -75.42668938462063, 6.374817112913052 ], [ -75.426665814128128, 6.37486455104875 ], [ -75.426654162756307, 6.374939594447458 ], [ -75.426654234843767, 6.374967230639398 ], [ -75.426670113380396, 6.374998773644779 ], [ -75.426701798073722, 6.375034223283029 ], [ -75.426765115977943, 6.375085382645078 ], [ -75.426867903529981, 6.375128542776391 ], [ -75.4269905084697, 6.375199287508175 ], [ -75.427002489428787, 6.375250580893026 ], [ -75.427018982535145, 6.375385642013205 ], [ -75.427159356220415, 6.375331474691875 ], [ -75.427305106933872, 6.375476279154729 ], [ -75.42737102176126, 6.375468782758567 ], [ -75.427420715873666, 6.375475602124882 ], [ -75.427402279148197, 6.375641668482144 ], [ -75.427345924134244, 6.375739917233793 ], [ -75.427251769583819, 6.375815625895886 ], [ -75.427153495951146, 6.375868857166665 ], [ -75.427191620731477, 6.376015910155395 ], [ -75.427259947871818, 6.376166657076936 ], [ -75.427320669046907, 6.376295302677341 ], [ -75.427547083449937, 6.376283391699181 ], [ -75.427789101327164, 6.376271071331817 ], [ -75.427606153748144, 6.376593114180299 ], [ -75.427494437325819, 6.376813050170824 ], [ -75.427426532763391, 6.376984061643255 ], [ -75.427401338287922, 6.377133330613129 ], [ -75.427354096501602, 6.377385872127898 ], [ -75.427325032890593, 6.377473805629193 ], [ -75.427255208695684, 6.377699076396502 ], [ -75.427214448104181, 6.377836413662997 ], [ -75.427285327018254, 6.377942998228983 ], [ -75.427342722451158, 6.378132687757269 ], [ -75.427434923783508, 6.378303678280239 ], [ -75.427596875709185, 6.37853444654972 ], [ -75.427362237429975, 6.37843584060386 ], [ -75.427294449937477, 6.378420594219226 ], [ -75.427357155898378, 6.378537950796887 ], [ -75.427538475371932, 6.378840322120142 ], [ -75.42770782445443, 6.379103832617587 ], [ -75.427911025213618, 6.379476982093252 ], [ -75.427972684937089, 6.379654245021946 ], [ -75.427949183408202, 6.379680154589364 ], [ -75.427982642311434, 6.379710529464416 ], [ -75.428009245125907, 6.379697941300164 ], [ -75.428264565767336, 6.379812724530777 ], [ -75.428195559293982, 6.379891985689176 ], [ -75.428084485096448, 6.379985760264441 ], [ -75.427986617650006, 6.38002162902103 ], [ -75.427723905228049, 6.380022316190986 ], [ -75.427524838756995, 6.380002619656256 ], [ -75.4273945175877, 6.379753562423383 ], [ -75.427194944647852, 6.379395473525958 ], [ -75.427059467107142, 6.379106497979012 ], [ -75.427011757389721, 6.378881137675182 ], [ -75.426964047733762, 6.378655777356298 ], [ -75.426825283180875, 6.378604457923225 ], [ -75.426733645201367, 6.378578119490904 ], [ -75.42672184907606, 6.378585532977032 ], [ -75.426698253145986, 6.378598883530436 ], [ -75.426665791814202, 6.378610780706987 ], [ -75.426631838141361, 6.378616775536546 ], [ -75.426621515259441, 6.378622708638266 ], [ -75.42661863077528, 6.378649294002584 ], [ -75.426639461516345, 6.378708301385777 ], [ -75.42664554648772, 6.378776206704655 ], [ -75.426633870173518, 6.378829392864453 ], [ -75.42659558573061, 6.378873789111553 ], [ -75.426558701485519, 6.378888650907293 ], [ -75.426477563774014, 6.378924299984014 ], [ -75.426448202516724, 6.378992297679561 ], [ -75.426414340728144, 6.379100707220672 ], [ -75.426401615087585, 6.379129535059683 ], [ -75.426360079196684, 6.379155238722871 ], [ -75.426292899983309, 6.379165012237412 ], [ -75.426244473951527, 6.379118248905415 ], [ -75.426161593007393, 6.379062470062447 ], [ -75.426148640565387, 6.379069407107222 ], [ -75.426127715742126, 6.379209330638961 ], [ -75.426094921769121, 6.379331898036152 ], [ -75.426050177341622, 6.37935441063524 ], [ -75.425979739505195, 6.379341796867544 ], [ -75.425896484009769, 6.379322817920404 ], [ -75.42587407423234, 6.379319677007148 ], [ -75.425835680375215, 6.379322976674316 ], [ -75.425829413253098, 6.37937418340282 ], [ -75.42580859110771, 6.379478683158378 ], [ -75.425805381053166, 6.379583146504475 ], [ -75.425826513529017, 6.379673619148608 ], [ -75.42587197037615, 6.379743137242011 ], [ -75.425923864039561, 6.37984703546968 ], [ -75.42592698971373, 6.379895021863027 ], [ -75.425895919510481, 6.379924695276523 ], [ -75.42586484930365, 6.379954368688862 ], [ -75.425828564255525, 6.379981723747068 ], [ -75.425739952170005, 6.379984226773594 ], [ -75.425660596932033, 6.379982436526776 ], [ -75.425600746730211, 6.380066144482095 ], [ -75.425577337164214, 6.380102759433941 ], [ -75.425497204818669, 6.380201925229826 ], [ -75.42530158401604, 6.380334158743982 ], [ -75.425284045270061, 6.380330449294584 ], [ -75.4252505100024, 6.380312509227986 ], [ -75.425216974736742, 6.38029456915871 ], [ -75.425143139041523, 6.380277072259035 ], [ -75.425147218099298, 6.380357480990718 ], [ -75.425159950470004, 6.380444955048278 ], [ -75.42515185354614, 6.380536650451185 ], [ -75.425051116204401, 6.380590543021285 ], [ -75.424915245867922, 6.380616064771449 ], [ -75.424713911190651, 6.380636723643506 ], [ -75.424542758488954, 6.380647237057843 ], [ -75.424406888084235, 6.380672758455803 ], [ -75.424230844926186, 6.380738651629052 ], [ -75.424190620091906, 6.380758890285502 ], [ -75.424131448009092, 6.380777998549619 ], [ -75.423998832597491, 6.380762278718822 ], [ -75.423962687061206, 6.380766389051743 ], [ -75.423894526367462, 6.380818779951921 ], [ -75.423758144473496, 6.380899462643297 ], [ -75.423528191752993, 6.380996700740494 ], [ -75.423535141600681, 6.381136935604334 ], [ -75.423572363408368, 6.381438331357723 ], [ -75.423584936938724, 6.381648686227878 ], [ -75.423658140583342, 6.381896043086932 ], [ -75.423756340582585, 6.382157071246519 ], [ -75.423617594333763, 6.382151790982886 ], [ -75.423432052486916, 6.382088872460941 ], [ -75.423378289251843, 6.38204999611054 ], [ -75.423309878198793, 6.382006280716807 ], [ -75.42323644878725, 6.381908930352665 ], [ -75.423211980965164, 6.38187973158239 ], [ -75.423099258119308, 6.381880269127056 ], [ -75.422960230738255, 6.382063983623158 ], [ -75.422861674476451, 6.382156426477589 ], [ -75.422809052055499, 6.382182902475366 ], [ -75.42278270620055, 6.38218297113565 ], [ -75.4227102042762, 6.382163405935424 ], [ -75.42269012717729, 6.382137267876951 ], [ -75.422666989140453, 6.382104404601791 ], [ -75.422643851106798, 6.38207154132493 ], [ -75.422577935574736, 6.382051958726294 ], [ -75.422526870433003, 6.382054779095411 ], [ -75.422533329979657, 6.382128158810658 ], [ -75.422539789530319, 6.382201538525243 ], [ -75.422568546978255, 6.382272874013231 ], [ -75.422597304435897, 6.382344209497758 ], [ -75.422918302570537, 6.382726133051733 ], [ -75.422728785666351, 6.382822253642407 ], [ -75.422634495898933, 6.382879147060076 ], [ -75.422524319031027, 6.382931842862988 ], [ -75.422496475820381, 6.382887561485586 ], [ -75.422424908288832, 6.382861757102934 ], [ -75.422378135150225, 6.382877479401499 ], [ -75.4223287662182, 6.382922132555357 ], [ -75.422218212442914, 6.383035462651155 ], [ -75.422083445835881, 6.383034271518424 ], [ -75.422104167605269, 6.382944054151963 ], [ -75.422176986617387, 6.382768417115623 ], [ -75.422170611676975, 6.382706291822339 ], [ -75.422140626886645, 6.382634877456836 ], [ -75.4220814910408, 6.382581411696421 ], [ -75.421975414320741, 6.382487865802928 ], [ -75.421914555421978, 6.38241926958989 ], [ -75.421805417881032, 6.382274577587015 ], [ -75.421786010227109, 6.382210507589436 ], [ -75.42181756135561, 6.382089107780435 ], [ -75.421811524261173, 6.382010573615087 ], [ -75.421792242138295, 6.381908093825701 ], [ -75.421786952054617, 6.38180731534351 ], [ -75.421789817512746, 6.381764141346277 ], [ -75.421807905603131, 6.381720421725893 ], [ -75.421803397709553, 6.381655371939221 ], [ -75.421784964998551, 6.381575253242006 ], [ -75.421754375567616, 6.381525650549794 ], [ -75.421682593308759, 6.38146891020479 ], [ -75.421647016946324, 6.381469002832461 ], [ -75.421607703046632, 6.381488786527898 ], [ -75.421598629730028, 6.381541253206929 ], [ -75.421602825468867, 6.381585420304666 ], [ -75.421623770907004, 6.381646814520511 ], [ -75.421584452786107, 6.381662673495345 ], [ -75.421467130407549, 6.381628506687399 ], [ -75.421401416212746, 6.381551118014528 ], [ -75.421352996681108, 6.381494366815429 ], [ -75.421339213427572, 6.381497849072574 ], [ -75.421332399168691, 6.381528891272332 ], [ -75.421332793648006, 6.381680564061847 ], [ -75.421332972620334, 6.381784198215843 ], [ -75.421291730423903, 6.381836011129374 ], [ -75.421215990884377, 6.381881021078043 ], [ -75.42115679335447, 6.381914445976358 ], [ -75.421108149707976, 6.381967093205748 ], [ -75.421079676472488, 6.381995705256847 ], [ -75.421029465961709, 6.382012313857109 ], [ -75.420976400083305, 6.382022455825303 ], [ -75.420923334201717, 6.382032597788459 ], [ -75.420855791069698, 6.382045949364638 ], [ -75.42082186016367, 6.382027121919184 ], [ -75.420715124540038, 6.382010558366511 ], [ -75.420625273803395, 6.382007984563486 ], [ -75.420423404055313, 6.382056072674832 ], [ -75.420399743562385, 6.382480539490206 ], [ -75.420096841940037, 6.382291872132012 ], [ -75.419856987941884, 6.382389601255364 ], [ -75.419812603127795, 6.382164308381547 ], [ -75.4196321837981, 6.382208952790753 ], [ -75.41954199041983, 6.382252772458942 ], [ -75.4194503106757, 6.382287988590386 ], [ -75.419433063581451, 6.382285671385624 ], [ -75.419404239650959, 6.382261966510526 ], [ -75.419390904057778, 6.382248703472356 ], [ -75.419376102276104, 6.382239876953624 ], [ -75.419353937458837, 6.382241412069777 ], [ -75.419336456552813, 6.382250193451593 ], [ -75.41927761649292, 6.382122709533898 ], [ -75.419232087143058, 6.382124432649123 ], [ -75.419174167100948, 6.382142414448327 ], [ -75.419116269858947, 6.382169311917357 ], [ -75.4190429054931, 6.382249743145779 ], [ -75.41893302468381, 6.382376351545849 ], [ -75.418865887791554, 6.382449218865368 ], [ -75.418825548535423, 6.382470862172773 ], [ -75.418787867268591, 6.382479037070981 ], [ -75.418728592836885, 6.382468421846492 ], [ -75.418588415527537, 6.382414939417435 ], [ -75.418409381780805, 6.382326555575752 ], [ -75.418391449066746, 6.382317032093593 ], [ -75.418359592909908, 6.382311809274476 ], [ -75.41832775052282, 6.382311891985553 ], [ -75.418184501427248, 6.382328180968509 ], [ -75.418144685018248, 6.382322978810183 ], [ -75.418108580691793, 6.382484438197725 ], [ -75.418018134299857, 6.382758069985007 ], [ -75.417979936611204, 6.382711016445906 ], [ -75.417896460691964, 6.382609472765284 ], [ -75.417851182464048, 6.382554982622046 ], [ -75.417801965871917, 6.382488464798056 ], [ -75.4177527492933, 6.38242194696655 ], [ -75.417616693484973, 6.382258324399735 ], [ -75.417595120759231, 6.382203990750402 ], [ -75.417559351763288, 6.382109387719537 ], [ -75.41754395632185, 6.382027754168883 ], [ -75.417544750170606, 6.381967325681551 ], [ -75.417385217670443, 6.382026469684982 ], [ -75.417249650214529, 6.382143479769519 ], [ -75.417232674271119, 6.382160539535407 ], [ -75.416953777382957, 6.382125591017044 ], [ -75.416893679356122, 6.382113904945292 ], [ -75.416786234632966, 6.382149811210263 ], [ -75.416849427812991, 6.382020325615243 ], [ -75.416834852930506, 6.381924202291852 ], [ -75.41679995352699, 6.381882350167572 ], [ -75.416730289968413, 6.381850817993397 ], [ -75.416650773480896, 6.381865743066887 ], [ -75.416587639687378, 6.381884717604151 ], [ -75.416447640914285, 6.381846105061858 ], [ -75.416421365278694, 6.38169560557257 ], [ -75.416408083147687, 6.381526928569268 ], [ -75.416388492158774, 6.381399196685043 ], [ -75.416346717252353, 6.381302753222987 ], [ -75.416329599930705, 6.381262260120033 ], [ -75.416305955900498, 6.381204667832012 ], [ -75.416282311876657, 6.381147075541683 ], [ -75.416243667183934, 6.381070304207533 ], [ -75.41622199869002, 6.380950782369234 ], [ -75.416226284010477, 6.380812088035744 ], [ -75.416212151504055, 6.380786810521031 ], [ -75.416189593484887, 6.380767180218957 ], [ -75.416164229160117, 6.380750369875521 ], [ -75.416021448810582, 6.380722849614096 ], [ -75.415987564402343, 6.380774440530327 ], [ -75.415966508869445, 6.380850981812758 ], [ -75.415899568085521, 6.381008533668505 ], [ -75.415852606447231, 6.38116819335276 ], [ -75.415618157657775, 6.381256316591703 ], [ -75.415481129242522, 6.381299048948184 ], [ -75.415431344697296, 6.381331584264238 ], [ -75.415406526820547, 6.381376518483074 ], [ -75.41538186375108, 6.38144629183844 ], [ -75.41538186375108, 6.381446291838444 ], [ -75.415333052590114, 6.381396603891502 ], [ -75.415271508296854, 6.381333954066134 ], [ -75.415190231417938, 6.381264468067855 ], [ -75.415108954560225, 6.381194982051995 ], [ -75.414900182985576, 6.380995022831241 ], [ -75.414734978184669, 6.381110382034588 ], [ -75.414612098142186, 6.38116179871033 ], [ -75.414449559692585, 6.381237307819716 ], [ -75.414392541299918, 6.381231175450291 ], [ -75.414335522907308, 6.381225043074269 ], [ -75.41425666661226, 6.381166558529604 ], [ -75.413814410556611, 6.381291704353262 ], [ -75.413782093827095, 6.381308263689934 ], [ -75.413749779710614, 6.381345429045669 ], [ -75.413675512144479, 6.381557318750682 ], [ -75.413655922495039, 6.381749309539511 ], [ -75.413397564431435, 6.381840903203606 ], [ -75.413199287160339, 6.381953621326388 ], [ -75.413087309740774, 6.382053169349613 ], [ -75.412909363075102, 6.382197789168606 ], [ -75.412716653498634, 6.382281693320723 ], [ -75.412669874111643, 6.382339155686476 ], [ -75.412623162071114, 6.382422681962901 ], [ -75.412537366639611, 6.382542966655665 ], [ -75.412451571170863, 6.382663251341921 ], [ -75.412258065766508, 6.382478020155125 ], [ -75.412072760817665, 6.382337628407901 ], [ -75.411759633872052, 6.382149142395876 ], [ -75.411663384922832, 6.382096376691779 ], [ -75.41156713599068, 6.382043610965482 ], [ -75.411588604681711, 6.381968963436333 ], [ -75.411621989388777, 6.381848567355437 ], [ -75.411633905407669, 6.381802818803584 ], [ -75.411638368669159, 6.381643589224668 ], [ -75.411647672987883, 6.381518442940409 ], [ -75.411685995449659, 6.381446158129335 ], [ -75.411762789807355, 6.381359336486107 ], [ -75.411992946889242, 6.381148708946142 ], [ -75.41174913028, 6.381077998921331 ], [ -75.41134141262684, 6.380843186120739 ], [ -75.411234606909872, 6.381114717700717 ], [ -75.411162848771127, 6.381258750178675 ], [ -75.411029996947619, 6.381356336020471 ], [ -75.410892025695446, 6.38145393487804 ], [ -75.41070571002922, 6.381586871343038 ], [ -75.410566497263019, 6.381646765480548 ], [ -75.410553617815651, 6.381621178459997 ], [ -75.410493875698378, 6.381544296688835 ], [ -75.410441175256665, 6.38148140339318 ], [ -75.410409598294905, 6.381460475009294 ], [ -75.410202975884332, 6.381471513373143 ], [ -75.41005235763997, 6.381468400439037 ], [ -75.409887494541394, 6.381547941261277 ], [ -75.409685197532923, 6.381635035817061 ], [ -75.409758617700803, 6.381760159311558 ], [ -75.409995955117409, 6.382082348461671 ], [ -75.410051165787223, 6.382180735804715 ], [ -75.410106376480812, 6.382279123137107 ], [ -75.410073112361133, 6.382288285073014 ], [ -75.410039848239862, 6.382297447007016 ], [ -75.410000586308286, 6.382327801908596 ], [ -75.409967431569953, 6.382379318804188 ], [ -75.409946334269932, 6.38241265207983 ], [ -75.409919169382022, 6.38243995048785 ], [ -75.409818576147273, 6.382501521746201 ], [ -75.409573408885166, 6.382661284022515 ], [ -75.409364506242468, 6.382775487103348 ], [ -75.409197948874322, 6.38286553859251 ], [ -75.409036319776504, 6.382689687359694 ], [ -75.408912800083002, 6.382450570852389 ], [ -75.408800852037913, 6.382170220942373 ], [ -75.408690043277815, 6.38199816831859 ], [ -75.408631035821145, 6.381854795347691 ], [ -75.408470261155855, 6.381672783497997 ], [ -75.408419967238132, 6.381579107694286 ], [ -75.408347599730817, 6.381589218240198 ], [ -75.408301194808175, 6.381657936987708 ], [ -75.408264477556472, 6.381662930023596 ], [ -75.408176347487412, 6.381704815173342 ], [ -75.408013935079893, 6.381808652653236 ], [ -75.408011200767561, 6.381862682872927 ], [ -75.407732301278017, 6.382009508012182 ], [ -75.407320677783574, 6.382207999687812 ], [ -75.407080232009548, 6.382345079552639 ], [ -75.407080232009562, 6.382345079552638 ], [ -75.407080223868164, 6.382341915997451 ], [ -75.40708751067335, 6.382316126487063 ], [ -75.407102157962228, 6.382279307474496 ], [ -75.407166744457754, 6.382131823237134 ], [ -75.40712362826514, 6.382078093001766 ], [ -75.407123540805813, 6.382044107925547 ], [ -75.407171630614585, 6.382003804391787 ], [ -75.407095232323243, 6.381793517559506 ], [ -75.406968899307117, 6.381360161817823 ], [ -75.406914651195549, 6.381252363482936 ], [ -75.406801508952981, 6.381159411948432 ], [ -75.406668772572829, 6.381081249349482 ], [ -75.406501760970642, 6.38102768857263 ], [ -75.406456816287857, 6.381011960340561 ], [ -75.40639825257422, 6.380960981385663 ], [ -75.406332238224067, 6.380844326771887 ], [ -75.406244271675874, 6.380727728634832 ], [ -75.406111326460632, 6.380445327868834 ], [ -75.406054160152351, 6.380360666077052 ], [ -75.405966807755803, 6.380217823411948 ], [ -75.4058582924402, 6.380066181619613 ], [ -75.405802565949827, 6.379987442988697 ], [ -75.405781997287306, 6.379943672539522 ], [ -75.405775991979098, 6.37988515162548 ], [ -75.405740684611231, 6.379814001167713 ], [ -75.405709742506829, 6.379765775861143 ], [ -75.405692633127501, 6.379705202465363 ], [ -75.405690649909161, 6.379691709620484 ], [ -75.405715505758167, 6.379645753999133 ], [ -75.405726243552806, 6.379605989318121 ], [ -75.405736972323041, 6.379562612085171 ], [ -75.405783394877147, 6.379504292687096 ], [ -75.405801697426938, 6.379439622005998 ], [ -75.405866626744697, 6.379396105223367 ], [ -75.405866450355333, 6.379327469262229 ], [ -75.405880189477799, 6.379317112308798 ], [ -75.405887981877811, 6.379269614417322 ], [ -75.40591688897139, 6.379269540064299 ], [ -75.405916731145894, 6.379208128748168 ], [ -75.406021909214616, 6.379186816809017 ], [ -75.406057184113834, 6.379092033376865 ], [ -75.406100536937046, 6.379054689709528 ], [ -75.406100400039733, 6.379001427352338 ], [ -75.406120258009622, 6.378979657554346 ], [ -75.406141828750208, 6.37891987552051 ], [ -75.406149608242643, 6.378896328295487 ], [ -75.406192272787266, 6.378804591343377 ], [ -75.40622284006669, 6.378653399998127 ], [ -75.40614693406124, 6.378589828468561 ], [ -75.406135184089365, 6.378570363453724 ], [ -75.406134768440268, 6.378408638149381 ], [ -75.406146767590258, 6.378396580296949 ], [ -75.40617623490192, 6.378247286350043 ], [ -75.406135993643218, 6.378185056852578 ], [ -75.406127301275021, 6.378154934470202 ], [ -75.406131520187387, 6.378120472621984 ], [ -75.406152991026943, 6.378094579069603 ], [ -75.406185876338682, 6.378069626331236 ], [ -75.406235646709447, 6.377993569972582 ], [ -75.406285645664738, 6.377949511565705 ], [ -75.406304459758402, 6.377834841549796 ], [ -75.406354513549502, 6.377767761370366 ], [ -75.406333775896627, 6.377716313546753 ], [ -75.40634259714821, 6.377680427707195 ], [ -75.406402460912091, 6.377620270632406 ], [ -75.406375777585254, 6.37752343695749 ], [ -75.406354963680442, 6.37742076675771 ], [ -75.406271208604721, 6.377375019858556 ], [ -75.406230803448636, 6.377291890868546 ], [ -75.406181763640916, 6.37720017377795 ], [ -75.406148221191174, 6.377116345309483 ], [ -75.406145252309827, 6.377107021436945 ], [ -75.406114799628071, 6.376922984783155 ], [ -75.406080409831034, 6.37672460668571 ], [ -75.405988248284814, 6.376474433559094 ], [ -75.405905794276919, 6.376253129083533 ], [ -75.405862319726552, 6.376205085096119 ], [ -75.405775269296669, 6.376136737366232 ], [ -75.405707673862281, 6.376074308638479 ], [ -75.405664112775412, 6.375992555817198 ], [ -75.405654256650919, 6.375905900781471 ], [ -75.405678192040995, 6.375848052154996 ], [ -75.405706931818017, 6.375785375794861 ], [ -75.405720936876619, 6.375611979060247 ], [ -75.40570107826403, 6.37542319468242 ], [ -75.405720097952894, 6.375326834276016 ], [ -75.405753703611737, 6.375283407716985 ], [ -75.405801759837971, 6.375239943822439 ], [ -75.405801364101123, 6.37508584640927 ], [ -75.405781886868667, 6.375004031678918 ], [ -75.405757654724923, 6.374946307047404 ], [ -75.405722153456978, 6.374887436270336 ], [ -75.405698620139447, 6.374875747994999 ], [ -75.405675041571243, 6.374846436507899 ], [ -75.405663199338491, 6.374811220671133 ], [ -75.405639485028729, 6.374729040315436 ], [ -75.405615650069322, 6.374599865238338 ], [ -75.405615574657475, 6.374570493539248 ], [ -75.405615378588337, 6.374494127121459 ], [ -75.405426734621017, 6.374253762110087 ], [ -75.405356028913431, 6.374177576833887 ], [ -75.405297135254159, 6.374124858717176 ], [ -75.405255868707599, 6.374072095310522 ], [ -75.405249917622569, 6.374042738700092 ], [ -75.405232184670396, 6.374001663595078 ], [ -75.405184967378773, 6.373919543566395 ], [ -75.405163378356548, 6.373842415737068 ], [ -75.405160482353523, 6.373809553214797 ], [ -75.405172145544029, 6.373689848762125 ], [ -75.405199199138934, 6.37360113705065 ], [ -75.405219485113733, 6.37353289853161 ], [ -75.405235026738069, 6.373426975691578 ], [ -75.405159734325764, 6.373181906291014 ], [ -75.404999030402749, 6.372905065453579 ], [ -75.404902433443141, 6.372670714194407 ], [ -75.404923437309748, 6.372542697098758 ], [ -75.40495521713072, 6.372457306788029 ], [ -75.405029715901819, 6.372393133823012 ], [ -75.405040080879147, 6.372275807755716 ], [ -75.405018529911956, 6.372190554188514 ], [ -75.405103038291386, 6.371870429201616 ], [ -75.405166651906768, 6.371720975477612 ], [ -75.405271154743204, 6.37157731604471 ], [ -75.405101337531249, 6.371246551913303 ], [ -75.404875365830804, 6.370853540447501 ], [ -75.404697682810848, 6.370492534930154 ], [ -75.404617336609789, 6.370270323753496 ], [ -75.404492603369235, 6.3700754665627 ], [ -75.404448007347227, 6.369986863996885 ], [ -75.404376425787049, 6.369756383624642 ], [ -75.40430486736264, 6.369534774809984 ], [ -75.404277882187557, 6.36939289680187 ], [ -75.404274529745138, 6.369249772526215 ], [ -75.404247501749779, 6.369136235897486 ], [ -75.404193633857673, 6.368982671736038 ], [ -75.404126517444539, 6.368875920475116 ], [ -75.404038351561169, 6.368703013431563 ], [ -75.403949705532355, 6.368688476004579 ], [ -75.403923712345502, 6.368577167526757 ], [ -75.403897609125863, 6.368423022635492 ], [ -75.403871330683543, 6.36820033974868 ], [ -75.403870979562754, 6.36806326357792 ], [ -75.403870716227317, 6.367960456497272 ], [ -75.403835401094298, 6.367632802613834 ], [ -75.403809473857422, 6.36754719607271 ], [ -75.403689218638561, 6.367436129182454 ], [ -75.403560438287272, 6.367342218666586 ], [ -75.40354308017352, 6.367256589945931 ], [ -75.403542860809267, 6.367170917300884 ], [ -75.403593750233767, 6.36696517133949 ], [ -75.403636223509878, 6.366819418020032 ], [ -75.40367333385619, 6.366629298377821 ], [ -75.403661532257601, 6.366310809702112 ], [ -75.403673302666689, 6.366172229779693 ], [ -75.403775543877558, 6.365926720108098 ], [ -75.40379443697428, 6.365829443812573 ], [ -75.403849241066595, 6.365709925881643 ], [ -75.403913300317271, 6.365617933040792 ], [ -75.404014076160962, 6.36551666309138 ], [ -75.404051470823305, 6.365474386108697 ], [ -75.404112311251083, 6.365447311768934 ], [ -75.404307039540626, 6.36544745526801 ], [ -75.404617816179126, 6.365463630311265 ], [ -75.405128442448543, 6.36551314622225 ], [ -75.405499622859125, 6.365540731916687 ], [ -75.405728245029337, 6.365640039452622 ], [ -75.405987910568285, 6.365812591291109 ] ] ] ] } },
{ "type": "Feature", "properties": { "FID_": 0, "Name": "Juan Cojo" }, "geometry": { "type": "MultiPolygon", "coordinates": [ [ [ [ -75.453217402591704, 6.36590273352648 ], [ -75.453217402591747, 6.365902733526464 ], [ -75.453217402591719, 6.365902733526467 ], [ -75.453194484970581, 6.365906497067001 ], [ -75.453171413964498, 6.365899934921056 ], [ -75.453150571663173, 6.365888751416058 ], [ -75.453128597967748, 6.365878731290517 ], [ -75.453105526963199, 6.365872169141175 ], [ -75.453086190993957, 6.365885062818161 ], [ -75.453049850012306, 6.365913112603624 ], [ -75.453028148995088, 6.365921449249058 ], [ -75.453005265454649, 6.365927507378609 ], [ -75.452982279659665, 6.365926681716332 ], [ -75.452963700150335, 6.365913171442589 ], [ -75.452948480743629, 6.365893876430349 ], [ -75.452934409775665, 6.365874565335753 ], [ -75.452922618641722, 6.365854074778778 ], [ -75.452909713155563, 6.365835894899959 ], [ -75.452897922023681, 6.365815404341993 ], [ -75.452882668538678, 6.365793814729508 ], [ -75.452869728971706, 6.365773340251921 ], [ -75.452853327051997, 6.365751766719463 ], [ -75.45283810765477, 6.36573247170195 ], [ -75.452822905300579, 6.36571432398231 ], [ -75.452807719989281, 6.365697323560566 ], [ -75.45277964624411, 6.365663290552654 ], [ -75.452769003559297, 6.365642783908457 ], [ -75.452754932605842, 6.365623472805878 ], [ -75.45274315852761, 6.365604129540483 ], [ -75.45273251584581, 6.365583622894917 ], [ -75.452719610374103, 6.365565443008274 ], [ -75.45270898473575, 6.365546083660468 ], [ -75.452698342056834, 6.365525577013607 ], [ -75.452695721395386, 6.365503810501099 ], [ -75.452695380566524, 6.365480864527995 ], [ -75.452704261314736, 6.365460084504694 ], [ -75.452714307540518, 6.365440435699071 ], [ -75.452727833158576, 6.365423033247763 ], [ -75.452757181265198, 6.365388196182586 ], [ -75.45277764862432, 6.365374139140236 ], [ -75.452797001628966, 6.365362392775629 ], [ -75.45281981698362, 6.365351745465648 ], [ -75.45284033546433, 6.365341130317238 ], [ -75.452860802818904, 6.365327073272448 ], [ -75.452881338339324, 6.365317605421364 ], [ -75.452900691338925, 6.365305859053804 ], [ -75.452920061379402, 6.365295259984256 ], [ -75.452937083420878, 6.365281251181282 ], [ -75.452955270939498, 6.365268373595063 ], [ -75.452974589851337, 6.365254332628417 ], [ -75.452993942846021, 6.3652425862583 ], [ -75.4530085998434, 6.365224020422655 ], [ -75.453029084230025, 6.365211110671614 ], [ -75.453046089223434, 6.365195954567739 ], [ -75.453060763259728, 6.365178536029752 ], [ -75.453078950771257, 6.365165658440563 ], [ -75.453093607763464, 6.365147092603575 ], [ -75.453109447274812, 6.365130805281626 ], [ -75.453122955829272, 6.365112255525905 ], [ -75.453130688119828, 6.365091491581738 ], [ -75.453140734323455, 6.365071842772569 ], [ -75.453150763484217, 6.365051046664913 ], [ -75.453156181859839, 6.365029167585765 ], [ -75.453168524932693, 6.365009486613011 ], [ -75.453178537049297, 6.364987543206828 ], [ -75.453196298494248, 6.364945983154824 ], [ -75.45320634469347, 6.364926334345416 ], [ -75.4532152083722, 6.364904407020941 ], [ -75.453221775179941, 6.364882511860102 ], [ -75.453226011032413, 6.364858354266085 ], [ -75.453230280969294, 6.36483649126893 ], [ -75.453234533863736, 6.364813480973386 ], [ -75.453236472845745, 6.364789355543072 ], [ -75.453238428870065, 6.364766377411185 ], [ -75.453236956632068, 6.36474459482309 ], [ -75.453238929698898, 6.36472276398962 ], [ -75.453237440419159, 6.364699834103052 ], [ -75.453233671312503, 6.364678083678353 ], [ -75.453223836231402, 6.364634614992025 ], [ -75.453220067126352, 6.36461286456695 ], [ -75.453210555849026, 6.364591194550063 ], [ -75.453198781787776, 6.364571851292943 ], [ -75.453185859293043, 6.364552524116932 ], [ -75.453162311175547, 6.364513837600258 ], [ -75.453143748763566, 6.364501474620876 ], [ -75.453141706969888, 6.364501395916931 ], [ -75.453136584982857, 6.364603530505748 ], [ -75.453134739828144, 6.364623260745824 ], [ -75.453129837314776, 6.364713240111088 ], [ -75.453100402376023, 6.364816889919365 ], [ -75.453069255671394, 6.364932657912243 ], [ -75.453036876791103, 6.36503017736843 ], [ -75.452980763577784, 6.365139078018154 ], [ -75.452961311730277, 6.365167262277469 ], [ -75.452939279430765, 6.365190083619013 ], [ -75.452900407479291, 6.365220977257376 ], [ -75.452884610580128, 6.365230411827046 ], [ -75.452832223715831, 6.365255582882091 ], [ -75.452797892743249, 6.365264515262453 ], [ -75.452782330135491, 6.36526349893613 ], [ -75.452767969312305, 6.365259080365624 ], [ -75.452755568328556, 6.365250895935478 ], [ -75.452664399857085, 6.365160611363899 ], [ -75.452607564470441, 6.365126853238666 ], [ -75.452588299889925, 6.365120070164211 ], [ -75.452553056081896, 6.365115309310847 ], [ -75.452526346766476, 6.365122476696606 ], [ -75.452493385415764, 6.365140174244075 ], [ -75.452481844099665, 6.365149479975769 ], [ -75.452462476498269, 6.365171968780675 ], [ -75.452445720421252, 6.36519791297776 ], [ -75.452440173290796, 6.365211885518347 ], [ -75.452436887243934, 6.365226647574281 ], [ -75.452436265920426, 6.36524107710971 ], [ -75.452438929924583, 6.365264302904099 ], [ -75.452460311716891, 6.365326604209818 ], [ -75.452464531949644, 6.365347195220908 ], [ -75.452461639766028, 6.365384384539716 ], [ -75.452450908955328, 6.365413088018425 ], [ -75.45242986070059, 6.365445805561188 ], [ -75.452402104358242, 6.365470432020409 ], [ -75.452387162346639, 6.365478544462944 ], [ -75.452369214227033, 6.365484332564273 ], [ -75.452275918085363, 6.365497995820055 ], [ -75.452147791479973, 6.365482208766643 ], [ -75.452113669150648, 6.36547784267 ], [ -75.452098447938525, 6.365479492225915 ], [ -75.452071281801921, 6.365491587622717 ], [ -75.452059367982883, 6.365500134975077 ], [ -75.452043161961441, 6.365515446629734 ], [ -75.452021741163691, 6.365547396749088 ], [ -75.452015333609822, 6.365567428393271 ], [ -75.452007828434802, 6.365653952369732 ], [ -75.452013904703989, 6.365723598697502 ], [ -75.452012298562849, 6.365751690335087 ], [ -75.452007828808362, 6.365769863626519 ], [ -75.45194932076113, 6.365885568687562 ], [ -75.451945117347378, 6.365898552294645 ], [ -75.451934514714964, 6.365931305363271 ], [ -75.451934287226322, 6.365968162168418 ], [ -75.451951354733495, 6.366039126267866 ], [ -75.45197314194246, 6.3661690730613 ], [ -75.451987337978849, 6.366254391310498 ], [ -75.451969036699879, 6.366304169125677 ], [ -75.45194970122661, 6.366335381467417 ], [ -75.451907101372626, 6.366405274610518 ], [ -75.451881071217315, 6.366436857294805 ], [ -75.451865002144018, 6.366452710988728 ], [ -75.451830982349293, 6.366476793588286 ], [ -75.451798484254695, 6.366512470503038 ], [ -75.451789668456968, 6.366520530504732 ], [ -75.451763102760538, 6.366588663449777 ], [ -75.451773234746653, 6.36664755041491 ], [ -75.451762182779959, 6.366705074360507 ], [ -75.451728725877189, 6.366750598414125 ], [ -75.451715925467695, 6.366778557065156 ], [ -75.451712366990478, 6.366787973307781 ], [ -75.451708260692627, 6.366795780300342 ], [ -75.451703700846579, 6.366805422304419 ], [ -75.451698677193249, 6.366813232746885 ], [ -75.451691356304522, 6.366819676849202 ], [ -75.451684034133237, 6.366825662629806 ], [ -75.45167671324414, 6.366832106731988 ], [ -75.451668932394853, 6.366838094237401 ], [ -75.451660232907699, 6.366843626870949 ], [ -75.451652446928634, 6.36684778108959 ], [ -75.451643738464753, 6.366850105471388 ], [ -75.451634111363106, 6.366851974981222 ], [ -75.451585032852137, 6.366852159544441 ], [ -75.45157585673401, 6.366851277398397 ], [ -75.451566221938208, 6.366850396977034 ], [ -75.451557043255562, 6.366848598187309 ], [ -75.45154832196836, 6.366846339350904 ], [ -75.451539599398984, 6.366843622192661 ], [ -75.4515299594743, 6.366840908483887 ], [ -75.451520778227362, 6.366838193050105 ], [ -75.451509760987577, 6.366835026193654 ], [ -75.451500578458564, 6.366831852437789 ], [ -75.451491394647448, 6.366828220360054 ], [ -75.451483129473971, 6.366825043154265 ], [ -75.451474404340715, 6.366821409351402 ], [ -75.451465685618416, 6.366820067156789 ], [ -75.451456510782791, 6.366819643330143 ], [ -75.451446877269476, 6.366819221228069 ], [ -75.45143724760257, 6.366820174090879 ], [ -75.451427161822195, 6.366822045321628 ], [ -75.451417532155133, 6.366822998184092 ], [ -75.451406069059374, 6.366824416266898 ], [ -75.451386807160617, 6.366825405347501 ], [ -75.45137763617096, 6.36682635648456 ], [ -75.451367546543722, 6.366826852749105 ], [ -75.451358832949538, 6.366827343839469 ], [ -75.451339109808387, 6.36682741799958 ], [ -75.451329934972264, 6.366826994170683 ], [ -75.451302406617657, 6.366824347717857 ], [ -75.451293231781463, 6.366823923888296 ], [ -75.451284058227273, 6.366823958380285 ], [ -75.45127534206874, 6.3668235328258 ], [ -75.451265709836775, 6.366823569042051 ], [ -75.451256996242165, 6.366824060130704 ], [ -75.451246910460313, 6.366825931358084 ], [ -75.451237280792114, 6.36682688421727 ], [ -75.451228568479308, 6.366827833627191 ], [ -75.451219857448393, 6.366829241358706 ], [ -75.451202440514081, 6.366833890108262 ], [ -75.451194193288373, 6.366837129401799 ], [ -75.45118594734447, 6.366840827016967 ], [ -75.451178161360104, 6.366844981229259 ], [ -75.451169917979755, 6.366849595487706 ], [ -75.451162595800483, 6.366855581262293 ], [ -75.451154814943294, 6.366861568761296 ], [ -75.451139258355866, 6.366875377046054 ], [ -75.451132857377104, 6.366882734336654 ], [ -75.451125541606331, 6.366891011719646 ], [ -75.451118681949396, 6.366898370734617 ], [ -75.451111819728496, 6.366904813106037 ], [ -75.451104040151776, 6.366911258926301 ], [ -75.451095339373623, 6.366916333230119 ], [ -75.451087094709379, 6.366920489165873 ], [ -75.451078851326841, 6.366925103423284 ], [ -75.451071069185673, 6.366930632599686 ], [ -75.451062373534143, 6.366937540190124 ], [ -75.451053679164175, 6.366944906102228 ], [ -75.451045900867882, 6.366951810243656 ], [ -75.45103858124925, 6.366958712660609 ], [ -75.451030804234364, 6.366966075123662 ], [ -75.451023024655598, 6.366972520943105 ], [ -75.451015246358452, 6.366979425084242 ], [ -75.451007926739024, 6.366986327500925 ], [ -75.451000149723242, 6.366993689963685 ], [ -75.450993284935947, 6.366999215690551 ], [ -75.450985505356215, 6.367005661509629 ], [ -75.450977265816547, 6.367011650731213 ], [ -75.450970401028741, 6.367017176457869 ], [ -75.450962620166649, 6.36702316395494 ], [ -75.450954838022611, 6.367028693130152 ], [ -75.450947515838095, 6.367034678902724 ], [ -75.450940653613145, 6.367041121272679 ], [ -75.45093333014654, 6.367046648723336 ], [ -75.450926005398031, 6.367051717852138 ], [ -75.450918684494567, 6.367058161946225 ], [ -75.450904957479636, 6.36707013004201 ], [ -75.450898557776824, 6.367077945652674 ], [ -75.450892155510374, 6.367084844619713 ], [ -75.450886214485209, 6.367092658506001 ], [ -75.450880737264754, 6.367102303955142 ], [ -75.450875714877043, 6.367110572714592 ], [ -75.450872071086764, 6.367119752944759 ], [ -75.450867966054901, 6.367128018255619 ], [ -75.450865697016908, 6.367136734991142 ], [ -75.450858414562489, 6.367156928738659 ], [ -75.450854775898506, 6.36716794225601 ], [ -75.450852048182142, 6.367176660715826 ], [ -75.450848406954577, 6.367186757589589 ], [ -75.45084521927825, 6.367195019451885 ], [ -75.450840656849152, 6.367203744808803 ], [ -75.450837929132476, 6.367212463268624 ], [ -75.450836121335414, 6.3672220949235 ], [ -75.45083431097494, 6.367230809934779 ], [ -75.450832961855994, 6.36724043986539 ], [ -75.450830236702515, 6.367250074968825 ], [ -75.45082751026726, 6.367259251750467 ], [ -75.450825241228458, 6.367267968486038 ], [ -75.450822514793089, 6.367277145267682 ], [ -75.450821163110604, 6.367285858554717 ], [ -75.45081843539343, 6.367294577014571 ], [ -75.450815711521287, 6.367304670439832 ], [ -75.45081390244215, 6.367313843772953 ], [ -75.450812550759551, 6.367322557060005 ], [ -75.450811202921997, 6.367332645312466 ], [ -75.450810309917628, 6.367341356875253 ], [ -75.450810336833186, 6.367350981633095 ], [ -75.450808986432236, 6.367360153241961 ], [ -75.450808553387873, 6.367369321402278 ], [ -75.45080857902181, 6.367378487838318 ], [ -75.450807687299175, 6.367387657722912 ], [ -75.450806796858245, 6.367397285929314 ], [ -75.450805449020706, 6.367407374181796 ], [ -75.450802727711562, 6.367418384250735 ], [ -75.450800001275553, 6.36742756103247 ], [ -75.450796358764464, 6.367437199584565 ], [ -75.450792714971598, 6.36744637981486 ], [ -75.450789987253643, 6.367455098274799 ], [ -75.450786802138964, 6.367464276780813 ], [ -75.450784534380958, 6.367473451838287 ], [ -75.450782724019618, 6.367482166849681 ], [ -75.450781372336635, 6.367490880136804 ], [ -75.450780940573836, 6.367500506618986 ], [ -75.450780507529387, 6.367509674779366 ], [ -75.450781909198625, 6.367518836042624 ], [ -75.450786517771874, 6.367526610270451 ], [ -75.450789751591685, 6.367534847992879 ], [ -75.450793902768496, 6.367543082266674 ], [ -75.450799891222715, 6.367552226286793 ], [ -75.450805415871784, 6.367559538743906 ], [ -75.450809565767358, 6.367567314695673 ], [ -75.450819700272874, 6.36758285970171 ], [ -75.450825226204358, 6.367590630480271 ], [ -75.450830750854266, 6.36759794293694 ], [ -75.450835360710855, 6.367606175485788 ], [ -75.450840429246142, 6.367614406310215 ], [ -75.450846876380666, 6.367623548605056 ], [ -75.45085194235277, 6.367630862785709 ], [ -75.450857468285349, 6.367638633563694 ], [ -75.450863452896598, 6.367646402617206 ], [ -75.450867602793934, 6.367654178568145 ], [ -75.450871753973232, 6.367662412840799 ], [ -75.450877738585021, 6.367670181894034 ], [ -75.450883263236648, 6.367677494349775 ], [ -75.450888789170264, 6.367685265127207 ], [ -75.450892939068368, 6.367693041077781 ], [ -75.450897550208865, 6.367701731947429 ], [ -75.450902617464422, 6.367709504449024 ], [ -75.450907226041565, 6.367717278674964 ], [ -75.450912295861173, 6.367725967819943 ], [ -75.450916445760058, 6.367733743770172 ], [ -75.450921516861882, 6.367742891236761 ], [ -75.45092658668203, 6.367751580381487 ], [ -75.45093074042704, 6.367760731296818 ], [ -75.450933974251228, 6.367768969017468 ], [ -75.450937211921186, 6.367778581703382 ], [ -75.450939532234045, 6.367788197838194 ], [ -75.45094093262594, 6.367796900778388 ], [ -75.450941880748758, 6.367807897051889 ], [ -75.450942367629239, 6.367817978406316 ], [ -75.450942393267269, 6.367827144841686 ], [ -75.450941501548002, 6.367836314726019 ], [ -75.450939236356476, 6.367846406427343 ], [ -75.450935591283113, 6.367855128336813 ], [ -75.45093056632787, 6.367862480454413 ], [ -75.450924622733154, 6.367869377699169 ], [ -75.450918677856421, 6.367875816622119 ], [ -75.450909986034731, 6.367884099178918 ], [ -75.450903123800174, 6.367890541550692 ], [ -75.450896722807926, 6.367897898841506 ], [ -75.450890777930496, 6.367904337764275 ], [ -75.45088529301357, 6.367911233284334 ], [ -75.450879350699608, 6.367918588850587 ], [ -75.450872033631015, 6.367926407911905 ], [ -75.450865628792357, 6.367932390237174 ], [ -75.450859225235362, 6.367938830884171 ], [ -75.45085190303881, 6.36794481665819 ], [ -75.450845498199683, 6.367950798983299 ], [ -75.450838173439124, 6.367955868113619 ], [ -75.450831308639039, 6.367961393841241 ], [ -75.450823527762992, 6.367967381339403 ], [ -75.450816206847406, 6.367973825434873 ], [ -75.450809803289289, 6.367980266081493 ], [ -75.450802941052174, 6.367986708452451 ], [ -75.450796996172585, 6.367993147374587 ], [ -75.450790136498739, 6.368000506389033 ], [ -75.450783734221758, 6.368007405357259 ], [ -75.450778249302346, 6.368014300876691 ], [ -75.45077322434345, 6.368021652993527 ], [ -75.450770956584876, 6.368030828051325 ], [ -75.45077189957847, 6.368039991038537 ], [ -75.450776052042599, 6.368048683633311 ], [ -75.450782491492419, 6.368055075997123 ], [ -75.45078984701837, 6.368061006590245 ], [ -75.450797199980826, 6.368066020539641 ], [ -75.450812820700349, 6.368075128345612 ], [ -75.45081971882982, 6.368081518984368 ], [ -75.450826156998687, 6.368087453025637 ], [ -75.450832600295129, 6.368095220353936 ], [ -75.450837208876052, 6.368102994579878 ], [ -75.450840903944837, 6.368112147219987 ], [ -75.450844139052975, 6.368120843262712 ], [ -75.450846000688145, 6.368130461122318 ], [ -75.450846057090772, 6.368150627280705 ], [ -75.45084516537041, 6.368159797165246 ], [ -75.450843817534832, 6.368169885417815 ], [ -75.450841548495603, 6.368178602153967 ], [ -75.450838845133063, 6.368196028728434 ], [ -75.450836578657487, 6.368205662108164 ], [ -75.450834769579018, 6.368214835441649 ], [ -75.450832043142441, 6.368224012224062 ], [ -75.450831608819144, 6.368232722062396 ], [ -75.450831663940178, 6.368252429899038 ], [ -75.450833066897047, 6.368262049483059 ], [ -75.450834013738699, 6.3682725874351 ], [ -75.45083449805567, 6.368281752146254 ], [ -75.450835898448986, 6.368290455086667 ], [ -75.450836381484166, 6.368299161476025 ], [ -75.450838699235845, 6.368307860967445 ], [ -75.450844681292963, 6.368314713375826 ], [ -75.450852492939063, 6.368319725599004 ], [ -75.450861216815852, 6.368322901085924 ], [ -75.450870859332909, 6.368326531445416 ], [ -75.45087912837657, 6.368331083621813 ], [ -75.45088693874122, 6.368335637522575 ], [ -75.450894750387945, 6.368340649744956 ], [ -75.450903938072244, 6.368345656793544 ], [ -75.450911751001243, 6.368351127337363 ], [ -75.450919106533235, 6.368357057927355 ], [ -75.450926002104239, 6.368362531920011 ], [ -75.450932441560241, 6.368368924280641 ], [ -75.450939338413562, 6.368374856594813 ], [ -75.450952217326346, 6.368387641315485 ], [ -75.45095820066787, 6.368394952043762 ], [ -75.450963727894475, 6.368403181140051 ], [ -75.450966964289407, 6.368412335502827 ], [ -75.450968824646935, 6.368421495039421 ], [ -75.450970225043321, 6.368430197978863 ], [ -75.450972087965141, 6.368440274158912 ], [ -75.450973033528626, 6.368450353788197 ], [ -75.450973060451702, 6.36845997854498 ], [ -75.450971708773011, 6.36846869183215 ], [ -75.4509676037368, 6.368476957145354 ], [ -75.450963041303311, 6.368485682504925 ], [ -75.450957562793207, 6.368494869635493 ], [ -75.450952081718853, 6.368503140122529 ], [ -75.450946140683016, 6.368510954012405 ], [ -75.450934261174922, 6.368527498435572 ], [ -75.450929697458506, 6.368535765473294 ], [ -75.450924678908706, 6.368545409200885 ], [ -75.450915556603306, 6.368563776563311 ], [ -75.45091099288635, 6.368572043600989 ], [ -75.450906887848618, 6.368580308914062 ], [ -75.450902325413423, 6.368589034273483 ], [ -75.450897303016731, 6.368597303035717 ], [ -75.450892738017274, 6.368605111751584 ], [ -75.450888174299706, 6.368613378789206 ], [ -75.45088223582583, 6.368622109322324 ], [ -75.450877672107964, 6.368630376359914 ], [ -75.450873107107981, 6.368638185075727 ], [ -75.450869000787279, 6.368645992066948 ], [ -75.450865354427876, 6.368654255655363 ], [ -75.450862630555207, 6.368664349081709 ], [ -75.45086128272078, 6.368674437334345 ], [ -75.450860391001783, 6.368683607218876 ], [ -75.450857690204913, 6.368701950437093 ], [ -75.450856338524446, 6.368710663724436 ], [ -75.450854528164513, 6.368719378736358 ], [ -75.450852261689022, 6.368729012116395 ], [ -75.450849533970015, 6.368737730577474 ], [ -75.450845431494429, 6.368746912534038 ], [ -75.450841326454736, 6.368755177847063 ], [ -75.450836761453431, 6.368762986562869 ], [ -75.450831736490485, 6.368770338681457 ], [ -75.450825791604387, 6.368776777605595 ], [ -75.450818926795094, 6.368782303335251 ], [ -75.450810685947033, 6.368787834238499 ], [ -75.450802443816798, 6.368792906819873 ], [ -75.450793285609237, 6.368798441171996 ], [ -75.450784124837526, 6.368803058880434 ], [ -75.450775878860924, 6.368806756496138 ], [ -75.450767176768437, 6.368811372479819 ], [ -75.45075847083001, 6.368814613498025 ], [ -75.450750223571021, 6.368817852791609 ], [ -75.450741511222731, 6.368818802200623 ], [ -75.450732801438207, 6.368820668253085 ], [ -75.450722254371399, 6.368821624559731 ], [ -75.450711704740755, 6.36882166422258 ], [ -75.450699777789367, 6.368821250736788 ], [ -75.450689689401955, 6.36882220531833 ], [ -75.450680520937382, 6.368824073094407 ], [ -75.450671808588638, 6.368825022502292 ], [ -75.450662180162425, 6.368826433680697 ], [ -75.450651633095092, 6.368827389985954 ], [ -75.450642460784664, 6.368827882795975 ], [ -75.450632373678587, 6.368829295698256 ], [ -75.450622284008801, 6.368829791956726 ], [ -75.450612654300372, 6.368830744812438 ], [ -75.450603481989717, 6.368831237621791 ], [ -75.450594312242572, 6.368832647074615 ], [ -75.450585599893202, 6.368833596481111 ], [ -75.450574596709131, 6.368835471152856 ], [ -75.450563134845297, 6.368837347548716 ], [ -75.45055350641816, 6.368838758725204 ], [ -75.450543424438237, 6.368842004913152 ], [ -75.450534714651909, 6.368843870962503 ], [ -75.4505260061472, 6.368846195333551 ], [ -75.450507671778155, 6.368850847523834 ], [ -75.450497131117871, 6.368854095435279 ], [ -75.450487963933057, 6.36885642153004 ], [ -75.45047788323383, 6.368860126038706 ], [ -75.450468717330409, 6.368862910455005 ], [ -75.450449470727136, 6.368869399379355 ], [ -75.450440762221334, 6.368871723749137 ], [ -75.450431596317401, 6.368874508164864 ], [ -75.45042335033601, 6.368878205775708 ], [ -75.450415103072842, 6.368881445064591 ], [ -75.450406398411459, 6.368885144399427 ], [ -75.450398153711276, 6.368889300331793 ], [ -75.450388532971772, 6.368893461436641 ], [ -75.450379370911804, 6.368897620817151 ], [ -75.450369750171944, 6.368901781921712 ], [ -75.450359670752164, 6.368905944750294 ], [ -75.450350051293483, 6.368910564176418 ], [ -75.450341805310714, 6.3689142617862 ], [ -75.450332644531429, 6.368918879487907 ], [ -75.450324397266797, 6.368922118775595 ], [ -75.450315696448499, 6.368927193074789 ], [ -75.450306994348452, 6.368931809052002 ], [ -75.450298747083366, 6.368935048339356 ], [ -75.450290046264541, 6.368940122638217 ], [ -75.450279969406125, 6.368945202109288 ], [ -75.450270349945782, 6.368949821534227 ], [ -75.450254780462942, 6.368959046590989 ], [ -75.450246540885956, 6.368965035808967 ], [ -75.450238757425637, 6.368970106659006 ], [ -75.450230515285298, 6.368975179233036 ], [ -75.450222733106088, 6.368980708404787 ], [ -75.450214948363765, 6.368985320932679 ], [ -75.450207623582585, 6.368990390058323 ], [ -75.450199838839936, 6.368995002586044 ], [ -75.450192056660057, 6.369000531757464 ], [ -75.450183815800131, 6.369006062652836 ], [ -75.450176953542524, 6.369012505019816 ], [ -75.45016414382367, 6.369024469661784 ], [ -75.450157741526894, 6.369031368626489 ], [ -75.450152261715488, 6.369040097430729 ], [ -75.450146780622475, 6.369048367913043 ], [ -75.450142674287619, 6.36905617490142 ], [ -75.450138109272743, 6.369063983613791 ], [ -75.450133088140646, 6.369072710693956 ], [ -75.45012990044674, 6.369080972556207 ], [ -75.450125800518549, 6.369091071154068 ], [ -75.450122154144509, 6.369099334740314 ], [ -75.450118967731768, 6.369108054924466 ], [ -75.450111674983233, 6.369124582096945 ], [ -75.450108487288801, 6.369132843959192 ], [ -75.450104843477149, 6.369142024189238 ], [ -75.45010120094679, 6.369151662741192 ], [ -75.450097554572096, 6.369159926327419 ], [ -75.450092993400091, 6.369169110005433 ], [ -75.450088433509336, 6.369178752005342 ], [ -75.450083872337061, 6.369187935683339 ], [ -75.450079312446036, 6.369197577683233 ], [ -75.450074747429284, 6.369205386395477 ], [ -75.450069723732341, 6.369213196831677 ], [ -75.45006561739541, 6.369221003819923 ], [ -75.45006105494106, 6.369229729175952 ], [ -75.450056948603901, 6.36923753616418 ], [ -75.450052383586538, 6.369245344876362 ], [ -75.450045986411382, 6.369254077128198 ], [ -75.450040504033524, 6.369261889288254 ], [ -75.450034101732498, 6.36926878825235 ], [ -75.450026319546808, 6.369274317422475 ], [ -75.45001807483672, 6.369278473350694 ], [ -75.450009370164992, 6.369282172680817 ], [ -75.450001125454577, 6.369286328608819 ], [ -75.449992878181348, 6.369289567892866 ], [ -75.449982797468692, 6.36929327239437 ], [ -75.449974090233709, 6.369296055080143 ], [ -75.449964006958098, 6.369298842937471 ], [ -75.44994567000191, 6.369302578468359 ], [ -75.449936498961051, 6.369303529589706 ], [ -75.449927787881634, 6.369304937308972 ], [ -75.449916323439751, 6.369305897049283 ], [ -75.449906692437239, 6.369306391572039 ], [ -75.449897981357566, 6.369307799290826 ], [ -75.44988880903513, 6.369308292089421 ], [ -75.449871381750455, 6.369309274238502 ], [ -75.449860830824818, 6.369308855564142 ], [ -75.449851655939725, 6.369308431718178 ], [ -75.449842482335853, 6.369308466194004 ], [ -75.449833763568492, 6.369307123980021 ], [ -75.449824588683356, 6.369306700133563 ], [ -75.449815871197231, 6.369305816241218 ], [ -75.449806235069502, 6.369304477474267 ], [ -75.449797061465503, 6.369304511949272 ], [ -75.449787427900105, 6.369304089825886 ], [ -75.449778254296049, 6.369304124300553 ], [ -75.449769541934444, 6.369305073695274 ], [ -75.449758994851948, 6.369306029984707 ], [ -75.4497498289345, 6.369308814390712 ], [ -75.449740661735845, 6.369311140474597 ], [ -75.449724167183462, 6.369317619035114 ], [ -75.449715462507953, 6.369321318360861 ], [ -75.449707217793616, 6.3693254742848 ], [ -75.449698974360246, 6.369330088530617 ], [ -75.449691649568251, 6.369335157650998 ], [ -75.449683866095867, 6.369340228494957 ], [ -75.44967654130356, 6.369345297615189 ], [ -75.449669676472453, 6.369350823333688 ], [ -75.449662356804083, 6.369357725741728 ], [ -75.449655951933977, 6.369363708058462 ], [ -75.44965000958716, 6.369371063617492 ], [ -75.449644065959149, 6.369377960854494 ], [ -75.449638121049915, 6.36938439976947 ], [ -75.449631717460235, 6.369390840408019 ], [ -75.449624853909057, 6.369396824448142 ], [ -75.449617991638732, 6.369403266810202 ], [ -75.449610671968927, 6.369410169217799 ], [ -75.449604268378579, 6.369416609856148 ], [ -75.449596948708404, 6.369423512263632 ], [ -75.449590086437368, 6.369429954625462 ], [ -75.449583225447171, 6.369436855309238 ], [ -75.44957636317578, 6.369443297670959 ], [ -75.449569044785832, 6.369450658400204 ], [ -75.449563099874851, 6.369457097314677 ], [ -75.449552132537164, 6.369471804984415 ], [ -75.44954573278828, 6.369479620588368 ], [ -75.449540710361433, 6.369487889343631 ], [ -75.449536604014284, 6.369495696329764 ], [ -75.449533418870843, 6.369504874834824 ], [ -75.449529775046855, 6.369514055063438 ], [ -75.449527047302709, 6.369522773522938 ], [ -75.449524778238953, 6.369531490258899 ], [ -75.449521160034166, 6.369549836927755 ], [ -75.449519352212704, 6.369559468584203 ], [ -75.449518464314124, 6.369570013437585 ], [ -75.44951711261119, 6.369578726726466 ], [ -75.449516678269219, 6.369587436568251 ], [ -75.449517621249811, 6.369596599561391 ], [ -75.44951764815039, 6.36960622432364 ], [ -75.449516755127988, 6.369614935888979 ], [ -75.449517244552126, 6.369625933893703 ], [ -75.449516812772274, 6.369635560379504 ], [ -75.44951637971144, 6.369644728543295 ], [ -75.449515949212611, 6.369654813351108 ], [ -75.449515056190279, 6.369663524916448 ], [ -75.449514624410497, 6.36967315140225 ], [ -75.44951235918937, 6.369683243104328 ], [ -75.449509636568578, 6.369693794851986 ], [ -75.449507827465979, 6.369702968186484 ], [ -75.44950556224471, 6.369713059888575 ], [ -75.449503754423006, 6.369722691545094 ], [ -75.449501947882283, 6.369732781523633 ], [ -75.449500597460201, 6.369741953134585 ], [ -75.449498328395777, 6.369750669870656 ], [ -75.44949514068901, 6.369758931731852 ], [ -75.449492414224835, 6.369768108513508 ], [ -75.449485126573478, 6.369786468971077 ], [ -75.449481480185696, 6.36979473255583 ], [ -75.449476917717362, 6.369803457909708 ], [ -75.449471894006251, 6.369811268343095 ], [ -75.449466414176214, 6.369819997144051 ], [ -75.449460470541396, 6.369826894380455 ], [ -75.449453609544946, 6.369833795063911 ], [ -75.449446747267359, 6.369840237425286 ], [ -75.449439422465957, 6.369845306544072 ], [ -75.449431640264635, 6.369850835708329 ], [ -75.449424318024796, 6.369856821471012 ], [ -75.449416538384966, 6.369863267279164 ], [ -75.449408762587737, 6.369871088053328 ], [ -75.449402817670631, 6.369877526967319 ], [ -75.449395956672731, 6.369884427650299 ], [ -75.449389093112799, 6.369890411689164 ], [ -75.44938130962926, 6.369895482530882 ], [ -75.449373523583716, 6.369899636728448 ], [ -75.449364820176427, 6.369903794372872 ], [ -75.449348325599402, 6.369910272926289 ], [ -75.449339618349001, 6.369913055604248 ], [ -75.449321283924405, 6.369917707762572 ], [ -75.449311659311945, 6.369920493886995 ], [ -75.449294244810034, 6.369926059241703 ], [ -75.449285076316357, 6.369927926998172 ], [ -75.449275451703386, 6.369930713122002 ], [ -75.449265828371097, 6.369933957567728 ], [ -75.449256662438714, 6.369936741967857 ], [ -75.449247499067809, 6.369940443011957 ], [ -75.449237419615784, 6.369944605824726 ], [ -75.449220925035107, 6.36995108437468 ], [ -75.449211762944344, 6.369955243740321 ], [ -75.449203519495981, 6.369959857981211 ], [ -75.449188869883884, 6.369969996213499 ], [ -75.449182924962628, 6.369976435125762 ], [ -75.449176525202532, 6.369984250727521 ], [ -75.449172878808611, 6.369992514311385 ], [ -75.449169692376287, 6.370001234494003 ], [ -75.449167881986739, 6.370009949506655 ], [ -75.449165155515971, 6.370019126288026 ], [ -75.44916197292568, 6.370029221436866 ], [ -75.44915878905455, 6.370038858263634 ], [ -75.44915468525987, 6.370047581892893 ], [ -75.449149205422117, 6.370056310692084 ], [ -75.449144180422962, 6.370063662801719 ], [ -75.449136405899097, 6.370071941895325 ], [ -75.449128626252076, 6.370078387700547 ], [ -75.449119936927133, 6.370087586884762 ], [ -75.449113533322773, 6.37009402751996 ], [ -75.449105753675099, 6.370100473324966 ], [ -75.449097976588661, 6.370107835774063 ], [ -75.449080580006679, 6.370119817632581 ], [ -75.449072793954741, 6.37012397182681 ], [ -75.449063174459084, 6.370128591236045 ], [ -75.449053552401864, 6.370132294000951 ], [ -75.449044387744877, 6.370135536720382 ], [ -75.449032930962971, 6.370139246377899 ], [ -75.449023767586326, 6.37014294741911 ], [ -75.449012769485122, 6.370146655353027 ], [ -75.449002690026546, 6.370150818162442 ], [ -75.448991695766793, 6.370155901062287 ], [ -75.44898161630779, 6.370160063871368 ], [ -75.448973371573103, 6.370164219787573 ], [ -75.448965585519375, 6.370168373980509 ], [ -75.448956880822649, 6.37017207329757 ], [ -75.448948636087493, 6.370176229213464 ], [ -75.448937641826475, 6.370181312112384 ], [ -75.448929400932684, 6.370186842994376 ], [ -75.448920701357537, 6.370192375599413 ], [ -75.448911996659959, 6.370196074915868 ], [ -75.448902837122716, 6.370201150921684 ], [ -75.448894132424812, 6.370204850237897 ], [ -75.448868022171752, 6.37021732315219 ], [ -75.44885886135306, 6.370221940835267 ], [ -75.44884924569449, 6.370227935207683 ], [ -75.448841920880739, 6.370233004320339 ], [ -75.44883368126537, 6.370238993523325 ], [ -75.448816282110627, 6.370250058730852 ], [ -75.448808498614923, 6.370255129566221 ], [ -75.448801176361272, 6.370261115322741 ], [ -75.448795231431632, 6.370267554232216 ], [ -75.448790206425286, 6.370274906339862 ], [ -75.448786562584459, 6.370284086566953 ], [ -75.448786128232001, 6.37029279641066 ], [ -75.448791683626098, 6.370311108619786 ], [ -75.448795834806276, 6.370319342910865 ], [ -75.448799527305297, 6.370327578924937 ], [ -75.448805508089066, 6.37033397303511 ], [ -75.448812861075425, 6.370338987009572 ], [ -75.44883904816713, 6.370354013424312 ], [ -75.448846859835356, 6.370359025675062 ], [ -75.448855130185038, 6.370364036202547 ], [ -75.448862939292439, 6.370368131808736 ], [ -75.448880393513448, 6.370376774450261 ], [ -75.44888866002195, 6.370380410010719 ], [ -75.448896469129792, 6.370384505616284 ], [ -75.448904279518331, 6.370389059543822 ], [ -75.448911638909209, 6.370396365127066 ], [ -75.448917162294308, 6.370403219280743 ], [ -75.448922232120665, 6.370411908445954 ], [ -75.448926382023231, 6.370419684413224 ], [ -75.448930534487189, 6.37042837702465 ], [ -75.448935146913314, 6.370437526234928 ], [ -75.448937007251345, 6.370446685784326 ], [ -75.448938407627438, 6.370455388734792 ], [ -75.44893981056488, 6.370465008329461 ], [ -75.448939866912852, 6.370485174502209 ], [ -75.448938515200695, 6.370493887791887 ], [ -75.448937623450604, 6.370503057680463 ], [ -75.448936271738447, 6.370511770970147 ], [ -75.448933543981923, 6.370520489429463 ], [ -75.448929898862431, 6.370529211335201 ], [ -75.448925792500106, 6.370537018319922 ], [ -75.448921227456196, 6.370544827027838 ], [ -75.448916205011315, 6.370553095781053 ], [ -75.448910723884794, 6.370561366257447 ], [ -75.44890478023477, 6.370568263490676 ], [ -75.448897915379732, 6.3705737892039 ], [ -75.448890135722735, 6.370580235007663 ], [ -75.448881442544319, 6.37058805922405 ], [ -75.448872293245316, 6.370596801807753 ], [ -75.448865888351634, 6.370602784119655 ], [ -75.448858567375325, 6.370609228199945 ], [ -75.448850330316304, 6.370616134048602 ], [ -75.448843468021153, 6.370622576405601 ], [ -75.448836153447132, 6.370631312096315 ], [ -75.448824271265607, 6.37064693985026 ], [ -75.448813311568827, 6.370664397446329 ], [ -75.448800540194867, 6.37069011173317 ], [ -75.448796436390694, 6.370698835361769 ], [ -75.448792337708625, 6.370709392278895 ], [ -75.448789151267519, 6.370718112461248 ], [ -75.448786423507983, 6.370726830920487 ], [ -75.448781863582838, 6.370736472916461 ], [ -75.448777301096456, 6.370745198268159 ], [ -75.448773194730535, 6.370753005252464 ], [ -75.448766797517123, 6.370761737496575 ], [ -75.448760855143604, 6.370769093051136 ], [ -75.448754454088203, 6.370776450328759 ], [ -75.448748969115556, 6.37078334583801 ], [ -75.448742569340368, 6.370791161437698 ], [ -75.448736626966195, 6.370798516992117 ], [ -75.448731141993093, 6.370805412501276 ], [ -75.448723831256416, 6.370815523157729 ], [ -75.44871194650689, 6.370830234266322 ], [ -75.448706462813647, 6.370837588097497 ], [ -75.448700982961753, 6.370846316895091 ], [ -75.448697795238132, 6.370854578755202 ], [ -75.448693697833804, 6.370865593994324 ], [ -75.448689592746391, 6.370873859300555 ], [ -75.448685490219859, 6.370883041251076 ], [ -75.448681391534663, 6.370893598168046 ], [ -75.448678207652051, 6.370903234994604 ], [ -75.448673646443325, 6.370912418668173 ], [ -75.448669083953973, 6.37092114401958 ], [ -75.448663140297, 6.370928041251506 ], [ -75.448657199200824, 6.370935855127706 ], [ -75.448653097953866, 6.370945495400333 ], [ -75.448650372752454, 6.370955130503837 ], [ -75.448647648831439, 6.370965223929502 ], [ -75.448645381031341, 6.37097439898782 ], [ -75.44864311963353, 6.37098586565692 ], [ -75.448640391870924, 6.37099458411613 ], [ -75.448638124070669, 6.371003759174458 ], [ -75.448633564141119, 6.371013401170139 ], [ -75.448628084286582, 6.371022129967564 ], [ -75.448622144469468, 6.371030402165838 ], [ -75.448616202091259, 6.371037757719759 ], [ -75.448608421143618, 6.371043745199247 ], [ -75.44860063635447, 6.371048357712165 ], [ -75.448592852845607, 6.371053428547159 ], [ -75.448582315964188, 6.371058051397905 ], [ -75.448572232642846, 6.37106083923681 ], [ -75.448564679323653, 6.371063021482057 ], [ -75.448565796887678, 6.371055817569053 ], [ -75.448557525233483, 6.371050348707795 ], [ -75.448545801295197, 6.371040538700921 ], [ -75.448536370941241, 6.371030724365291 ], [ -75.448529470225523, 6.371023417054713 ], [ -75.448522112108435, 6.371016569789115 ], [ -75.448514300430986, 6.371011557535019 ], [ -75.448505122950621, 6.371010217027 ], [ -75.448496409273588, 6.371010708084628 ], [ -75.448484486103069, 6.371011669524635 ], [ -75.448475772425951, 6.371012160581924 ], [ -75.448466141384813, 6.371012655084846 ], [ -75.448456966465002, 6.371012231220327 ], [ -75.448447335423765, 6.371012725722902 ], [ -75.448437709503665, 6.371015053514082 ], [ -75.448426710098033, 6.371018303118054 ], [ -75.44841754029909, 6.371019712541647 ], [ -75.448393688835452, 6.371019802129083 ], [ -75.448384510074547, 6.371018003296678 ], [ -75.448374413949665, 6.371016207909705 ], [ -75.448365233908575, 6.371013950754715 ], [ -75.448356512549552, 6.371011691876757 ], [ -75.448347331228334, 6.371008976399202 ], [ -75.448335856497224, 6.371006269535322 ], [ -75.448326673895977, 6.371003095735136 ], [ -75.448317952537153, 6.371000836856452 ], [ -75.448308311254038, 6.370997664778648 ], [ -75.448298210008872, 6.370994036101153 ], [ -75.448289943491758, 6.370990400532524 ], [ -75.448279839686492, 6.370985855210156 ], [ -75.448270654525473, 6.370981764764363 ], [ -75.448260554560861, 6.370978594408235 ], [ -75.448250910718087, 6.37097450568473 ], [ -75.448242185519504, 6.370970871837883 ], [ -75.448233461601106, 6.370967696313095 ], [ -75.448225195084689, 6.370964060743238 ], [ -75.448216929848456, 6.370960883495462 ], [ -75.448196722239999, 6.370951792847099 ], [ -75.448187999602155, 6.370949075643655 ], [ -75.448178818282372, 6.370946360162668 ], [ -75.448169179560736, 6.370944104726351 ], [ -75.448160460763162, 6.370942762489133 ], [ -75.448150362079616, 6.370940050452786 ], [ -75.448139348592207, 6.370938258505891 ], [ -75.448130173672752, 6.370937834635217 ], [ -75.448120082669291, 6.37093787253177 ], [ -75.448111836633629, 6.370941570115964 ], [ -75.448103595717782, 6.370947100989095 ], [ -75.44809443615776, 6.370952176984959 ], [ -75.44808481279567, 6.370955421414183 ], [ -75.44807473331133, 6.37095958421031 ], [ -75.448066485994914, 6.370962823471656 ], [ -75.44805732515421, 6.370967441144724 ], [ -75.44804953907942, 6.370971595327873 ], [ -75.448041295602394, 6.370976209555701 ], [ -75.448033053405126, 6.370981282105703 ], [ -75.448023892563697, 6.370985899778311 ], [ -75.448015650366088, 6.370990972328104 ], [ -75.448008328092172, 6.370996958077402 ], [ -75.447999631051843, 6.371003407316321 ], [ -75.447991847535718, 6.371008478143367 ], [ -75.447972609766481, 6.371018175254535 ], [ -75.447963906325882, 6.371022332881586 ], [ -75.447954288080709, 6.371027410597972 ], [ -75.447946504563689, 6.371032481424501 ], [ -75.44793826492409, 6.371038470617949 ], [ -75.447929561482795, 6.371042628244556 ], [ -75.447921316723452, 6.371046784148634 ], [ -75.447912150760231, 6.371049568530524 ], [ -75.447902526114746, 6.37105235463467 ], [ -75.447892905308564, 6.371056515705552 ], [ -75.447884660548624, 6.371060671609155 ], [ -75.447876875750424, 6.371065284112576 ], [ -75.44786863354976, 6.371070356660582 ], [ -75.447859015302456, 6.371075434375573 ], [ -75.447849393215591, 6.371079137123501 ], [ -75.447840228530936, 6.371082379826628 ], [ -75.447830592366302, 6.371081041028841 ], [ -75.447820949802875, 6.371077410619302 ], [ -75.447804419328762, 6.371071056110371 ], [ -75.447794324482146, 6.371069719034152 ], [ -75.447783774792526, 6.371069758646978 ], [ -75.447773690183624, 6.371072088148914 ], [ -75.447764065536433, 6.37107487425072 ], [ -75.447754898291592, 6.371077200307775 ], [ -75.447745732326325, 6.371079984687012 ], [ -75.447734276789092, 6.371084152644356 ], [ -75.447725568226019, 6.371086476978698 ], [ -75.447717320904374, 6.371089716235343 ], [ -75.447708154938553, 6.371092500614004 ], [ -75.447697614205651, 6.371095748481519 ], [ -75.447687074752253, 6.371099454671184 ], [ -75.447676991421574, 6.371102242493785 ], [ -75.447668744099232, 6.37110548174977 ], [ -75.447659575573454, 6.371107349482993 ], [ -75.4476499509246, 6.371110135582936 ], [ -75.447638948949319, 6.371112468526894 ], [ -75.447629319181786, 6.371113421337103 ], [ -75.447619228172783, 6.37111345922459 ], [ -75.447609597125549, 6.371113953712088 ], [ -75.447600875765318, 6.371111694821008 ], [ -75.447590322235314, 6.371110359462992 ], [ -75.447579310023073, 6.371109025826866 ], [ -75.447567836569547, 6.37110677726788 ], [ -75.447559117768535, 6.371105435020755 ], [ -75.447549941564816, 6.371104552817926 ], [ -75.447539850555657, 6.371104590703825 ], [ -75.447530211831165, 6.37110233525561 ], [ -75.447521491750678, 6.371100534685444 ], [ -75.44751277039073, 6.371098275792742 ], [ -75.447503592907566, 6.371096935266672 ], [ -75.447493956742179, 6.371095596462466 ], [ -75.447485237941279, 6.371094254214008 ], [ -75.44747560177592, 6.37109291540944 ], [ -75.44746688297505, 6.371091573160654 ], [ -75.447457246809719, 6.371090234355719 ], [ -75.44744668944162, 6.371087524027438 ], [ -75.447426497187749, 6.371083933215748 ], [ -75.447415025014152, 6.371082142975487 ], [ -75.447405848810547, 6.371081260769953 ], [ -75.447396670048192, 6.371079461919461 ], [ -75.447379229888043, 6.371075860774076 ], [ -75.447370047287677, 6.371072686955872 ], [ -75.447361779493221, 6.371068593048842 ], [ -75.447353054295959, 6.371064959185965 ], [ -75.447344785222342, 6.371060406956201 ], [ -75.447335607739674, 6.371059066426902 ], [ -75.44732782165552, 6.371063220600671 ], [ -75.447320036850542, 6.371067833096759 ], [ -75.447313171968517, 6.371073358793829 ], [ -75.447305392280427, 6.371079804579403 ], [ -75.447297610033544, 6.371085333720071 ], [ -75.447290289027336, 6.371091777783628 ], [ -75.447283884106199, 6.371097760080995 ], [ -75.44727702434048, 6.371105119067416 ], [ -75.447263302249922, 6.371118920395261 ], [ -75.447256897328145, 6.371124902692427 ], [ -75.447248193877599, 6.371129060309004 ], [ -75.4472376403466, 6.37112772494365 ], [ -75.447228001621767, 6.371125469489598 ], [ -75.447219282820086, 6.371124127236605 ], [ -75.447207348125303, 6.371120963746272 ], [ -75.4471889854822, 6.37111553274832 ], [ -75.447178426834597, 6.371112364091918 ], [ -75.447167408225596, 6.371108738834588 ], [ -75.447155472252078, 6.371105117020469 ], [ -75.447144914883935, 6.371102406685732 ], [ -75.447132978910631, 6.371098784871028 ], [ -75.447121960302056, 6.371095159612593 ], [ -75.447112321577919, 6.371092904156141 ], [ -75.447103596381041, 6.371089270288755 ], [ -75.447093951261465, 6.371084723219655 ], [ -75.447082931374197, 6.371080639637809 ], [ -75.447072368890261, 6.371076096011574 ], [ -75.447057952399589, 6.37107015125684 ], [ -75.446993852358176, 6.371047057771418 ], [ -75.446901795540683, 6.371013750850318 ], [ -75.446863109053709, 6.370999777957876 ], [ -75.446745640264723, 6.37095734951138 ], [ -75.446694267643906, 6.370903889395054 ], [ -75.446589481155556, 6.370776554639082 ], [ -75.446495355511757, 6.370340834414749 ], [ -75.446443334430569, 6.370040204430974 ], [ -75.44635318088902, 6.369779616859234 ], [ -75.446312232401027, 6.369636518432113 ], [ -75.446266149755189, 6.369461732736101 ], [ -75.446204008010881, 6.369279321360859 ], [ -75.446081279009178, 6.369001933928425 ], [ -75.445722464887425, 6.369024394428866 ], [ -75.445644841210665, 6.368661502503238 ], [ -75.445564457147967, 6.368576296552359 ], [ -75.445462613118437, 6.368459115400884 ], [ -75.445360698614152, 6.368315240878985 ], [ -75.445301548970463, 6.368176592082516 ], [ -75.445281832672947, 6.368085555441681 ], [ -75.445295068543317, 6.367980212927093 ], [ -75.445324528826731, 6.367877527832234 ], [ -75.445358047432336, 6.367813702061913 ], [ -75.44533055592062, 6.367746187723777 ], [ -75.445303064417644, 6.367678673382475 ], [ -75.445270360554233, 6.367618379430024 ], [ -75.445237656699504, 6.367558085473737 ], [ -75.445148990928516, 6.367432914369519 ], [ -75.444992863107629, 6.367272378907555 ], [ -75.444801401523321, 6.36712334380614 ], [ -75.444595275593187, 6.366986854301804 ], [ -75.444395802767389, 6.366896025114722 ], [ -75.444315505377276, 6.366761397494835 ], [ -75.444245972653491, 6.366650212071418 ], [ -75.444167454771701, 6.366494369194154 ], [ -75.444111321884066, 6.366364475378496 ], [ -75.444056457472513, 6.366262100179199 ], [ -75.443983302466023, 6.366084012157858 ], [ -75.443948027400793, 6.365980064274448 ], [ -75.44394447059716, 6.365946323258839 ], [ -75.443933627285958, 6.365883789469168 ], [ -75.443926340778603, 6.365854996694971 ], [ -75.443891760678142, 6.365810233391159 ], [ -75.443817815584708, 6.365755198708879 ], [ -75.443730357984762, 6.36569989259592 ], [ -75.443668573150077, 6.365661586222844 ], [ -75.443511259554683, 6.365535912418431 ], [ -75.443415838039371, 6.365448995327037 ], [ -75.443252468350337, 6.365281487382595 ], [ -75.443161044421004, 6.365206446342286 ], [ -75.443073670657071, 6.365163092304322 ], [ -75.443018048326522, 6.365127579060558 ], [ -75.442974324899126, 6.365092034415741 ], [ -75.44294246904127, 6.36504457178749 ], [ -75.442938367112987, 6.364993073641951 ], [ -75.442969899201529, 6.364917708147621 ], [ -75.443017327662687, 6.364854187592154 ], [ -75.443096999740263, 6.364735110493861 ], [ -75.44316726193739, 6.364649652357206 ], [ -75.443214098564809, 6.36459085000913 ], [ -75.443249195090672, 6.364535012733283 ], [ -75.443257664370023, 6.364504852125294 ], [ -75.443257502427286, 6.364443423230899 ], [ -75.443223287319739, 6.364326280374009 ], [ -75.44321173291344, 6.364250519725866 ], [ -75.443218270153295, 6.364197026259741 ], [ -75.443231113852121, 6.364161713443952 ], [ -75.44325647536246, 6.364126683741458 ], [ -75.443300435535974, 6.364077528986061 ], [ -75.443319570910802, 6.364068039293921 ], [ -75.443357030018305, 6.364046276447473 ], [ -75.443387910088191, 6.364012880554622 ], [ -75.443408825096085, 6.363981580444092 ], [ -75.443414313461474, 6.363956272707457 ], [ -75.443422744067902, 6.363906740960509 ], [ -75.443402973062973, 6.363816292055904 ], [ -75.443384055436766, 6.363728453699999 ], [ -75.443407520671244, 6.363616114197034 ], [ -75.443493788212663, 6.363600671467549 ], [ -75.443559164758582, 6.363661917321806 ], [ -75.443631675655809, 6.363692913152672 ], [ -75.44372659239049, 6.363696405098372 ], [ -75.44378149872972, 6.363681290403521 ], [ -75.443800754059524, 6.363655686154292 ], [ -75.443814873388348, 6.363614694642027 ], [ -75.443830477194112, 6.363573603061994 ], [ -75.443849776053725, 6.363543967511782 ], [ -75.443855340707884, 6.363522117592506 ], [ -75.443849947905306, 6.363492324383206 ], [ -75.443855343669981, 6.363481636709331 ], [ -75.443870007825581, 6.363439481177461 ], [ -75.443890572992544, 6.363374708292096 ], [ -75.443900912530395, 6.363327650088333 ], [ -75.443911252067267, 6.363280591884681 ], [ -75.443908012555625, 6.363251419120826 ], [ -75.443873847886252, 6.363203542734268 ], [ -75.443840867777851, 6.363166267208631 ], [ -75.443813799792082, 6.363102565539674 ], [ -75.443822784677749, 6.36306263899959 ], [ -75.443832269905315, 6.363030842673563 ], [ -75.443852974779105, 6.362996196237883 ], [ -75.443873679650451, 6.362961549801917 ], [ -75.443901658386878, 6.362911457305068 ], [ -75.443922217543744, 6.362881521124433 ], [ -75.443942776698421, 6.362851584943453 ], [ -75.44395196386985, 6.362835261467017 ], [ -75.443961151040796, 6.362818937990524 ], [ -75.443989223844113, 6.362759976944898 ], [ -75.444006206722577, 6.36271073619028 ], [ -75.443992238724448, 6.362687618434848 ], [ -75.443969889677632, 6.362650629941245 ], [ -75.443938870810968, 6.362563532413147 ], [ -75.443954517092706, 6.362514078449879 ], [ -75.44395447495917, 6.362458875077587 ], [ -75.444003459370094, 6.362400395921099 ], [ -75.444052443770374, 6.362341916762206 ], [ -75.444080201669493, 6.362320541209614 ], [ -75.444107959566168, 6.362299165656003 ], [ -75.444181360549052, 6.362344107893847 ], [ -75.444275117974527, 6.36240245752954 ], [ -75.444340591823263, 6.362437302712848 ], [ -75.444411010568004, 6.362464497344145 ], [ -75.444440229224796, 6.362469630011581 ], [ -75.444477803077149, 6.362478908548032 ], [ -75.444516505955562, 6.362487425911816 ], [ -75.444552923087201, 6.362487045860005 ], [ -75.444552923087201, 6.362487045860008 ], [ -75.444576696574799, 6.362472716948086 ], [ -75.444586924425707, 6.362463633608678 ], [ -75.4446053878481, 6.362442618709213 ], [ -75.444612804691687, 6.362404163327119 ], [ -75.444616465660118, 6.362361395758019 ], [ -75.44463393982987, 6.36231617718707 ], [ -75.444723019757078, 6.362293815128728 ], [ -75.444787843432167, 6.362292024937144 ], [ -75.444829970005586, 6.362287596320126 ], [ -75.444888833910596, 6.362279345693803 ], [ -75.444925293241539, 6.36224401364884 ], [ -75.444936390477721, 6.362206180198815 ], [ -75.444947487712795, 6.362168346748845 ], [ -75.444952466892346, 6.362141085250268 ], [ -75.44495935341611, 6.362070927686227 ], [ -75.444968491809988, 6.362026211582799 ], [ -75.44498688608887, 6.361976495005958 ], [ -75.4450197027884, 6.361902007157602 ], [ -75.444984821581556, 6.361857207846159 ], [ -75.444918173910949, 6.361823503588228 ], [ -75.444888886578838, 6.361810028843701 ], [ -75.444845597641859, 6.361792356102976 ], [ -75.444809031615804, 6.361764111284769 ], [ -75.444777458916263, 6.361719870518764 ], [ -75.4447602796632, 6.361665338716511 ], [ -75.44476623961458, 6.361626973269129 ], [ -75.444782291479044, 6.361584544584862 ], [ -75.444817076767208, 6.361533027677614 ], [ -75.444855762602273, 6.361476123219982 ], [ -75.444912910854072, 6.361385758284404 ], [ -75.444961942979589, 6.361269126949462 ], [ -75.444993238601157, 6.361230210390495 ], [ -75.445024534218206, 6.361191293830581 ], [ -75.445075274290403, 6.361155313161299 ], [ -75.445132474955116, 6.361115079722795 ], [ -75.445213094660886, 6.36107005851724 ], [ -75.445284561008123, 6.361023532233751 ], [ -75.445309616220626, 6.361007587536972 ], [ -75.445381441916439, 6.360962269397983 ], [ -75.445443202122092, 6.360906949089441 ], [ -75.445490897194176, 6.360853647389911 ], [ -75.445497576060305, 6.360785101398382 ], [ -75.445490481244562, 6.360696033347806 ], [ -75.445428534594242, 6.360617389399504 ], [ -75.445361370955041, 6.360511347750506 ], [ -75.445325238102299, 6.360433474261916 ], [ -75.445318368044155, 6.36039664058451 ], [ -75.445326227157949, 6.360346341370063 ], [ -75.445356480213036, 6.36023030540281 ], [ -75.445391696403476, 6.360156844786869 ], [ -75.445426947575697, 6.360096485417912 ], [ -75.445427867098914, 6.360060502873079 ], [ -75.445419913324443, 6.360023894641982 ], [ -75.445411959551649, 6.359987286410471 ], [ -75.445398547004871, 6.359866968833101 ], [ -75.445406463533956, 6.359811082692242 ], [ -75.445422053518911, 6.35976394678603 ], [ -75.445445549155082, 6.359735104514971 ], [ -75.445454778348704, 6.359688421732746 ], [ -75.445472169978871, 6.359631468600742 ], [ -75.445512702713131, 6.359550473743334 ], [ -75.445569371178323, 6.359465553545375 ], [ -75.445637611089609, 6.359357803100478 ], [ -75.445675191922419, 6.359290647171052 ], [ -75.445703061118024, 6.359252854145344 ], [ -75.445772776591511, 6.359174437259657 ], [ -75.445917889998043, 6.359051116478685 ], [ -75.445960168304936, 6.358977064798816 ], [ -75.446039843568485, 6.358890490734061 ], [ -75.446059400957054, 6.358857732977891 ], [ -75.446076657065348, 6.358759888841011 ], [ -75.446096568205434, 6.358679424192903 ], [ -75.446099437784795, 6.358622825622017 ], [ -75.446123001848406, 6.358528581957509 ], [ -75.44615107669506, 6.358437449342004 ], [ -75.446193948079241, 6.358347071150885 ], [ -75.446224329438067, 6.35829375955555 ], [ -75.446241961571772, 6.358203941146716 ], [ -75.446234820473606, 6.358136712449142 ], [ -75.446230067623361, 6.358094985109224 ], [ -75.446227084129873, 6.358026888772965 ], [ -75.446229870450793, 6.357975641389301 ], [ -75.446233578155088, 6.357941133445203 ], [ -75.446264946212111, 6.357915498867256 ], [ -75.446311331158952, 6.357886181474046 ], [ -75.446341371329979, 6.357860695041869 ], [ -75.44637081405169, 6.357824529364541 ], [ -75.446388420741812, 6.357793850629014 ], [ -75.446392077492632, 6.357756858111917 ], [ -75.446381564938122, 6.357721159596945 ], [ -75.446389529262731, 6.357660958923855 ], [ -75.446408402324877, 6.357601924359232 ], [ -75.446412767903098, 6.357559418360491 ], [ -75.446405903710698, 6.357503522448195 ], [ -75.446387831469607, 6.357354727176933 ], [ -75.44631781672561, 6.356965735047362 ], [ -75.446336865467359, 6.356819965938808 ], [ -75.44638465366404, 6.356518687471406 ], [ -75.446353577665789, 6.356202345383626 ], [ -75.44635244628509, 6.356187076439049 ], [ -75.446240623334745, 6.356121903488462 ], [ -75.446152767770528, 6.356091300998907 ], [ -75.446087779894597, 6.356038551628528 ], [ -75.446070319489593, 6.355971085441115 ], [ -75.446035977531054, 6.355797453216737 ], [ -75.446030050192945, 6.355690245331427 ], [ -75.446114568887594, 6.355633588719781 ], [ -75.446340169877104, 6.355565272833577 ], [ -75.446548941874042, 6.355536504713094 ], [ -75.44659968293594, 6.355513797313244 ], [ -75.446656668654086, 6.355466276329928 ], [ -75.446673008177001, 6.355408523442944 ], [ -75.446648396313819, 6.35528715605304 ], [ -75.446626200601287, 6.355268708790424 ], [ -75.446497520315106, 6.355185551464441 ], [ -75.446351771937216, 6.355185936385171 ], [ -75.446079682193428, 6.355176940206081 ], [ -75.445875506265693, 6.355128906313981 ], [ -75.445719810684565, 6.355041885906981 ], [ -75.445634428078037, 6.354854549153127 ], [ -75.445524531513868, 6.35468296152942 ], [ -75.445465719911311, 6.354488824753932 ], [ -75.445412633484963, 6.354245453128061 ], [ -75.445437733320546, 6.354015033947266 ], [ -75.4454654276431, 6.353888655774995 ], [ -75.445523825972259, 6.353829960636844 ], [ -75.445571681529344, 6.353727576252207 ], [ -75.445562052210747, 6.353575370988 ], [ -75.445561743935542, 6.353458429149406 ], [ -75.445523938425779, 6.353379174859683 ], [ -75.445486132929645, 6.353299920564488 ], [ -75.445427387167086, 6.353207119016276 ], [ -75.445393307915339, 6.352956617531381 ], [ -75.445409467071798, 6.352747748596105 ], [ -75.445334032361643, 6.352656064115935 ], [ -75.445191760178517, 6.352564555736769 ], [ -75.444940568674966, 6.352356392027638 ], [ -75.444722818381592, 6.352156492937829 ], [ -75.444512619348529, 6.351955674805599 ], [ -75.444128896801431, 6.352182218647215 ], [ -75.444011975043239, 6.352199232841027 ], [ -75.443920073283138, 6.35219947500403 ], [ -75.443852798563952, 6.352174129118399 ], [ -75.443610314165113, 6.352099590326436 ], [ -75.443384627245408, 6.352058419678453 ], [ -75.443192139323642, 6.351933630724171 ], [ -75.443091333474811, 6.351725069667252 ], [ -75.442702797077061, 6.351536746946524 ], [ -75.442541542591755, 6.351284863606128 ], [ -75.442380526252904, 6.351016307859579 ], [ -75.442365171600557, 6.350993411159775 ], [ -75.44227302347791, 6.350848385526628 ], [ -75.442249579452664, 6.350657304890686 ], [ -75.442233343093108, 6.350545436803722 ], [ -75.442217106745602, 6.350433568714294 ], [ -75.442216951124877, 6.350374360838108 ], [ -75.442212785177276, 6.350291480370912 ], [ -75.44210215889234, 6.350260193790652 ], [ -75.442094013908815, 6.35016548204106 ], [ -75.442091749417401, 6.350054966146122 ], [ -75.442016441229043, 6.349945390708217 ], [ -75.442564070817809, 6.349861369129624 ], [ -75.442893355886355, 6.349819552438001 ], [ -75.442333141209531, 6.349172913196271 ], [ -75.442105434963764, 6.348826715798203 ], [ -75.442011417941828, 6.348586873326918 ], [ -75.441823104226188, 6.348000482352882 ], [ -75.441698805167547, 6.347438642687673 ], [ -75.441608047790567, 6.347085701066807 ], [ -75.441588712327984, 6.346961463276236 ], [ -75.441563202921103, 6.346747892877197 ], [ -75.441550649263434, 6.346212875721783 ], [ -75.441509187109659, 6.345909844207068 ], [ -75.441518895334298, 6.345881340420727 ], [ -75.44165454344342, 6.345641722652075 ], [ -75.441633074038904, 6.345494230963435 ], [ -75.441569495322071, 6.345367928170889 ], [ -75.441527054297325, 6.345262648077965 ], [ -75.441547804655769, 6.345136123694764 ], [ -75.441568499398045, 6.344988521032955 ], [ -75.441546808784707, 6.344756716722943 ], [ -75.441504423162499, 6.34467251472222 ], [ -75.44141981791897, 6.344567345546103 ], [ -75.441335323053423, 6.344504332568605 ], [ -75.441216095981986, 6.3443691348806 ], [ -75.441124361568995, 6.344115422521008 ], [ -75.441143261084534, 6.34361954765585 ], [ -75.440994509107298, 6.343154312422241 ], [ -75.440846160291784, 6.342859605568907 ], [ -75.440824976345993, 6.342792530019346 ], [ -75.440761113338922, 6.342585810565526 ], [ -75.440735937548297, 6.342517612554711 ], [ -75.44069736951127, 6.342396273007185 ], [ -75.44065454230163, 6.342143445572986 ], [ -75.440671001536344, 6.341990273233173 ], [ -75.441729309963236, 6.342580835305114 ], [ -75.443487220492656, 6.343608201182835 ], [ -75.443717609810648, 6.343784227857272 ], [ -75.443906612859578, 6.343417434107425 ], [ -75.444081975335124, 6.343023543302996 ], [ -75.444257480264383, 6.342683918150556 ], [ -75.444286719828099, 6.342636319894778 ], [ -75.444315959387026, 6.342588721638421 ], [ -75.444356978104267, 6.342489561229642 ], [ -75.444406296040512, 6.34240688766281 ], [ -75.444455570841129, 6.342307705523544 ], [ -75.444463631336504, 6.342233394970056 ], [ -75.444463414306796, 6.342150851773687 ], [ -75.444463262387657, 6.342093071518788 ], [ -75.444438364711672, 6.342043610818675 ], [ -75.444405232638402, 6.342002426215728 ], [ -75.44424011595234, 6.342002860728736 ], [ -75.443918420102165, 6.342111014041642 ], [ -75.444148759218209, 6.34179674175491 ], [ -75.444454163212768, 6.341124633378911 ], [ -75.445141473749928, 6.338647586558225 ], [ -75.445857569209878, 6.336950047313869 ], [ -75.446596295128657, 6.33576731195721 ], [ -75.44672245028714, 6.335774986698309 ], [ -75.446755737720522, 6.335770737420992 ], [ -75.446797305807877, 6.335749819896034 ], [ -75.446893351208345, 6.335735026357769 ], [ -75.446997533675088, 6.33573904151195 ], [ -75.447049975964759, 6.335757951884218 ], [ -75.447123857431208, 6.335750368481828 ], [ -75.447197758339342, 6.335750173791686 ], [ -75.447375198134267, 6.335779261725613 ], [ -75.447500868771257, 6.33579370829879 ], [ -75.447641280455827, 6.335793338274025 ], [ -75.447781517039701, 6.335726468862469 ], [ -75.447833189492215, 6.3357041660081 ], [ -75.447862749815869, 6.335704088093523 ], [ -75.447911404185959, 6.335691483222116 ], [ -75.448075517912926, 6.335584595954626 ], [ -75.448218875171875, 6.335419913723115 ], [ -75.448403315288388, 6.335255123149998 ], [ -75.44851520199984, 6.335142664597334 ], [ -75.448806881698403, 6.335096600672824 ], [ -75.449087668419693, 6.335116398084732 ], [ -75.4492741273055, 6.335129444929437 ], [ -75.449370377211579, 6.335118151475646 ], [ -75.449546624616346, 6.335055952934175 ], [ -75.449678734703667, 6.3349806422797 ], [ -75.449885749207681, 6.334878676713359 ], [ -75.450043449824292, 6.334779674937746 ], [ -75.450508173712095, 6.334853838214184 ], [ -75.450900965387049, 6.334963396292867 ], [ -75.451129670557052, 6.335094789317842 ], [ -75.451194697017243, 6.335140292937648 ], [ -75.451336265950346, 6.335241300993627 ], [ -75.451423877537508, 6.335293950732219 ], [ -75.451510102903129, 6.335345767400478 ], [ -75.451631265616257, 6.335373696566372 ], [ -75.451856972732514, 6.335444294677571 ], [ -75.452085559352696, 6.335539359078213 ], [ -75.45209767362114, 6.335545504883426 ], [ -75.452247483807241, 6.335636295615791 ], [ -75.452304995931925, 6.335693494895547 ], [ -75.452393644195936, 6.335693260468672 ], [ -75.452544868178251, 6.335692860527788 ], [ -75.452685814130447, 6.335749838887618 ], [ -75.452795541242097, 6.335832968547916 ], [ -75.453318036868893, 6.336208260394391 ], [ -75.453420691006187, 6.336290929405501 ], [ -75.453501774662101, 6.336323108648907 ], [ -75.453550459313462, 6.336355373831929 ], [ -75.453604472576288, 6.336360629765749 ], [ -75.45369087043936, 6.336360401049914 ], [ -75.453750112166787, 6.336300855413875 ], [ -75.453787882607571, 6.336289957402666 ], [ -75.453841838742122, 6.336273617624415 ], [ -75.45389035204073, 6.336241095324739 ], [ -75.45398186406581, 6.336132873448416 ], [ -75.45410019033622, 6.335954393945101 ], [ -75.45433738479413, 6.335802594389084 ], [ -75.454499266607684, 6.335758973785602 ], [ -75.454672062332733, 6.335758516083986 ], [ -75.454714609856978, 6.33578694624721 ], [ -75.454856462654945, 6.335977052067902 ], [ -75.454887434309455, 6.336069138508225 ], [ -75.454990351106517, 6.336202584341411 ], [ -75.455139152161777, 6.336328366014429 ], [ -75.455302564203535, 6.336365043386258 ], [ -75.4554435879149, 6.336357247578841 ], [ -75.4555919173619, 6.336304899517576 ], [ -75.455725419697515, 6.336260012935063 ], [ -75.455873867029496, 6.336252197144759 ], [ -75.456044722075887, 6.336296276936999 ], [ -75.456275042407128, 6.33636988718855 ], [ -75.456468186948726, 6.33642132952528 ], [ -75.45666125314456, 6.336443083756132 ], [ -75.456846816964102, 6.336435169204426 ], [ -75.457166483707624, 6.336278495296467 ], [ -75.457270351725441, 6.336255953211792 ], [ -75.457389105497242, 6.336248215995387 ], [ -75.45756720645349, 6.336225476805174 ], [ -75.457686038940693, 6.336247427726928 ], [ -75.457797644944762, 6.336343618835422 ], [ -75.457945675155855, 6.336410064436977 ], [ -75.458021913826443, 6.336455524836277 ], [ -75.458082928748979, 6.336501025653696 ], [ -75.458159066162239, 6.336508433786853 ], [ -75.458250427335088, 6.336515801663083 ], [ -75.458364643867597, 6.336530719157959 ], [ -75.45841792591915, 6.336530577616267 ], [ -75.458585363903765, 6.33652252224932 ], [ -75.45872215298175, 6.336438443840961 ], [ -75.458813392915999, 6.336400149095245 ], [ -75.458950363749935, 6.336384564039837 ], [ -75.459133105903419, 6.336406909794025 ], [ -75.459392066598213, 6.336467105168892 ], [ -75.459994107367436, 6.336681242457317 ], [ -75.460269643953396, 6.336994403018692 ], [ -75.46048613392739, 6.337239056114179 ], [ -75.460899101242035, 6.337581278101048 ], [ -75.460981732331078, 6.337679319858603 ], [ -75.461019117873434, 6.337730429377493 ], [ -75.461056416760428, 6.337748951658102 ], [ -75.461089059321083, 6.337767486331447 ], [ -75.46110775829024, 6.337795368717789 ], [ -75.461100424206421, 6.337894131963875 ], [ -75.461196634302382, 6.337948759587492 ], [ -75.461206020940679, 6.337976666952787 ], [ -75.46121543234473, 6.338013884845723 ], [ -75.461238836878309, 6.33806037645757 ], [ -75.461266860598457, 6.338092889494233 ], [ -75.461313558550671, 6.338143974182709 ], [ -75.46134622591282, 6.33817181955128 ], [ -75.461378967899407, 6.338227596881375 ], [ -75.46139772882718, 6.338278756142714 ], [ -75.461411821041494, 6.338325272347284 ], [ -75.461416539298838, 6.338348536648374 ], [ -75.461435275466584, 6.338390385187738 ], [ -75.461458655270505, 6.33842756587089 ], [ -75.461491335360705, 6.338460066487031 ], [ -75.461528659087776, 6.338487899436397 ], [ -75.461575307242725, 6.338520362843568 ], [ -75.461598637831329, 6.338538922271654 ], [ -75.461669599634391, 6.338609494977394 ], [ -75.461715265074275, 6.338622408292508 ], [ -75.461738595671889, 6.338640967712128 ], [ -75.461752625988851, 6.338664207200594 ], [ -75.461766718566935, 6.338710723576618 ], [ -75.461813420882009, 6.338748113027854 ], [ -75.461838451766184, 6.33876677884743 ], [ -75.46183850162025, 6.33878551140827 ], [ -75.461863615598972, 6.338835397968901 ], [ -75.461876189209676, 6.338866585626756 ], [ -75.461913893747436, 6.33895390383398 ], [ -75.462064245379764, 6.339128340734747 ], [ -75.462155049892246, 6.339218140223478 ], [ -75.462278193274287, 6.339320186767972 ], [ -75.462416845488647, 6.339478498063392 ], [ -75.462488778935992, 6.3395755622559 ], [ -75.462513628319869, 6.339667743103662 ], [ -75.462539039107369, 6.33980881783219 ], [ -75.462604211666218, 6.340006351496012 ], [ -75.462653972580313, 6.340203128850909 ], [ -75.462703753201609, 6.340407479904688 ], [ -75.462785406590115, 6.340519090385397 ], [ -75.462890215711298, 6.340593518503788 ], [ -75.462958550107857, 6.340653923856646 ], [ -75.463023228181257, 6.34076356668229 ], [ -75.463023682493372, 6.34085153467198 ], [ -75.463020248133148, 6.340984079502523 ], [ -75.463054829071041, 6.341169537074653 ], [ -75.463131101873387, 6.341366243910672 ], [ -75.46321484369021, 6.341484309703358 ], [ -75.463309902254579, 6.341624165195322 ], [ -75.463367433535609, 6.341725873744124 ], [ -75.463367433535609, 6.34172587374413 ], [ -75.463267411545658, 6.341678352246553 ], [ -75.463127804849506, 6.341618972186186 ], [ -75.462938470234107, 6.341587609273374 ], [ -75.462892752594016, 6.341625574465847 ], [ -75.46286905458301, 6.341703316042241 ], [ -75.462761703828377, 6.341787255700686 ], [ -75.462733814534531, 6.34178733008252 ], [ -75.462699336814012, 6.341737592536598 ], [ -75.462653066060369, 6.341728468231411 ], [ -75.462606757833285, 6.341705472623639 ], [ -75.462560474765098, 6.341691724647846 ], [ -75.462504502359138, 6.341673956258765 ], [ -75.462439880653079, 6.341720366777086 ], [ -75.462343084066291, 6.341840844084782 ], [ -75.462251010003058, 6.341998299297636 ], [ -75.462131323446314, 6.342206689712339 ], [ -75.462080649744195, 6.34228080597959 ], [ -75.462071449870834, 6.342299325759662 ], [ -75.461988292320726, 6.342331913944156 ], [ -75.461937421571164, 6.342332049552779 ], [ -75.461900345588049, 6.342364787980136 ], [ -75.46176630494115, 6.342392888387837 ], [ -75.461775660988891, 6.342453125563254 ], [ -75.461720226693643, 6.342476392426721 ], [ -75.461678568126601, 6.342462632056291 ], [ -75.461646121764247, 6.3424349757267 ], [ -75.46161363847348, 6.342393448089341 ], [ -75.461548893486849, 6.342393620637126 ], [ -75.461363677552058, 6.34246860890974 ], [ -75.461289646487174, 6.342454934450235 ], [ -75.461204844339747, 6.342421492499027 ], [ -75.461165987956804, 6.342431314784601 ], [ -75.461166233697114, 6.342523641886864 ], [ -75.46111769645043, 6.342548067947212 ], [ -75.460999990209089, 6.342525176851136 ], [ -75.460902967502903, 6.342533521173662 ], [ -75.460858471910242, 6.342602451175037 ], [ -75.460809890621007, 6.34258034515775 ], [ -75.460688493755711, 6.342546304749043 ], [ -75.460640112342276, 6.342676210017719 ], [ -75.4607049483606, 6.342728593730984 ], [ -75.46069692575125, 6.342752872067875 ], [ -75.460632326375503, 6.342789429103494 ], [ -75.460559293764319, 6.342797793556043 ], [ -75.460458341970678, 6.34274744315376 ], [ -75.460365228077961, 6.34270524180235 ], [ -75.460235889466375, 6.342725800072803 ], [ -75.460215929923621, 6.342822880479409 ], [ -75.460276588708311, 6.342855426147492 ], [ -75.460268781157652, 6.342960559433986 ], [ -75.460281234785256, 6.343081810189901 ], [ -75.460301548696563, 6.343118141398325 ], [ -75.460362693915627, 6.34316701124258 ], [ -75.460484150349828, 6.343223286966616 ], [ -75.460544271831679, 6.343262899647902 ], [ -75.460427641331862, 6.343316278687284 ], [ -75.460311010803551, 6.343369657705501 ], [ -75.460212026049845, 6.343405300272514 ], [ -75.460113041278959, 6.34344094282351 ], [ -75.459893972041741, 6.343561814496222 ], [ -75.459461992221563, 6.343665631374062 ], [ -75.459574542520642, 6.343893840377625 ], [ -75.45960426689382, 6.344003956020918 ], [ -75.459613144746754, 6.344081949507271 ], [ -75.459518072690699, 6.344194893885879 ], [ -75.45941858173083, 6.344237666239195 ], [ -75.459301618919952, 6.344308161317907 ], [ -75.459059269713492, 6.344464840333945 ], [ -75.458848371257133, 6.344578019796306 ], [ -75.45879953410153, 6.34460422842492 ], [ -75.458764922822411, 6.344839936736347 ], [ -75.458748411814909, 6.345152048855908 ], [ -75.458766257247362, 6.345678193379099 ], [ -75.458777830598933, 6.345755399986483 ], [ -75.458810143260692, 6.345806785562999 ], [ -75.458807777098087, 6.345824185941356 ], [ -75.458805410935426, 6.345841586319722 ], [ -75.458773599578734, 6.345905621762795 ], [ -75.458736387236996, 6.345943025309112 ], [ -75.45868847210474, 6.345964469635108 ], [ -75.458629630394228, 6.345959713593118 ], [ -75.458603007492982, 6.345970442686188 ], [ -75.458582766124323, 6.346055982342022 ], [ -75.458528696609534, 6.346087883426886 ], [ -75.458475309140567, 6.346056050071141 ], [ -75.458405974258525, 6.346040246835279 ], [ -75.458363417569387, 6.346072335452345 ], [ -75.458336865471594, 6.346109710618451 ], [ -75.458335739476979, 6.346164825878039 ], [ -75.4581501204011, 6.346234983391329 ], [ -75.458115263201861, 6.346105676427457 ], [ -75.458003141988698, 6.346123227998568 ], [ -75.457598003635283, 6.346270958439951 ], [ -75.457123747131448, 6.346384365617036 ], [ -75.456757405774255, 6.346509343787305 ], [ -75.456658831221162, 6.347002693795083 ], [ -75.456502389564136, 6.347312829585372 ], [ -75.456326814723624, 6.347642048077182 ], [ -75.456200083761885, 6.34789815161743 ], [ -75.45621462044538, 6.348053344522914 ], [ -75.456276717905439, 6.348183352231607 ], [ -75.456355767865134, 6.348394521184367 ], [ -75.456301407526723, 6.348685272400258 ], [ -75.456227339796541, 6.348911067495435 ], [ -75.456195857150476, 6.349070185136743 ], [ -75.456181124735139, 6.349326628735258 ], [ -75.456141231030429, 6.349449738363902 ], [ -75.456049401545314, 6.349533019843141 ], [ -75.45604695873736, 6.349587184990655 ], [ -75.456061229548141, 6.349615532530791 ], [ -75.456147334877002, 6.349647572293897 ], [ -75.456302191506808, 6.349681602430707 ], [ -75.456397502862217, 6.34973291154267 ], [ -75.456473463057378, 6.3498273276118 ], [ -75.456490542454617, 6.349949143780402 ], [ -75.456490749762338, 6.350027203038394 ], [ -75.456503552669247, 6.350130573133315 ], [ -75.456518721987933, 6.350234154351056 ], [ -75.456531477556936, 6.35033601988526 ], [ -75.456523258479038, 6.350407362271794 ], [ -75.456493485828346, 6.350503324265548 ], [ -75.456413613447097, 6.350566608467195 ], [ -75.456324005175716, 6.350595377235895 ], [ -75.45626276798491, 6.350633233298994 ], [ -75.456181431601181, 6.350706813166943 ], [ -75.456140871888536, 6.350784360439338 ], [ -75.456157600234278, 6.350943270698296 ], [ -75.456174209540876, 6.351057347846841 ], [ -75.456178612075874, 6.351180132596138 ], [ -75.456162533118047, 6.351265766389236 ], [ -75.456121875964001, 6.351306632092783 ], [ -75.456007631527541, 6.351364420665177 ], [ -75.455905232813862, 6.351402537000252 ], [ -75.455852917065769, 6.35143819586085 ], [ -75.455828576440993, 6.351483093663459 ], [ -75.455816769173495, 6.351642080100141 ], [ -75.455804638667558, 6.351773336075081 ], [ -75.455748032281477, 6.351948744125554 ], [ -75.455680212887572, 6.352077848583155 ], [ -75.455666914631792, 6.352131637558816 ], [ -75.455671043740679, 6.352172126566223 ], [ -75.4556762800092, 6.352283914841652 ], [ -75.455704052107635, 6.352338235384964 ], [ -75.455735028818651, 6.35237481484195 ], [ -75.455742845879271, 6.352411456010153 ], [ -75.455737184057085, 6.352459710509617 ], [ -75.455731460750656, 6.35248481031818 ], [ -75.455716277507307, 6.352581329260143 ], [ -75.455704391522602, 6.352680384990132 ], [ -75.45569638661739, 6.35271628566969 ], [ -75.455702858905511, 6.352781463107791 ], [ -75.455715370356913, 6.352842096026289 ], [ -75.45575764192202, 6.352958521969433 ], [ -75.455837275003532, 6.353098155803967 ], [ -75.455840099754269, 6.353280339981383 ], [ -75.455849850202029, 6.353436867269398 ], [ -75.455843320712688, 6.353611691756759 ], [ -75.455778354485616, 6.353785198638414 ], [ -75.455699488844317, 6.353934576958042 ], [ -75.455624098401614, 6.354014032096766 ], [ -75.455564422501553, 6.354061492803769 ], [ -75.455536596431912, 6.354117504982065 ], [ -75.455518194181565, 6.35421078435626 ], [ -75.455502123190968, 6.35430405753397 ], [ -75.455490615428815, 6.354360026335625 ], [ -75.455455871524123, 6.354451886802403 ], [ -75.455400143099226, 6.354528081620115 ], [ -75.455349555880986, 6.35459193888804 ], [ -75.455371480473815, 6.354766383731139 ], [ -75.455399896661334, 6.354967027294758 ], [ -75.455517591707036, 6.355186947551974 ], [ -75.455718936373074, 6.355406645651834 ], [ -75.455828130032714, 6.355429278512068 ], [ -75.45591710807912, 6.355480855029715 ], [ -75.456043299178688, 6.355606350512671 ], [ -75.456126967937124, 6.355719896367462 ], [ -75.456284719257596, 6.355946082826812 ], [ -75.456449751298933, 6.356127701857242 ], [ -75.456497057940254, 6.356221670058962 ], [ -75.456555044660206, 6.356399249324436 ], [ -75.456571258294076, 6.3565978498516 ], [ -75.456551205626027, 6.356922005336141 ], [ -75.456543501913302, 6.357043072184402 ], [ -75.456599363420764, 6.357167839445656 ], [ -75.456641305965789, 6.357278763878588 ], [ -75.456658935773916, 6.357382813401927 ], [ -75.45670039978819, 6.357578805001299 ], [ -75.456748174079294, 6.357859011554695 ], [ -75.456781567368481, 6.357900486151131 ], [ -75.456820932394365, 6.357964456761507 ], [ -75.456942259493104, 6.35803176877543 ], [ -75.457002889910214, 6.358052965950515 ], [ -75.457033594600816, 6.358076022404568 ], [ -75.457064299293975, 6.358099078856186 ], [ -75.457149234762156, 6.358148689363532 ], [ -75.457172504148957, 6.358189564375067 ], [ -75.457195773539908, 6.358230439384698 ], [ -75.457215995118062, 6.358277750340157 ], [ -75.457240804504366, 6.358413709226152 ], [ -75.457245460231348, 6.358477916602379 ], [ -75.457254723798243, 6.358588409742245 ], [ -75.457269943807944, 6.358823232421909 ], [ -75.457274966802942, 6.358892402090178 ], [ -75.457290061500828, 6.358946996019414 ], [ -75.45733380473412, 6.358993056571245 ], [ -75.457417956984955, 6.359027448598733 ], [ -75.457511273574042, 6.359100330654678 ], [ -75.457520966021534, 6.359157478855642 ], [ -75.457528631959548, 6.359260835461476 ], [ -75.457530095236336, 6.359285943195736 ], [ -75.457527603288653, 6.359337140259274 ], [ -75.457537667874675, 6.359415876824623 ], [ -75.457628432959893, 6.359621090146888 ], [ -75.457672904284479, 6.359667737411228 ], [ -75.457756926454778, 6.359763506357591 ], [ -75.457808499950971, 6.359855155484464 ], [ -75.457854696774518, 6.359930461436123 ], [ -75.457881285225966, 6.360008919700834 ], [ -75.457880182089966, 6.36007546545479 ], [ -75.457879175464399, 6.360135681837111 ], [ -75.457877718523818, 6.360190681070955 ], [ -75.457901801631692, 6.360245650852542 ], [ -75.458027804125777, 6.360324657731995 ], [ -75.458147089566623, 6.360440308143274 ], [ -75.458131623232816, 6.36045175698878 ], [ -75.458116156898299, 6.360463205833969 ], [ -75.458098263287965, 6.360481994638829 ], [ -75.458080369676352, 6.36050078344334 ], [ -75.458045400290814, 6.360539173633053 ], [ -75.458010430900174, 6.360577563821465 ], [ -75.457971407015364, 6.36062492804064 ], [ -75.457905687060475, 6.360692944776913 ], [ -75.457871270380451, 6.360723998942084 ], [ -75.457788907465115, 6.360776011170407 ], [ -75.457737846414261, 6.360808996774825 ], [ -75.457655379856988, 6.360862986053583 ], [ -75.457606321075829, 6.360908609674973 ], [ -75.457573605136787, 6.360970745972049 ], [ -75.457562761646528, 6.36101457415471 ], [ -75.457561883900041, 6.361054114863963 ], [ -75.457561006154066, 6.361093655573189 ], [ -75.457553867053321, 6.361164203035147 ], [ -75.457546727952675, 6.361234750497244 ], [ -75.457537077572638, 6.361265331802529 ], [ -75.457503158362272, 6.361337065083339 ], [ -75.457477778429052, 6.361410131811169 ], [ -75.457464012012011, 6.361481431160399 ], [ -75.457447194759794, 6.361600930702093 ], [ -75.457445591449044, 6.361684883624958 ], [ -75.457445727503014, 6.361735982500186 ], [ -75.457451086381866, 6.361824061343746 ], [ -75.457471830870205, 6.361924903549442 ], [ -75.457530397719097, 6.362159859080125 ], [ -75.457563916355781, 6.362290527891687 ], [ -75.45761183149456, 6.362407729566212 ], [ -75.457654605477643, 6.36247624444078 ], [ -75.457712495711547, 6.362546091732844 ], [ -75.457782886264511, 6.362615141495655 ], [ -75.45782284304363, 6.362657584896802 ], [ -75.457855930169416, 6.362700046714822 ], [ -75.457880068626977, 6.36273566941597 ], [ -75.457894553082298, 6.362757592015085 ], [ -75.457905676494249, 6.362781876796435 ], [ -75.457916799907423, 6.362806161577302 ], [ -75.45792925471514, 6.362839756556211 ], [ -75.457958390201782, 6.362937363227776 ], [ -75.457975371935603, 6.363056575826658 ], [ -75.457982741347266, 6.363154663545439 ], [ -75.457986057229022, 6.363244996872067 ], [ -75.457989392074722, 6.363314222859737 ], [ -75.457979027114945, 6.363370714439244 ], [ -75.457961326168544, 6.363421296968903 ], [ -75.457947902288552, 6.363446816907869 ], [ -75.457890565794443, 6.363543262353452 ], [ -75.457819906921046, 6.363625273853073 ], [ -75.45779399406581, 6.363653666398012 ], [ -75.457728437580172, 6.363725443123156 ], [ -75.457685999307202, 6.363758600091737 ], [ -75.457635635797871, 6.363772896099324 ], [ -75.45758210932074, 6.363782479960319 ], [ -75.457383695411494, 6.36379874416978 ], [ -75.457257080308267, 6.363810442698923 ], [ -75.457023965526247, 6.363807916964024 ], [ -75.456948375799556, 6.363812838985399 ], [ -75.456868911231282, 6.363841374204088 ], [ -75.456849256779336, 6.363854014782342 ], [ -75.456805293707163, 6.363906058062268 ], [ -75.456778031006166, 6.363977253640921 ], [ -75.456746569105889, 6.364083345557257 ], [ -75.456732517117743, 6.364129952719574 ], [ -75.456689326458473, 6.36430265657679 ], [ -75.456664017253402, 6.364467784691352 ], [ -75.456707431839689, 6.364503070597264 ], [ -75.456728350389909, 6.364544589677886 ], [ -75.45681138820315, 6.36464914641909 ], [ -75.456844134267797, 6.364705827042849 ], [ -75.456872494166689, 6.364740599756449 ], [ -75.456932884677713, 6.364812478963947 ], [ -75.456980103092462, 6.364878700829617 ], [ -75.457025659441626, 6.364935856778468 ], [ -75.457119708884534, 6.365055995844308 ], [ -75.457181555186438, 6.365126595419667 ], [ -75.457209093499046, 6.365154585172796 ], [ -75.457285490930531, 6.365254421625541 ], [ -75.457328028658424, 6.365303452607436 ], [ -75.457367169750711, 6.365350797831798 ], [ -75.457391201872127, 6.365395500541648 ], [ -75.457419603844713, 6.365442055148743 ], [ -75.457429642545762, 6.365467001973785 ], [ -75.457464902813243, 6.365537882471539 ], [ -75.457275364129757, 6.365624720264758 ], [ -75.457173551668205, 6.36569127881199 ], [ -75.456353950908564, 6.366215483111011 ], [ -75.45625250276106, 6.366302061845893 ], [ -75.456214632965441, 6.366480364335912 ], [ -75.456196179194436, 6.366667111919889 ], [ -75.456186197874601, 6.366786761911838 ], [ -75.456182295632146, 6.366830305187379 ], [ -75.456160485282282, 6.366896256067811 ], [ -75.456123315374754, 6.366948936940852 ], [ -75.456080632724067, 6.366985894887556 ], [ -75.456010833089408, 6.367017458364381 ], [ -75.455931556676759, 6.367028651781646 ], [ -75.455869180851707, 6.367005515866712 ], [ -75.455845428707491, 6.366988128817009 ], [ -75.455809605714705, 6.366961905657336 ], [ -75.45573032269094, 6.366868121880438 ], [ -75.455624535609829, 6.366714252101192 ], [ -75.455556523114154, 6.366612918663329 ], [ -75.455496289203737, 6.36654525844155 ], [ -75.455439636407576, 6.366506384152681 ], [ -75.455413341050672, 6.366272976960517 ], [ -75.454627445831946, 6.366148774310565 ], [ -75.454383313592146, 6.366121373224137 ], [ -75.454386514478671, 6.365938583938603 ], [ -75.45439713649472, 6.365787292483499 ], [ -75.454401423388873, 6.365604609146771 ], [ -75.454069719116816, 6.36560972441809 ], [ -75.45396252533331, 6.365605238766895 ], [ -75.453883123621424, 6.365599748030818 ], [ -75.453787629987985, 6.365591708082949 ], [ -75.453590106267256, 6.365574605076911 ], [ -75.453505722962035, 6.365567568311881 ], [ -75.453442108485788, 6.365615894171232 ], [ -75.453336485044971, 6.365699576761927 ], [ -75.453217402591747, 6.365902733526464 ], [ -75.453217402591719, 6.365902733526467 ], [ -75.453217402591704, 6.36590273352648 ] ] ] ] } },
{ "type": "Feature", "properties": { "FID_": 0, "Name": "Portachuelo" }, "geometry": { "type": "MultiPolygon", "coordinates": [ [ [ [ -75.48977101895855, 6.401214992871452 ], [ -75.489751498115226, 6.401313977831987 ], [ -75.489708724177589, 6.401532281538483 ], [ -75.489726997305738, 6.401439021684665 ], [ -75.489492563928238, 6.401308700649791 ], [ -75.489315651648269, 6.401258852614737 ], [ -75.488756965949293, 6.401124839193833 ], [ -75.487676087788088, 6.400879215436194 ], [ -75.487597128785538, 6.401088156296216 ], [ -75.487350034213961, 6.401731221665033 ], [ -75.487296145853193, 6.401779641916701 ], [ -75.487261846627391, 6.401736246433649 ], [ -75.487003826527413, 6.401443195270512 ], [ -75.486870565664674, 6.40129828391551 ], [ -75.486802534833615, 6.401259354503298 ], [ -75.486726249258083, 6.401229753261382 ], [ -75.48664953883592, 6.401216632623537 ], [ -75.486328572084176, 6.401220963312092 ], [ -75.48583890492624, 6.401222303568527 ], [ -75.485606460056474, 6.401232916447553 ], [ -75.485550834947844, 6.401238495424745 ], [ -75.485445658839524, 6.401235207756955 ], [ -75.485366614099277, 6.401205821736291 ], [ -75.485268075876732, 6.401136693292692 ], [ -75.48521306785787, 6.401047518449579 ], [ -75.48516913871461, 6.400950988157922 ], [ -75.48507819443202, 6.400756195751 ], [ -75.484924957287262, 6.400395128393593 ], [ -75.484782028074889, 6.400050448445085 ], [ -75.484715723099711, 6.399903885366651 ], [ -75.484656857900546, 6.399772446764202 ], [ -75.484569261133302, 6.399670907104579 ], [ -75.484425700880379, 6.399595303365202 ], [ -75.484258206367628, 6.399510375583208 ], [ -75.48419376928355, 6.399462113453668 ], [ -75.484129332210784, 6.39941385131331 ], [ -75.484051630476742, 6.399355002622622 ], [ -75.483988846552805, 6.3992691942086 ], [ -75.483959405140297, 6.399146455270324 ], [ -75.48394962941326, 6.398930217565642 ], [ -75.483915254016708, 6.398841856603482 ], [ -75.48387085317998, 6.39878510747933 ], [ -75.483759431062651, 6.398674325025818 ], [ -75.483604562289059, 6.398569382000468 ], [ -75.483536680999123, 6.398491238319242 ], [ -75.483330115883476, 6.398334238934862 ], [ -75.483197444893165, 6.398337851579867 ], [ -75.483087761177259, 6.398372442572163 ], [ -75.483019405130904, 6.39842570226062 ], [ -75.482884396189831, 6.398521300763759 ], [ -75.482695568866106, 6.398646749397438 ], [ -75.482501847788924, 6.398669117848582 ], [ -75.482438572593168, 6.398580009835538 ], [ -75.482432619738049, 6.398535599261895 ], [ -75.482383268258559, 6.398558079550901 ], [ -75.482326568696934, 6.398559853776165 ], [ -75.482255032590885, 6.398556870951191 ], [ -75.482188363839214, 6.398524584046663 ], [ -75.482134850861996, 6.398482338481159 ], [ -75.482089411135306, 6.398430929908607 ], [ -75.482043807566328, 6.398353907970035 ], [ -75.482027750289205, 6.39832334448049 ], [ -75.482005287612182, 6.398303324344582 ], [ -75.481980165508375, 6.398289837198351 ], [ -75.481828366201199, 6.398234999217259 ], [ -75.481615761717507, 6.398176602689738 ], [ -75.481427559052889, 6.398130110852287 ], [ -75.481215550185041, 6.398087486025801 ], [ -75.481096853836107, 6.398100532743918 ], [ -75.480836286249058, 6.398173065214758 ], [ -75.480795338382023, 6.398197904358319 ], [ -75.480668430017843, 6.398274887458488 ], [ -75.480551519357107, 6.398336387947833 ], [ -75.480403427853204, 6.398252367764588 ], [ -75.480253557733462, 6.39815462734391 ], [ -75.480004221784924, 6.397934042656483 ], [ -75.480000999135882, 6.398059843935015 ], [ -75.479871975046365, 6.398055755207014 ], [ -75.479647146421186, 6.398090095840115 ], [ -75.479217242750508, 6.398133226413753 ], [ -75.479000465532025, 6.398163212483969 ], [ -75.478825236407403, 6.398187451277395 ], [ -75.478764918354628, 6.397737378053735 ], [ -75.478637552195437, 6.397747528741006 ], [ -75.478581368594135, 6.397700847536448 ], [ -75.478437883568589, 6.397605557611106 ], [ -75.478312588621563, 6.397582774273628 ], [ -75.478199841109358, 6.397591981456895 ], [ -75.478107521644134, 6.397621098842108 ], [ -75.478000175414564, 6.397708837697079 ], [ -75.477889419173508, 6.397835633260288 ], [ -75.477818644348829, 6.397889845620726 ], [ -75.47776103129786, 6.397896477422135 ], [ -75.477661515128261, 6.397856377746909 ], [ -75.477562203008674, 6.397805395285541 ], [ -75.477398823769732, 6.397771212963828 ], [ -75.477303934319579, 6.397748718828707 ], [ -75.477179112343549, 6.397714078138898 ], [ -75.477102143741348, 6.397663574494061 ], [ -75.477011700069525, 6.397566155271955 ], [ -75.476920461407119, 6.397505068250802 ], [ -75.476845903028277, 6.397510150008249 ], [ -75.476736691622492, 6.397525799094315 ], [ -75.476642949183159, 6.397505310172575 ], [ -75.476533041823274, 6.397480467032851 ], [ -75.476479149486153, 6.397492935915453 ], [ -75.476301013159897, 6.397557416787947 ], [ -75.476142462434382, 6.397578636206218 ], [ -75.476034264196784, 6.397669548304235 ], [ -75.475991471062798, 6.397658735736357 ], [ -75.475943661880592, 6.397687507872859 ], [ -75.475900633797607, 6.397767352153383 ], [ -75.475839692529561, 6.397828736955972 ], [ -75.475642010431528, 6.397872871756035 ], [ -75.475504717411766, 6.397941938431129 ], [ -75.475429843138741, 6.397992133973111 ], [ -75.475358599820396, 6.397992173729568 ], [ -75.475281788283922, 6.398158413508659 ], [ -75.475276257080878, 6.398186458144832 ], [ -75.475276348321543, 6.398220093252097 ], [ -75.475332484128316, 6.398242364738667 ], [ -75.475467080319788, 6.398247605042195 ], [ -75.475523201443508, 6.398264270495558 ], [ -75.475540100245766, 6.398292254227742 ], [ -75.475545844374778, 6.398342692130802 ], [ -75.475495543934684, 6.398404493680479 ], [ -75.475299797221481, 6.398595626436262 ], [ -75.475227172651159, 6.398696730301305 ], [ -75.475210502476074, 6.398752834799528 ], [ -75.475198629248354, 6.398952839003961 ], [ -75.475139653839065, 6.399071558794313 ], [ -75.475098408330211, 6.39910326773286 ], [ -75.474784621829855, 6.399349161508821 ], [ -75.474606662026602, 6.399558307090008 ], [ -75.47460698355377, 6.399676865921416 ], [ -75.474548088326159, 6.399825225080948 ], [ -75.47444944711917, 6.39989465261654 ], [ -75.474350833193938, 6.399973960040938 ], [ -75.474291875096952, 6.400122182014156 ], [ -75.474114572847952, 6.400340022615295 ], [ -75.474025841570963, 6.400419303189467 ], [ -75.47385815406615, 6.400538317561115 ], [ -75.473344647029052, 6.400687910135475 ], [ -75.473562382743438, 6.40104462744768 ], [ -75.473979071226879, 6.401636295291335 ], [ -75.474177693556612, 6.401991435091304 ], [ -75.474078694825195, 6.402069832041251 ], [ -75.473979696061988, 6.402148228978422 ], [ -75.473734416234961, 6.402314879219735 ], [ -75.47348239359529, 6.40251343070824 ], [ -75.473463091745231, 6.402516240744368 ], [ -75.473369060660687, 6.402519977880964 ], [ -75.473275029571056, 6.402523715000623 ], [ -75.473163498856763, 6.402496161868132 ], [ -75.473052061995048, 6.402503427879467 ], [ -75.47295442570632, 6.402461909495206 ], [ -75.47288459609986, 6.402399423772745 ], [ -75.472842554828844, 6.402309007013999 ], [ -75.47283515315884, 6.402236166364423 ], [ -75.472781146512304, 6.402083239238737 ], [ -75.472627361483717, 6.402099051309569 ], [ -75.472451090206803, 6.402184077546944 ], [ -75.472388688593213, 6.402224682935244 ], [ -75.472329924664848, 6.402250574202266 ], [ -75.472171909388649, 6.402287762518971 ], [ -75.472076503764583, 6.402361541434071 ], [ -75.472021566129726, 6.402442562475851 ], [ -75.471974042742062, 6.402545619491609 ], [ -75.471955801531308, 6.40259897114917 ], [ -75.471937560317826, 6.402652322806801 ], [ -75.471922483391921, 6.402686468576449 ], [ -75.471896952861542, 6.402763734012329 ], [ -75.471818052795271, 6.402749116327928 ], [ -75.471725123636233, 6.402682225859192 ], [ -75.471661133527263, 6.402672807538545 ], [ -75.471593980486517, 6.402676186727433 ], [ -75.471552369300838, 6.402663510520537 ], [ -75.471497896044525, 6.40262529125898 ], [ -75.471472189215405, 6.402580599583013 ], [ -75.471436645823744, 6.40244641159298 ], [ -75.471417413054994, 6.402430477508418 ], [ -75.471336128813576, 6.402398244472898 ], [ -75.471273390595314, 6.402392500794796 ], [ -75.471143874711444, 6.402440162044566 ], [ -75.471173201247055, 6.402706501188475 ], [ -75.471077643283834, 6.402664303941673 ], [ -75.471060884665434, 6.402512104483757 ], [ -75.470963926083556, 6.402412077370369 ], [ -75.470867432970394, 6.402376187413982 ], [ -75.470755123859504, 6.40243272703223 ], [ -75.470626885128212, 6.402539520376336 ], [ -75.470590834751206, 6.402575769562377 ], [ -75.4707033414726, 6.402715450369695 ], [ -75.470815848258098, 6.402855131138386 ], [ -75.470776891802302, 6.402871314561604 ], [ -75.470535374129966, 6.402634086667945 ], [ -75.470412837711194, 6.402529908068188 ], [ -75.470318923598043, 6.402449037788088 ], [ -75.470224690542651, 6.402373854475844 ], [ -75.470116026773354, 6.402185285941667 ], [ -75.470012576300874, 6.402036497121042 ], [ -75.469881217799838, 6.401924928938819 ], [ -75.469763713080368, 6.401770175539905 ], [ -75.469717102519823, 6.401723325533362 ], [ -75.469670491967776, 6.401676475520668 ], [ -75.469526529043065, 6.401568756168417 ], [ -75.469323638228232, 6.401434003957611 ], [ -75.469294345413289, 6.401421960601744 ], [ -75.46915450309065, 6.401337580169524 ], [ -75.469006405268189, 6.401191072322534 ], [ -75.468961482480651, 6.401163486320723 ], [ -75.468738048728738, 6.401054309145559 ], [ -75.468707003951977, 6.401032633891458 ], [ -75.468672494437797, 6.400999532456057 ], [ -75.468555844564776, 6.400846250629585 ], [ -75.468555844564776, 6.400846250629578 ], [ -75.468560361810859, 6.400834244211685 ], [ -75.468707021340421, 6.400670450461916 ], [ -75.468831799806097, 6.400474036623274 ], [ -75.468891287856579, 6.400310478483188 ], [ -75.468976610283889, 6.400036530439331 ], [ -75.469027201832517, 6.399888096550326 ], [ -75.469064882928052, 6.399719150932788 ], [ -75.469151567550526, 6.399539179667917 ], [ -75.469216312861064, 6.399304801835002 ], [ -75.469308504920718, 6.399146602028872 ], [ -75.469428099582444, 6.399048240432313 ], [ -75.469547708911634, 6.398955325206824 ], [ -75.46957542761227, 6.398877334212246 ], [ -75.469612931928012, 6.398643030037277 ], [ -75.469683213437747, 6.398441316759094 ], [ -75.469824203118989, 6.398195839903972 ], [ -75.469878390264995, 6.398086761958451 ], [ -75.469889109954423, 6.398021373932895 ], [ -75.469818181026781, 6.397983439784839 ], [ -75.469703769939102, 6.397983749143766 ], [ -75.469589505984047, 6.39803852363499 ], [ -75.469528883933023, 6.398033744353064 ], [ -75.469527966398275, 6.397860210943327 ], [ -75.469530919101786, 6.397773710126696 ], [ -75.469530919101786, 6.397773710126693 ], [ -75.469558054660197, 6.397683311157259 ], [ -75.46961262099579, 6.397611997931655 ], [ -75.469650700542616, 6.397518832111123 ], [ -75.469735139959965, 6.39735711219532 ], [ -75.469745810890416, 6.397253072051902 ], [ -75.469690617645895, 6.397084981825331 ], [ -75.469662972477693, 6.396986519475517 ], [ -75.469659968203899, 6.396887990195389 ], [ -75.469637813538682, 6.396794987210311 ], [ -75.469648336639338, 6.396636204392866 ], [ -75.469686216530135, 6.396469136150339 ], [ -75.469702583164718, 6.396424195410947 ], [ -75.469724227677517, 6.396328337080631 ], [ -75.469718596735689, 6.396270872282659 ], [ -75.469688243107683, 6.396183365669243 ], [ -75.469649697882744, 6.396104092669661 ], [ -75.469619388115163, 6.396033008882205 ], [ -75.46961101170082, 6.395972814235544 ], [ -75.469618943241045, 6.395837285275785 ], [ -75.469656993675812, 6.395733170814894 ], [ -75.469681331423573, 6.395620882255782 ], [ -75.469726503371291, 6.395531429691482 ], [ -75.469790279434562, 6.395409827605188 ], [ -75.469795511163611, 6.39531948785481 ], [ -75.469723785683371, 6.395119869957011 ], [ -75.469657728117383, 6.394991402747691 ], [ -75.469643337214137, 6.39477558111677 ], [ -75.469748549461983, 6.394530959013451 ], [ -75.469847275536864, 6.39425817699348 ], [ -75.469902130373356, 6.39408078175363 ], [ -75.469954220324595, 6.393901061841315 ], [ -75.46995571817358, 6.393687376997097 ], [ -75.469935106356303, 6.393397788825101 ], [ -75.46995088008174, 6.393331549449221 ], [ -75.469966653804832, 6.393265310073575 ], [ -75.470042017603433, 6.393032736293032 ], [ -75.470081812413227, 6.392871756561531 ], [ -75.470237580091847, 6.392621085434715 ], [ -75.470500428370642, 6.39229416064887 ], [ -75.470648256430778, 6.392130990160493 ], [ -75.470786679948276, 6.39207699438122 ], [ -75.470920738771227, 6.392063225619077 ], [ -75.470848677785114, 6.391862327482307 ], [ -75.47080365252171, 6.391741794167497 ], [ -75.470781144409571, 6.391683763429727 ], [ -75.470749481621652, 6.39154531950344 ], [ -75.470749039053459, 6.391381464823827 ], [ -75.470851424957246, 6.391223295916276 ], [ -75.470918131328105, 6.391097992398597 ], [ -75.470949730420031, 6.390984049852353 ], [ -75.47095373892067, 6.390814230565669 ], [ -75.470953473372958, 6.390715918878566 ], [ -75.470952583818459, 6.390386574691152 ], [ -75.470965275733533, 6.390121548101068 ], [ -75.470944449982113, 6.389958540101823 ], [ -75.470910798358062, 6.389808099628117 ], [ -75.470878972769668, 6.389611564536586 ], [ -75.470874464571168, 6.389448777120532 ], [ -75.470900417135866, 6.389265528339337 ], [ -75.47097154239475, 6.38911786657349 ], [ -75.471033914157587, 6.38904173008545 ], [ -75.471100710911244, 6.388947709015575 ], [ -75.471136140663845, 6.388826956363339 ], [ -75.471135802760926, 6.388701834087133 ], [ -75.47107552911605, 6.38856208097049 ], [ -75.471089410083394, 6.388432137906922 ], [ -75.471064445389288, 6.388303712381797 ], [ -75.470985126329992, 6.388143144177391 ], [ -75.47097215463846, 6.388025641093258 ], [ -75.470915444010785, 6.387963261183073 ], [ -75.470756556522517, 6.387675330799703 ], [ -75.470815998277246, 6.387664837063265 ], [ -75.470787075194508, 6.387491855177204 ], [ -75.471066828796651, 6.387429742694567 ], [ -75.470957634205476, 6.387225843977262 ], [ -75.470756054239246, 6.386869309169207 ], [ -75.470709628153529, 6.386834208057482 ], [ -75.470667550280339, 6.386803377832621 ], [ -75.470617839389277, 6.386789546961659 ], [ -75.470455482390278, 6.386777400080057 ], [ -75.470359530076664, 6.386768276066548 ], [ -75.470257287229714, 6.386701695525355 ], [ -75.470179350592304, 6.386654282335081 ], [ -75.470156996341785, 6.386583532749226 ], [ -75.470156996341771, 6.386583532749227 ], [ -75.470095458670684, 6.386363251429011 ], [ -75.470102124635034, 6.386255841746816 ], [ -75.470102124635048, 6.386255841746817 ], [ -75.470154537294007, 6.386124263331958 ], [ -75.470205716746747, 6.386067106612271 ], [ -75.470269602517163, 6.38598238950696 ], [ -75.470296090082101, 6.385910693946079 ], [ -75.470284526998526, 6.38584981725467 ], [ -75.470280836813444, 6.385835630689027 ], [ -75.470251478445107, 6.385773001293152 ], [ -75.470105198853318, 6.385701474161216 ], [ -75.469922163823654, 6.385591139418997 ], [ -75.469835877993987, 6.385426066016894 ], [ -75.469777666459393, 6.385302671415579 ], [ -75.469668296556108, 6.385193196977261 ], [ -75.469566527171892, 6.385134629187563 ], [ -75.46952435701759, 6.385112763147183 ], [ -75.469467846840161, 6.385073707601224 ], [ -75.469382270381587, 6.385043544169738 ], [ -75.469314600775718, 6.385002401104357 ], [ -75.469192759638048, 6.384958884936076 ], [ -75.469028759763219, 6.384812209542894 ], [ -75.468889047314434, 6.384740555380781 ], [ -75.468837836419738, 6.384566524439294 ], [ -75.468796952172838, 6.384458412330453 ], [ -75.468767921340373, 6.384394857115035 ], [ -75.468742509183656, 6.384341881639661 ], [ -75.468691576278715, 6.384271000307301 ], [ -75.468657584562621, 6.384210213507325 ], [ -75.468613437891207, 6.384146076486134 ], [ -75.468542298263799, 6.384109066424836 ], [ -75.468464463532527, 6.384099132313989 ], [ -75.468369642073242, 6.384062186061811 ], [ -75.468315425429807, 6.384028511658584 ], [ -75.468315425429807, 6.384028511658578 ], [ -75.46828485421274, 6.383981248275584 ], [ -75.468208341161073, 6.383832647088967 ], [ -75.468165856192599, 6.383758357882877 ], [ -75.468111000076121, 6.383700804198092 ], [ -75.468017916227197, 6.383680761590417 ], [ -75.467928179962982, 6.383647184699606 ], [ -75.467850160223492, 6.38356622857517 ], [ -75.467807816006967, 6.383482940425064 ], [ -75.467675533807679, 6.383317485984977 ], [ -75.467653518579837, 6.3831419614664 ], [ -75.467675927481565, 6.382960390548905 ], [ -75.467783674765741, 6.382569255587628 ], [ -75.467775698562122, 6.382479715891678 ], [ -75.467703195922539, 6.382421577124536 ], [ -75.467602296867753, 6.382366268651443 ], [ -75.467557765447069, 6.382320916370599 ], [ -75.467528275005662, 6.382239241025655 ], [ -75.467502492862863, 6.382178223781894 ], [ -75.46742214075158, 6.382090711306205 ], [ -75.467306588942236, 6.381929575931903 ], [ -75.467167726041325, 6.38172129895687 ], [ -75.467036285632418, 6.381623495035086 ], [ -75.466982389641259, 6.381585921467631 ], [ -75.466912020839544, 6.381535396738403 ], [ -75.466714682540655, 6.381410631838321 ], [ -75.466629382389755, 6.381322570828822 ], [ -75.466525259572677, 6.381259003390843 ], [ -75.466427706836072, 6.381160972259881 ], [ -75.466213081441396, 6.380557294987971 ], [ -75.467087008639922, 6.380481275862892 ], [ -75.467087813339788, 6.380404033524719 ], [ -75.467599595972828, 6.380372377769124 ], [ -75.468081945020032, 6.380334260310041 ], [ -75.468316331574826, 6.380315331762643 ], [ -75.468461387423417, 6.380306088611373 ], [ -75.468465133245445, 6.380293748022669 ], [ -75.468508833449832, 6.380149777927489 ], [ -75.468469041415702, 6.380072191749905 ], [ -75.46840204244414, 6.379891760154637 ], [ -75.468320121043121, 6.3793687762928 ], [ -75.46828365631184, 6.379147265791659 ], [ -75.468240578670034, 6.378960820754171 ], [ -75.468123725542469, 6.378656865578132 ], [ -75.467927418428602, 6.378470092420592 ], [ -75.468207054181377, 6.377662550305243 ], [ -75.468421573573266, 6.377187708812289 ], [ -75.468760721751849, 6.376722732386193 ], [ -75.469255052828373, 6.37642749424951 ], [ -75.470028430664243, 6.376332597749363 ], [ -75.471111384074476, 6.37628327136047 ], [ -75.471683826635697, 6.376266258129293 ], [ -75.472506686710631, 6.376310577197891 ], [ -75.4736046517381, 6.376091048980883 ], [ -75.474114869063655, 6.375950451328394 ], [ -75.474324409739339, 6.375876223108471 ], [ -75.474377519032615, 6.376003573393396 ], [ -75.474489965192149, 6.376144760318518 ], [ -75.474578743426207, 6.376217677407237 ], [ -75.474713894188298, 6.376348225139105 ], [ -75.474872246116774, 6.376513363581368 ], [ -75.474995946856907, 6.376682446118721 ], [ -75.475088743025211, 6.376816958706616 ], [ -75.475226078274488, 6.377046415589828 ], [ -75.475266045327658, 6.377140600549994 ], [ -75.475261282508981, 6.377215055097826 ], [ -75.475271465611357, 6.37730932064781 ], [ -75.475326378107283, 6.37742331596643 ], [ -75.475401026195001, 6.377492593058476 ], [ -75.475540247146355, 6.37757658362916 ], [ -75.475662808906279, 6.377713509378943 ], [ -75.475692225275068, 6.377780763974633 ], [ -75.475771161858674, 6.377913144409688 ], [ -75.475857023611638, 6.377975694730124 ], [ -75.47600139993645, 6.378071056637348 ], [ -75.476123622283794, 6.378120311956199 ], [ -75.47620766154597, 6.378158227370704 ], [ -75.476337285798166, 6.378188711507253 ], [ -75.476425069441063, 6.378134752613593 ], [ -75.47650838116445, 6.378069231999923 ], [ -75.476527773823449, 6.377950930425122 ], [ -75.476542890770048, 6.377897489091633 ], [ -75.476546530124438, 6.377832635885866 ], [ -75.476573154586802, 6.377802049306172 ], [ -75.476634748109703, 6.377787117663527 ], [ -75.476768458490739, 6.37780247731585 ], [ -75.476851134498119, 6.377845488009661 ], [ -75.476937721086671, 6.377880627154299 ], [ -75.477110841083046, 6.377931253668635 ], [ -75.477201337740979, 6.377958521229884 ], [ -75.477287956290908, 6.378005451465608 ], [ -75.477406132465333, 6.378091600509333 ], [ -75.477525857545601, 6.378157488451268 ], [ -75.477646067962681, 6.37821977691673 ], [ -75.477724581699576, 6.378303050054696 ], [ -75.477777815734768, 6.37837483256058 ], [ -75.477789123484882, 6.378466928449675 ], [ -75.477826332797761, 6.378595804345112 ], [ -75.477903937646929, 6.378669295019467 ], [ -75.478007464587776, 6.378786936167694 ], [ -75.478062944180124, 6.378856801532766 ], [ -75.478122209019574, 6.378963507488106 ], [ -75.478196078664453, 6.379018582794934 ], [ -75.478274495388249, 6.379063486062582 ], [ -75.478363028711499, 6.379089041250519 ], [ -75.478433102630476, 6.379103591305511 ], [ -75.478503106107709, 6.379092346507504 ], [ -75.478569353763291, 6.379055316226331 ], [ -75.478631845589632, 6.378992500465297 ], [ -75.478694357382537, 6.378937055196068 ], [ -75.478767986765448, 6.378903689826463 ], [ -75.478849058369988, 6.378896099914621 ], [ -75.478967059297389, 6.378914204799295 ], [ -75.479052593233106, 6.378950925190842 ], [ -75.47912272709236, 6.37898758537331 ], [ -75.479152334631308, 6.379031725778883 ], [ -75.479167168644651, 6.379064851090333 ], [ -75.47921684959438, 6.379145074078724 ], [ -75.479318603504481, 6.379178676577032 ], [ -75.479444006255704, 6.37920781643149 ], [ -75.479507093809303, 6.379204388681976 ], [ -75.479621349448593, 6.379200393501328 ], [ -75.479665611131438, 6.379211328506369 ], [ -75.479728392756073, 6.379255378468528 ], [ -75.479820772003407, 6.379339883840362 ], [ -75.479891215422754, 6.379490779578733 ], [ -75.479936203712327, 6.379564799872711 ], [ -75.480010163082298, 6.379653040176986 ], [ -75.480098766545012, 6.379704390166574 ], [ -75.480176232334244, 6.379726290105673 ], [ -75.480279449865506, 6.379729694654569 ], [ -75.480456316725665, 6.379707103746092 ], [ -75.480692911044144, 6.379662425770599 ], [ -75.480865410807667, 6.37967453949564 ], [ -75.481076164275379, 6.379677599187429 ], [ -75.481324204911928, 6.379709775608461 ], [ -75.481480554470409, 6.379749309056191 ], [ -75.481592807300416, 6.379803035295222 ], [ -75.481700076340033, 6.379905592024402 ], [ -75.481770265519472, 6.379991793897664 ], [ -75.48179525732202, 6.380102802200032 ], [ -75.481799797068746, 6.380259119388733 ], [ -75.481746859524009, 6.380366932566536 ], [ -75.481722404332899, 6.380453391846562 ], [ -75.481710350284629, 6.380560387148424 ], [ -75.481731215518124, 6.380667292596049 ], [ -75.481772600457035, 6.380753572790457 ], [ -75.481859272322211, 6.380847957622693 ], [ -75.481941751030107, 6.380913556255476 ], [ -75.482005398898593, 6.380947096164614 ], [ -75.482030359724249, 6.380986782498614 ], [ -75.482025612752224, 6.381111433062715 ], [ -75.48199103543017, 6.381191035626099 ], [ -75.481911843949121, 6.381315483291332 ], [ -75.481771858118421, 6.381590910437996 ], [ -75.481614148156922, 6.381686095836709 ], [ -75.48155398258875, 6.381744321054791 ], [ -75.481503683571262, 6.381822500601205 ], [ -75.481467185349359, 6.381909823734343 ], [ -75.481449092187475, 6.382010869127119 ], [ -75.481458488366954, 6.382088885985366 ], [ -75.481546134081398, 6.3822355512767 ], [ -75.48162764272945, 6.382316099514523 ], [ -75.481673810802718, 6.382396364966763 ], [ -75.481702794831364, 6.382493903930998 ], [ -75.481726004022605, 6.382579973986702 ], [ -75.481714797223788, 6.382683364761586 ], [ -75.481781317052111, 6.382878013643963 ], [ -75.481880475975004, 6.38298130302848 ], [ -75.481988390928251, 6.383088603537424 ], [ -75.482069121375815, 6.383093763313902 ], [ -75.482172745955751, 6.383107603138857 ], [ -75.482285826011363, 6.383135538752713 ], [ -75.482347086858667, 6.383154200933913 ], [ -75.48238484423301, 6.383187048955694 ], [ -75.482384921055996, 6.383215292160196 ], [ -75.482375606418586, 6.383252975402509 ], [ -75.482404164405779, 6.383365871310931 ], [ -75.48240914209488, 6.383464709547625 ], [ -75.482376502711901, 6.383582479453549 ], [ -75.482315561911662, 6.383681497465783 ], [ -75.482244805001272, 6.383760793753076 ], [ -75.482057725703072, 6.384011582884262 ], [ -75.482333590925393, 6.384054939385738 ], [ -75.482492407354272, 6.384138443378201 ], [ -75.482753953524607, 6.384263635896341 ], [ -75.482875753349319, 6.384381268421077 ], [ -75.482923614294847, 6.384462783272166 ], [ -75.483005484939554, 6.384537401729724 ], [ -75.483078365066106, 6.384670119247342 ], [ -75.483089109387976, 6.384705900516859 ], [ -75.483103645202803, 6.384884381397956 ], [ -75.483156971924771, 6.385044196968355 ], [ -75.483194621414796, 6.385147864752109 ], [ -75.483211500584559, 6.38524743837309 ], [ -75.483270056588282, 6.385405009575853 ], [ -75.483378525922532, 6.385595651379883 ], [ -75.483437214120329, 6.385707778310862 ], [ -75.483490219428333, 6.385891353036812 ], [ -75.483543242657461, 6.386081489143613 ], [ -75.483563128681396, 6.386153610511869 ], [ -75.483563307387413, 6.386219223837836 ], [ -75.483537126091392, 6.38624554098211 ], [ -75.483484674661099, 6.386265368287202 ], [ -75.483419097093289, 6.386285231049108 ], [ -75.483357402572722, 6.386285399201197 ], [ -75.483169164299497, 6.386403731367976 ], [ -75.483330509671731, 6.38671750138984 ], [ -75.483499158978276, 6.386958343772724 ], [ -75.483653676214288, 6.387244116225665 ], [ -75.48386530311501, 6.387484612001359 ], [ -75.483910393015265, 6.387534424650368 ], [ -75.484000396461511, 6.387569134088724 ], [ -75.484115346880898, 6.387593788218195 ], [ -75.484200232812313, 6.387583569435746 ], [ -75.484270066075169, 6.387548424057452 ], [ -75.484372043836288, 6.387471281868337 ], [ -75.484417884027692, 6.387460966546976 ], [ -75.484535200949153, 6.387496312425117 ], [ -75.484581152256979, 6.387526757858024 ], [ -75.484616994549881, 6.38758780135552 ], [ -75.484632436673806, 6.387643805693757 ], [ -75.484637769263728, 6.387730408418365 ], [ -75.484643157423392, 6.387837391209979 ], [ -75.484679152565079, 6.387954481065386 ], [ -75.484715254430611, 6.388092967847539 ], [ -75.484710380267316, 6.38817450297013 ], [ -75.484651544543567, 6.388302863051008 ], [ -75.484713447190089, 6.38848684808916 ], [ -75.484864178393209, 6.388505266586934 ], [ -75.484915184580601, 6.388520412769319 ], [ -75.484991729646509, 6.388555869766745 ], [ -75.485027543767231, 6.388606723334378 ], [ -75.485053373972903, 6.388734030827409 ], [ -75.48507765346649, 6.388922685584554 ], [ -75.485116215535172, 6.38903729672907 ], [ -75.485161222288767, 6.389177382667683 ], [ -75.485250957170635, 6.389355585378967 ], [ -75.48531510572505, 6.389501992277461 ], [ -75.485366278007817, 6.38956558384158 ], [ -75.485411128389686, 6.389648312115124 ], [ -75.485457624384537, 6.389750405091687 ], [ -75.485507292667876, 6.389838118706034 ], [ -75.485490996456605, 6.389904050081904 ], [ -75.485369762698056, 6.390048081038373 ], [ -75.485585110642873, 6.390178321374266 ], [ -75.485706070896597, 6.390227406186375 ], [ -75.48587098256607, 6.390281861328534 ], [ -75.486098755571632, 6.390359080149402 ], [ -75.486220461636918, 6.390412759039779 ], [ -75.486316242175135, 6.390479397701398 ], [ -75.486423072093984, 6.390416706208862 ], [ -75.486468044563125, 6.390398579361103 ], [ -75.486504025098967, 6.390384978306657 ], [ -75.486544520036531, 6.390375865813145 ], [ -75.486585002677984, 6.39036225213196 ], [ -75.486643518348686, 6.390357591274171 ], [ -75.486702022242667, 6.390348429539699 ], [ -75.486756060386512, 6.390352782714566 ], [ -75.486810196892378, 6.390393143148219 ], [ -75.486837345330486, 6.390442579480687 ], [ -75.486977257174686, 6.390568223141067 ], [ -75.487067641332374, 6.390675604534397 ], [ -75.48722566034391, 6.390799030383892 ], [ -75.487394926606015, 6.390916795409209 ], [ -75.487457057191122, 6.390984184124618 ], [ -75.487489547122323, 6.391126827008099 ], [ -75.487571450411252, 6.391268720424169 ], [ -75.48769108990237, 6.391387673597338 ], [ -75.48777996005478, 6.39151440675914 ], [ -75.487891754747253, 6.391579512755173 ], [ -75.487938354159013, 6.391649159225479 ], [ -75.488000366788, 6.391806747718618 ], [ -75.488062411033624, 6.391975879652433 ], [ -75.488085453024667, 6.392132908361285 ], [ -75.488076092895184, 6.392320465488216 ], [ -75.488081326185224, 6.392429021786101 ], [ -75.488106372697445, 6.392562199315822 ], [ -75.488195781416167, 6.392764290926429 ], [ -75.488260224622024, 6.392862815132339 ], [ -75.488334432883974, 6.392921832460116 ], [ -75.48840850580342, 6.392931499625642 ], [ -75.48850726114722, 6.39294109939799 ], [ -75.488699929339873, 6.39299485717482 ], [ -75.488783709347331, 6.393047491596706 ], [ -75.4888262336721, 6.393108966045671 ], [ -75.488834092719415, 6.393166686084393 ], [ -75.488822909760813, 6.393301447238578 ], [ -75.488796430452794, 6.393474744668047 ], [ -75.488773254199899, 6.393540677412268 ], [ -75.48876380589023, 6.393608113202093 ], [ -75.488776255012382, 6.393678576273924 ], [ -75.488776351231905, 6.393713731494586 ], [ -75.48874715237946, 6.393871804536242 ], [ -75.488859029053515, 6.393942015452595 ], [ -75.488894298754886, 6.393980003767075 ], [ -75.488947932306786, 6.394086510386623 ], [ -75.48904731590423, 6.394201959123937 ], [ -75.48913466717228, 6.394363077679395 ], [ -75.489134956037958, 6.394468580150934 ], [ -75.489123033024228, 6.394648589133961 ], [ -75.489073676374531, 6.394760433646707 ], [ -75.488987055648295, 6.394866174264119 ], [ -75.488878682661124, 6.394975111201939 ], [ -75.488990142942498, 6.395164934707985 ], [ -75.489081121899872, 6.395265437716796 ], [ -75.489131733034668, 6.395345901117181 ], [ -75.48914200425024, 6.395416399546536 ], [ -75.489142293950806, 6.395522188825222 ], [ -75.489082335834325, 6.395708745113017 ], [ -75.48899720969726, 6.395905445484159 ], [ -75.489001975004598, 6.396187081573438 ], [ -75.489023665347617, 6.39633073541287 ], [ -75.489087833003268, 6.396431691048682 ], [ -75.489194550866173, 6.396516561870949 ], [ -75.489285223100026, 6.396574863044169 ], [ -75.489407796795163, 6.396617108778927 ], [ -75.489503720520119, 6.396648781902812 ], [ -75.489679638647004, 6.396728140137167 ], [ -75.489776947752787, 6.39676171154994 ], [ -75.489851535225228, 6.396790653774457 ], [ -75.489935920834213, 6.396848716095618 ], [ -75.489958827859738, 6.396932855112342 ], [ -75.489952597545951, 6.397023551016217 ], [ -75.489943109724422, 6.397107778885066 ], [ -75.4899401632116, 6.397214658412959 ], [ -75.489927507319024, 6.397324803263667 ], [ -75.489879092857535, 6.397389706789037 ], [ -75.489834967666866, 6.397433368775729 ], [ -75.48980083728469, 6.397479123382124 ], [ -75.489783897060406, 6.397547661543205 ], [ -75.489738879878345, 6.397787505960191 ], [ -75.489687934029334, 6.397947459588953 ], [ -75.489716843628898, 6.39810827396317 ], [ -75.489766917556494, 6.398270984684654 ], [ -75.48979571794878, 6.398356576988316 ], [ -75.48981017668676, 6.39842079080393 ], [ -75.489781865838779, 6.398513679249683 ], [ -75.489682591237809, 6.398770965486394 ], [ -75.489648740479936, 6.398889714669195 ], [ -75.48964433614951, 6.399033655609105 ], [ -75.489678429045995, 6.399215872136543 ], [ -75.489683582955493, 6.399345393905583 ], [ -75.489717478633608, 6.399455646433331 ], [ -75.489775408983689, 6.39958022596146 ], [ -75.489804575896102, 6.399653492890209 ], [ -75.489833593875247, 6.399734972889974 ], [ -75.489848266950816, 6.399835682840431 ], [ -75.489829320839263, 6.399926889738115 ], [ -75.489829478684527, 6.3999844608831 ], [ -75.489815568182053, 6.400162011434517 ], [ -75.48987404474164, 6.400291350452494 ], [ -75.489966986460374, 6.400502149134819 ], [ -75.490013801180226, 6.400732860410185 ], [ -75.490014181020243, 6.400871363424334 ], [ -75.489968342974805, 6.400996802326788 ], [ -75.489856549485481, 6.401129017515769 ], [ -75.48977101895855, 6.401214992871452 ] ] ] ] } },
{ "type": "Feature", "properties": { "FID_": 0, "Name": "La Holanda" }, "geometry": { "type": "MultiPolygon", "coordinates": [ [ [ [ -75.48550187213128, 6.428084104277566 ], [ -75.485265019867242, 6.428183981703542 ], [ -75.485193663737817, 6.428305454896364 ], [ -75.484989989325953, 6.428438317013836 ], [ -75.484769862447322, 6.428604299539697 ], [ -75.484483651071827, 6.428803539364907 ], [ -75.484096173746366, 6.429064009653486 ], [ -75.483430865663678, 6.429455466517099 ], [ -75.482602621545283, 6.430035901278761 ], [ -75.482102844413475, 6.430176921088257 ], [ -75.481572894632819, 6.430503768113216 ], [ -75.480975605285067, 6.430710602032865 ], [ -75.481130472498606, 6.430186889564685 ], [ -75.4812712742401, 6.429960309269304 ], [ -75.481336754597322, 6.429771634681309 ], [ -75.481088528673396, 6.428641343134299 ], [ -75.481580977022404, 6.427866972877842 ], [ -75.48153330958597, 6.427513639991951 ], [ -75.481405537139068, 6.427016421010102 ], [ -75.481317523863368, 6.426673921671613 ], [ -75.480755008245808, 6.425901843390489 ], [ -75.479940766421819, 6.425233430689136 ], [ -75.479284891376466, 6.424474943398989 ], [ -75.479162905220662, 6.424293488007351 ], [ -75.479076857457812, 6.423645017168925 ], [ -75.478874640877009, 6.42366241944493 ], [ -75.478756493251197, 6.423603768946692 ], [ -75.478806230550845, 6.423300341966914 ], [ -75.478822073782396, 6.422929609749326 ], [ -75.478812979399549, 6.422685316495001 ], [ -75.478627204497883, 6.422551027958379 ], [ -75.478551408653288, 6.422479845139497 ], [ -75.478433677413662, 6.422472575065767 ], [ -75.478278058052837, 6.422495774899948 ], [ -75.478179364345067, 6.422507431826046 ], [ -75.478114772074491, 6.422492424958592 ], [ -75.478030642010012, 6.42234388566875 ], [ -75.47797314677706, 6.422146659270751 ], [ -75.477949608058722, 6.421869627839492 ], [ -75.477736746755426, 6.421745400450289 ], [ -75.477503370972386, 6.421624142381172 ], [ -75.477328652176112, 6.421605640084368 ], [ -75.476971786580819, 6.421629388544149 ], [ -75.47664923911293, 6.421706184852121 ], [ -75.47659213759168, 6.421653198895158 ], [ -75.476462425772965, 6.421429598434808 ], [ -75.476298829765625, 6.421312373678059 ], [ -75.476043143331935, 6.421296832842033 ], [ -75.475693778743462, 6.42128639761088 ], [ -75.475558339842195, 6.421327311578738 ], [ -75.475387511051423, 6.421444838937965 ], [ -75.475175320218071, 6.421136204644459 ], [ -75.474850093121702, 6.421025435254087 ], [ -75.474717927557819, 6.420964892518311 ], [ -75.474595639657664, 6.420802818295437 ], [ -75.474402191687247, 6.42061048626317 ], [ -75.474269832988782, 6.420478890517069 ], [ -75.474107206144481, 6.420418430493833 ], [ -75.474016153001159, 6.420540483673522 ], [ -75.473945379351775, 6.420652331576073 ], [ -75.47383371482988, 6.420662785855894 ], [ -75.473681324573576, 6.420632749029937 ], [ -75.473610358157913, 6.420673544024337 ], [ -75.473407474171069, 6.420745149099687 ], [ -75.473265265313401, 6.420725235164507 ], [ -75.473204204354957, 6.420674648955041 ], [ -75.473102693611878, 6.420685075460277 ], [ -75.473011391349701, 6.420715775295274 ], [ -75.472889545331114, 6.420716106667484 ], [ -75.47277768764647, 6.420655508136326 ], [ -75.472706445318252, 6.420594798824783 ], [ -75.472543542220961, 6.420432834385639 ], [ -75.472289503429863, 6.420362471845688 ], [ -75.472035629560239, 6.420353011133751 ], [ -75.47159760796491, 6.420372123513236 ], [ -75.471646916577598, 6.419834014630284 ], [ -75.471281158525926, 6.41975380426686 ], [ -75.471118531558417, 6.419693343167692 ], [ -75.470925471214485, 6.419643115049666 ], [ -75.470752691000627, 6.419582681385193 ], [ -75.47052889339237, 6.419431031502785 ], [ -75.47036822177229, 6.42009124867352 ], [ -75.469429981439632, 6.419636318309111 ], [ -75.468961805208025, 6.4192315687414 ], [ -75.468829269044633, 6.419033993662721 ], [ -75.468696732992512, 6.418836418526262 ], [ -75.468452381153384, 6.4185934691596 ], [ -75.468096365648805, 6.418360972568638 ], [ -75.467841887976206, 6.418128200650015 ], [ -75.467638399812259, 6.417976494484272 ], [ -75.467932008396588, 6.417661034019666 ], [ -75.468286402480871, 6.417294656691332 ], [ -75.468527229545543, 6.41677260375963 ], [ -75.468484695533817, 6.416331893818786 ], [ -75.468317662425093, 6.415887025039279 ], [ -75.468109952184165, 6.415515641306253 ], [ -75.468026301508516, 6.415157697383358 ], [ -75.467763247328591, 6.414703808702269 ], [ -75.467745297388134, 6.414387260607457 ], [ -75.467609615827214, 6.413946556254959 ], [ -75.467415948334221, 6.413671564346425 ], [ -75.467304924514679, 6.413382573183603 ], [ -75.467262131761629, 6.412845433084946 ], [ -75.4670923938653, 6.412456474227669 ], [ -75.467006459240764, 6.4123306082122 ], [ -75.466830547868781, 6.412250020875505 ], [ -75.466720613710763, 6.41223309204277 ], [ -75.466731035752019, 6.412016823763804 ], [ -75.466665796982966, 6.411922180015128 ], [ -75.466579872315549, 6.411830557283691 ], [ -75.466305195884004, 6.411543547872641 ], [ -75.466255400602407, 6.411437974514492 ], [ -75.465903246924995, 6.410691354923171 ], [ -75.466365369423301, 6.409242459235283 ], [ -75.466073217804492, 6.40894791008052 ], [ -75.466032128234531, 6.4087426156727 ], [ -75.466076305973843, 6.408637438393525 ], [ -75.46618127629192, 6.408592707359956 ], [ -75.466306336610131, 6.40850347455553 ], [ -75.466487710796244, 6.408313072154164 ], [ -75.466745914707076, 6.408134584261959 ], [ -75.466798964254096, 6.408113171311432 ], [ -75.466819020958937, 6.408056547487167 ], [ -75.466867283925907, 6.407967521802632 ], [ -75.46685891665588, 6.407862486497669 ], [ -75.466842498031951, 6.407769595101965 ], [ -75.466797698591947, 6.407644454758056 ], [ -75.466728887445043, 6.407608274548957 ], [ -75.466994315221541, 6.407469351353635 ], [ -75.467159416494525, 6.407349032694964 ], [ -75.467206451292398, 6.407244500667169 ], [ -75.467223659103652, 6.407170983869977 ], [ -75.467240866912093, 6.407097467073074 ], [ -75.467236424652725, 6.406884802307809 ], [ -75.467135448440033, 6.406734267975294 ], [ -75.46701149370287, 6.40666886641877 ], [ -75.467498516633569, 6.406197116937325 ], [ -75.467606497401007, 6.406076952627704 ], [ -75.467501538558949, 6.405883893766044 ], [ -75.467222184884335, 6.405567566717293 ], [ -75.468130848481863, 6.404037178253967 ], [ -75.467918851878693, 6.403228959547707 ], [ -75.468070928552947, 6.403086231314741 ], [ -75.46817751574001, 6.402954735958717 ], [ -75.468235204446287, 6.402716462751676 ], [ -75.468239763909224, 6.40260468102819 ], [ -75.468254110612463, 6.402517170421922 ], [ -75.468283040259323, 6.402429620719136 ], [ -75.468311917399674, 6.402322632974624 ], [ -75.468399021279652, 6.402176611159994 ], [ -75.468481227438474, 6.402039247734819 ], [ -75.468561979346006, 6.401679555539499 ], [ -75.468599395800695, 6.401412572025106 ], [ -75.46856078775734, 6.401238386173973 ], [ -75.468555844564776, 6.400846250629589 ], [ -75.468672494437797, 6.400999532456057 ], [ -75.468707003951977, 6.401032633891458 ], [ -75.468738048728738, 6.401054309145559 ], [ -75.468961482480651, 6.401163486320723 ], [ -75.469006405268189, 6.401191072322534 ], [ -75.46915450309065, 6.401337580169524 ], [ -75.469294345413289, 6.401421960601744 ], [ -75.469323638228232, 6.401434003957611 ], [ -75.469526529043065, 6.401568756168417 ], [ -75.469670491967776, 6.401676475520668 ], [ -75.469717102519823, 6.401723325533362 ], [ -75.469763713080368, 6.401770175539905 ], [ -75.469881217799838, 6.401924928938819 ], [ -75.470012576300874, 6.402036497121042 ], [ -75.470116026773354, 6.402185285941667 ], [ -75.470224690542651, 6.402373854475844 ], [ -75.470318923598043, 6.402449037788088 ], [ -75.470412837711194, 6.402529908068188 ], [ -75.470535374129966, 6.402634086667945 ], [ -75.470776891802302, 6.402871314561604 ], [ -75.470815848258098, 6.402855131138386 ], [ -75.4707033414726, 6.402715450369695 ], [ -75.470590834751206, 6.402575769562377 ], [ -75.470626885128212, 6.402539520376336 ], [ -75.470755123859504, 6.40243272703223 ], [ -75.470867432970394, 6.402376187413982 ], [ -75.470963926083556, 6.402412077370369 ], [ -75.471060884665434, 6.402512104483757 ], [ -75.471077643283834, 6.402664303941673 ], [ -75.471173201247055, 6.402706501188475 ], [ -75.471143874711444, 6.402440162044566 ], [ -75.471273390595314, 6.402392500794796 ], [ -75.471336128813576, 6.402398244472898 ], [ -75.471417413054994, 6.402430477508418 ], [ -75.471436645823744, 6.40244641159298 ], [ -75.471472189215405, 6.402580599583013 ], [ -75.471497896044525, 6.40262529125898 ], [ -75.471552369300838, 6.402663510520537 ], [ -75.471593980486517, 6.402676186727433 ], [ -75.471661133527263, 6.402672807538545 ], [ -75.471725123636233, 6.402682225859192 ], [ -75.471818052795271, 6.402749116327928 ], [ -75.471896952861542, 6.402763734012329 ], [ -75.471922483391921, 6.402686468576449 ], [ -75.471937560317826, 6.402652322806801 ], [ -75.471955801531308, 6.40259897114917 ], [ -75.471974042742062, 6.402545619491609 ], [ -75.472021566129726, 6.402442562475851 ], [ -75.472076503764583, 6.402361541434071 ], [ -75.472171909388649, 6.402287762518971 ], [ -75.472329924664848, 6.402250574202266 ], [ -75.472388688593213, 6.402224682935244 ], [ -75.472451090206803, 6.402184077546944 ], [ -75.472627361483717, 6.402099051309569 ], [ -75.472781146512304, 6.402083239238737 ], [ -75.47283515315884, 6.402236166364423 ], [ -75.472842554828844, 6.402309007013999 ], [ -75.47288459609986, 6.402399423772745 ], [ -75.47295442570632, 6.402461909495206 ], [ -75.473052061995048, 6.402503427879467 ], [ -75.473163498856763, 6.402496161868132 ], [ -75.473275029571056, 6.402523715000623 ], [ -75.473369060660687, 6.402519977880964 ], [ -75.473463091745231, 6.402516240744368 ], [ -75.47348239359529, 6.40251343070824 ], [ -75.473734416234961, 6.402314879219735 ], [ -75.473979696061988, 6.402148228978422 ], [ -75.474078694825195, 6.402069832041251 ], [ -75.474177693556612, 6.401991435091304 ], [ -75.473979071226879, 6.401636295291335 ], [ -75.473562382743438, 6.40104462744768 ], [ -75.473344647029052, 6.400687910135475 ], [ -75.47385815406615, 6.400538317561115 ], [ -75.474025841570963, 6.400419303189467 ], [ -75.474114572847952, 6.400340022615295 ], [ -75.474291875096952, 6.400122182014156 ], [ -75.474350833193938, 6.399973960040938 ], [ -75.47444944711917, 6.39989465261654 ], [ -75.474548088326159, 6.399825225080948 ], [ -75.47460698355377, 6.399676865921416 ], [ -75.474606662026602, 6.399558307090008 ], [ -75.474784621829855, 6.399349161508821 ], [ -75.475098408330211, 6.39910326773286 ], [ -75.475139653839065, 6.399071558794313 ], [ -75.475198629248354, 6.398952839003961 ], [ -75.475210502476074, 6.398752834799528 ], [ -75.475227172651159, 6.398696730301305 ], [ -75.475299797221481, 6.398595626436262 ], [ -75.475495543934684, 6.398404493680479 ], [ -75.475545844374778, 6.398342692130802 ], [ -75.475540100245766, 6.398292254227742 ], [ -75.475523201443508, 6.398264270495558 ], [ -75.475467080319788, 6.398247605042195 ], [ -75.475332484128316, 6.398242364738667 ], [ -75.475276348321543, 6.398220093252097 ], [ -75.475276257080878, 6.398186458144832 ], [ -75.475281788283922, 6.398158413508659 ], [ -75.475358599820396, 6.397992173729568 ], [ -75.475429843138741, 6.397992133973111 ], [ -75.475504717411766, 6.397941938431129 ], [ -75.475642010431528, 6.397872871756035 ], [ -75.475839692529561, 6.397828736955972 ], [ -75.475900633797607, 6.397767352153383 ], [ -75.475943661880592, 6.397687507872859 ], [ -75.475991471062798, 6.397658735736357 ], [ -75.476034264196784, 6.397669548304235 ], [ -75.476142462434382, 6.397578636206218 ], [ -75.476301013159897, 6.397557416787947 ], [ -75.476479149486153, 6.397492935915453 ], [ -75.476533041823274, 6.397480467032851 ], [ -75.476642949183159, 6.397505310172575 ], [ -75.476736691622492, 6.397525799094315 ], [ -75.476845903028277, 6.397510150008249 ], [ -75.476920461407119, 6.397505068250802 ], [ -75.477011700069525, 6.397566155271955 ], [ -75.477102143741348, 6.397663574494061 ], [ -75.477179112343549, 6.397714078138898 ], [ -75.477303934319579, 6.397748718828707 ], [ -75.477398823769732, 6.397771212963828 ], [ -75.477562203008674, 6.397805395285541 ], [ -75.477661515128261, 6.397856377746909 ], [ -75.47776103129786, 6.397896477422135 ], [ -75.477818644348829, 6.397889845620726 ], [ -75.477889419173508, 6.397835633260288 ], [ -75.478000175414564, 6.397708837697079 ], [ -75.478107521644134, 6.397621098842108 ], [ -75.478199841109358, 6.397591981456895 ], [ -75.478312588621563, 6.397582774273628 ], [ -75.478437883568589, 6.397605557611106 ], [ -75.478581368594135, 6.397700847536448 ], [ -75.478637552195437, 6.397747528741006 ], [ -75.478764918354628, 6.397737378053735 ], [ -75.478825236407403, 6.398187451277395 ], [ -75.479000465532025, 6.398163212483969 ], [ -75.479217242750508, 6.398133226413753 ], [ -75.479647146421186, 6.398090095840115 ], [ -75.479871975046365, 6.398055755207014 ], [ -75.480000999135882, 6.398059843935015 ], [ -75.480004221784924, 6.397934042656483 ], [ -75.480253557733462, 6.39815462734391 ], [ -75.480403427853204, 6.398252367764588 ], [ -75.480551519357107, 6.398336387947833 ], [ -75.480668430017843, 6.398274887458488 ], [ -75.480795338382023, 6.398197904358319 ], [ -75.480836286249058, 6.398173065214758 ], [ -75.481096853836107, 6.398100532743918 ], [ -75.481215550185041, 6.398087486025801 ], [ -75.481427559052889, 6.398130110852287 ], [ -75.481615761717507, 6.398176602689738 ], [ -75.481828366201199, 6.398234999217259 ], [ -75.481980165508375, 6.398289837198351 ], [ -75.482005287612182, 6.398303324344582 ], [ -75.482027750289205, 6.39832334448049 ], [ -75.482043807566328, 6.398353907970035 ], [ -75.482089411135306, 6.398430929908607 ], [ -75.482134850861996, 6.398482338481159 ], [ -75.482188363839214, 6.398524584046663 ], [ -75.482255032590885, 6.398556870951191 ], [ -75.482326568696934, 6.398559853776165 ], [ -75.482383268258559, 6.398558079550901 ], [ -75.482432619738049, 6.398535599261895 ], [ -75.482438572593168, 6.398580009835538 ], [ -75.482501847788924, 6.398669117848582 ], [ -75.482695568866106, 6.398646749397438 ], [ -75.482884396189831, 6.398521300763759 ], [ -75.483019405130904, 6.39842570226062 ], [ -75.483087761177259, 6.398372442572163 ], [ -75.483197444893165, 6.398337851579867 ], [ -75.483330115883476, 6.398334238934862 ], [ -75.483536680999123, 6.398491238319242 ], [ -75.483604562289059, 6.398569382000468 ], [ -75.483759431062651, 6.398674325025818 ], [ -75.48387085317998, 6.39878510747933 ], [ -75.483915254016708, 6.398841856603482 ], [ -75.48394962941326, 6.398930217565642 ], [ -75.483959405140297, 6.399146455270324 ], [ -75.483988846552805, 6.3992691942086 ], [ -75.484051630476742, 6.399355002622622 ], [ -75.484129332210784, 6.39941385131331 ], [ -75.48419376928355, 6.399462113453668 ], [ -75.484258206367628, 6.399510375583208 ], [ -75.484425700880379, 6.399595303365202 ], [ -75.484569261133302, 6.399670907104579 ], [ -75.484656857900546, 6.399772446764202 ], [ -75.484715723099711, 6.399903885366651 ], [ -75.484782028074889, 6.400050448445085 ], [ -75.484924957287262, 6.400395128393593 ], [ -75.48507819443202, 6.400756195751 ], [ -75.48516913871461, 6.400950988157922 ], [ -75.48521306785787, 6.401047518449579 ], [ -75.485268075876732, 6.401136693292692 ], [ -75.485366614099277, 6.401205821736291 ], [ -75.485445658839524, 6.401235207756955 ], [ -75.485550834947844, 6.401238495424745 ], [ -75.485606460056474, 6.401232916447553 ], [ -75.48583890492624, 6.401222303568527 ], [ -75.486328572084176, 6.401220963312092 ], [ -75.48664953883592, 6.401216632623537 ], [ -75.486726249258083, 6.401229753261382 ], [ -75.486802534833615, 6.401259354503298 ], [ -75.486870565664674, 6.40129828391551 ], [ -75.487003826527413, 6.401443195270512 ], [ -75.487261846627391, 6.401736246433649 ], [ -75.487296145853193, 6.401779641916701 ], [ -75.487350034213961, 6.401731221665033 ], [ -75.487597128785538, 6.401088156296216 ], [ -75.487676087788088, 6.400879215436194 ], [ -75.488756965949293, 6.401124839193833 ], [ -75.489315651648269, 6.401258852614737 ], [ -75.489492563928238, 6.401308700649791 ], [ -75.489726997305738, 6.401439021684665 ], [ -75.489708724177589, 6.401532281538483 ], [ -75.489692947797835, 6.40161279882222 ], [ -75.489641819863408, 6.401944577550707 ], [ -75.489639322697528, 6.402126457003019 ], [ -75.489584661906292, 6.402273398106687 ], [ -75.489465910632603, 6.402392766819914 ], [ -75.489402017632671, 6.402475356103684 ], [ -75.489238507630063, 6.402545942671463 ], [ -75.489338700102195, 6.402728380115807 ], [ -75.489338997367923, 6.40283679181027 ], [ -75.489339050015076, 6.402855991834429 ], [ -75.489324464475288, 6.403013671347328 ], [ -75.489280008523437, 6.403231485502938 ], [ -75.489242751923356, 6.403336680628931 ], [ -75.489220575391528, 6.403464354166005 ], [ -75.48919084409269, 6.403609746369379 ], [ -75.48919131752227, 6.403782397653209 ], [ -75.489177020156376, 6.404045168955485 ], [ -75.489117525208002, 6.404255518007411 ], [ -75.489057824904862, 6.404390801227333 ], [ -75.489020465303824, 6.40445846344419 ], [ -75.488975453469308, 6.404473600052551 ], [ -75.488907873444887, 6.404473785493138 ], [ -75.488781160813048, 6.404474133170486 ], [ -75.488720418737969, 6.404571886029153 ], [ -75.488653188538052, 6.40469968350224 ], [ -75.488638376479713, 6.404774790233886 ], [ -75.488638705752265, 6.404894895649288 ], [ -75.488676435992119, 6.405092322896452 ], [ -75.488752224577141, 6.405347340659653 ], [ -75.488903246736399, 6.405654698216474 ], [ -75.488948794450252, 6.405834732186784 ], [ -75.488988823894985, 6.405927643673118 ], [ -75.488989288545653, 6.406097055990866 ], [ -75.488939855924954, 6.406246674329394 ], [ -75.488990053879704, 6.40637608794831 ], [ -75.489070321675655, 6.406565212134331 ], [ -75.489151154373232, 6.406716841098151 ], [ -75.489161535239333, 6.406754226290484 ], [ -75.48916737519616, 6.406866550323787 ], [ -75.489259696676925, 6.407060016768713 ], [ -75.489321449359409, 6.40726376278968 ], [ -75.489270902378095, 6.407427034178765 ], [ -75.489159497833484, 6.407712821963615 ], [ -75.489119093973102, 6.407855673850004 ], [ -75.489053470809282, 6.408076547676458 ], [ -75.489323995371365, 6.408191572033151 ], [ -75.48960000277502, 6.408254395589002 ], [ -75.48973272846753, 6.408305009952043 ], [ -75.489804232878654, 6.408345596492035 ], [ -75.48983502573212, 6.408416882501331 ], [ -75.489865902572902, 6.408518755588794 ], [ -75.489866126512979, 6.408600320930361 ], [ -75.48979501393994, 6.408702474233533 ], [ -75.489581088305854, 6.40879482388968 ], [ -75.48939798289112, 6.408968655105482 ], [ -75.489367722271368, 6.409091087814722 ], [ -75.489347548346558, 6.409172709516579 ], [ -75.489358054830006, 6.40928483426406 ], [ -75.489399074345656, 6.409366287874231 ], [ -75.489470044596331, 6.409527611869443 ], [ -75.489525907298912, 6.409591081711453 ], [ -75.489589900202589, 6.409718153145916 ], [ -75.489654023639602, 6.409892941843234 ], [ -75.489654198330058, 6.409956564984276 ], [ -75.489606771984285, 6.410068036555851 ], [ -75.489558269634429, 6.410264269460612 ], [ -75.489727042223265, 6.410409682988358 ], [ -75.489796904910975, 6.410492500079725 ], [ -75.48986202761165, 6.41060033093673 ], [ -75.489869566932384, 6.410722721021525 ], [ -75.489805215450374, 6.410895713366683 ], [ -75.489683398606957, 6.411126468806846 ], [ -75.489647700875167, 6.41124177723977 ], [ -75.489590673972813, 6.411445376547823 ], [ -75.489605594406925, 6.411632552325998 ], [ -75.489649879645256, 6.412021265459586 ], [ -75.489671903384945, 6.412172418315613 ], [ -75.489686725034431, 6.412323591279748 ], [ -75.48969541822224, 6.412549514673555 ], [ -75.489695889319023, 6.412721012330215 ], [ -75.489681320074823, 6.412847812145629 ], [ -75.489562408993621, 6.413004724913186 ], [ -75.489480648398313, 6.413109340463113 ], [ -75.489413600955686, 6.413139350563785 ], [ -75.489361552885981, 6.413199145244011 ], [ -75.489316983757604, 6.41326637589812 ], [ -75.489317209027945, 6.413348396500401 ], [ -75.489339810770446, 6.413430355599751 ], [ -75.489399625066355, 6.413482386599631 ], [ -75.489425975438579, 6.413519680168226 ], [ -75.489442152774359, 6.413570372021894 ], [ -75.489444414664717, 6.414393761829174 ], [ -75.489511874582263, 6.415113907605049 ], [ -75.489666161356581, 6.415659188761505 ], [ -75.48997275706607, 6.416029425074421 ], [ -75.490431840574843, 6.416290100697527 ], [ -75.490716609647649, 6.416660396423058 ], [ -75.490937220397001, 6.417511089351231 ], [ -75.491136545767844, 6.41855829403573 ], [ -75.491444406027668, 6.419386917932955 ], [ -75.491665861729246, 6.420543202008723 ], [ -75.491843544253541, 6.421655950251205 ], [ -75.491693280984251, 6.42257314885225 ], [ -75.490799572073129, 6.423012175979069 ], [ -75.489969507190565, 6.423285406115757 ], [ -75.489556053238189, 6.423744937147433 ], [ -75.48920795945007, 6.424160631559378 ], [ -75.489176590523016, 6.424225286946372 ], [ -75.489006769637967, 6.424638760091316 ], [ -75.488409242141159, 6.424939477488977 ], [ -75.487982592887406, 6.425211241168786 ], [ -75.487918939134133, 6.425374078241202 ], [ -75.487798680672157, 6.425681719520845 ], [ -75.487500287555292, 6.425967371577504 ], [ -75.487245299129469, 6.426495011632759 ], [ -75.486716621247908, 6.427195577565368 ], [ -75.486495172148594, 6.427478921734902 ], [ -75.486385112969003, 6.427862936454913 ], [ -75.486306673978092, 6.427966127972071 ], [ -75.486119392268364, 6.428043819096684 ], [ -75.485832697950102, 6.428066657364938 ], [ -75.48550187213128, 6.428084104277566 ] ] ] ] } },
{ "type": "Feature", "properties": { "FID_": 0, "Name": "La Mata" }, "geometry": { "type": "MultiPolygon", "coordinates": [ [ [ [ -75.46958957611686, 6.434484814957256 ], [ -75.46958957611686, 6.434484814957258 ], [ -75.469545044048544, 6.43449681596785 ], [ -75.469485946585905, 6.434452189028342 ], [ -75.469441625699858, 6.434403718875664 ], [ -75.46938392748514, 6.434311111628558 ], [ -75.469246604935378, 6.434187799531748 ], [ -75.469175745953706, 6.434130566782558 ], [ -75.469087187763876, 6.434064547427921 ], [ -75.469011790438486, 6.433963153837524 ], [ -75.468941966223838, 6.433837991123394 ], [ -75.468901461532198, 6.433787664214353 ], [ -75.46886105956186, 6.43377516474729 ], [ -75.468820657592886, 6.433762665276601 ], [ -75.468732143531582, 6.433789619252932 ], [ -75.468589924526853, 6.433512773059138 ], [ -75.468581408080652, 6.433262123870446 ], [ -75.468572274519701, 6.432784304696152 ], [ -75.468575459203919, 6.432440376434512 ], [ -75.468533231664523, 6.432384410617344 ], [ -75.468491004134947, 6.43232844479459 ], [ -75.468471982453039, 6.43221010402947 ], [ -75.468465275508123, 6.432035649316166 ], [ -75.468458602291918, 6.431919503572365 ], [ -75.468474012307496, 6.431867644922716 ], [ -75.468737126867254, 6.431747795743199 ], [ -75.468918610053905, 6.431598114771171 ], [ -75.469053188935149, 6.431350655815026 ], [ -75.469238474731227, 6.43088393913505 ], [ -75.469409579331568, 6.430347328725507 ], [ -75.469586295228368, 6.429995391704762 ], [ -75.469678760564022, 6.429696764150703 ], [ -75.469650069090051, 6.429435762370559 ], [ -75.469564440117324, 6.429271169434695 ], [ -75.469470418083603, 6.428996359016268 ], [ -75.469231857723955, 6.428735927162363 ], [ -75.469026310539519, 6.428610607808849 ], [ -75.468709060791852, 6.428569509614408 ], [ -75.468093317515653, 6.428524559615099 ], [ -75.467718024057135, 6.428394641439444 ], [ -75.467391156249931, 6.428246339508242 ], [ -75.46715324141806, 6.4282236740814 ], [ -75.466901473961627, 6.428252329461184 ], [ -75.466672949243488, 6.42825294891743 ], [ -75.466387052792541, 6.428196871515653 ], [ -75.466056178190087, 6.428291010963075 ], [ -75.465804120257374, 6.428212437262887 ], [ -75.465663904423437, 6.428100925774648 ], [ -75.465546628689566, 6.427849487687434 ], [ -75.465136822945979, 6.428074380232682 ], [ -75.464792410445327, 6.428336392521041 ], [ -75.464418775558769, 6.428543402785682 ], [ -75.464514865099559, 6.428341145364819 ], [ -75.46463547714184, 6.427923627062723 ], [ -75.464704634394252, 6.427772760140887 ], [ -75.464739134381404, 6.427668350016519 ], [ -75.464599127222669, 6.427344187887619 ], [ -75.464650642393323, 6.427100643030945 ], [ -75.464679110539379, 6.426909318605808 ], [ -75.464661374986747, 6.426781868336786 ], [ -75.464609862224094, 6.426629561812374 ], [ -75.464687048576309, 6.42617467487214 ], [ -75.464811792698583, 6.425907801850123 ], [ -75.464987016465571, 6.425502952187157 ], [ -75.46507675164213, 6.425295621345075 ], [ -75.465295084612947, 6.424840352787087 ], [ -75.465294194174049, 6.42451110556583 ], [ -75.465247001745809, 6.4240748949213 ], [ -75.465134353925762, 6.423398361050656 ], [ -75.465064023932896, 6.422975975651413 ], [ -75.465021127282228, 6.42271834787778 ], [ -75.46465796095454, 6.421809973766444 ], [ -75.464254414640592, 6.421107266892091 ], [ -75.464240060530955, 6.420900436157522 ], [ -75.464239092172889, 6.420541881972759 ], [ -75.464238347251282, 6.420266045758088 ], [ -75.464237706672449, 6.420028836843479 ], [ -75.46420415273505, 6.41986895376283 ], [ -75.464203705866282, 6.419703462990974 ], [ -75.464169794493458, 6.419411179969519 ], [ -75.464119277550196, 6.419102387117125 ], [ -75.464096716046143, 6.418831616415459 ], [ -75.464054646545435, 6.418681586780528 ], [ -75.464040059203583, 6.418515531203441 ], [ -75.46405731315339, 6.418359978396594 ], [ -75.464063962925877, 6.418204472506814 ], [ -75.464042296577801, 6.418034891224456 ], [ -75.464013608491499, 6.417883007329567 ], [ -75.463984920431514, 6.417731123428569 ], [ -75.463938007547654, 6.417540610045365 ], [ -75.463913278418246, 6.417380324749058 ], [ -75.463763992828859, 6.417195666247133 ], [ -75.463614910072948, 6.416976965873137 ], [ -75.463538002416684, 6.416809379153779 ], [ -75.463444189544362, 6.416696161535987 ], [ -75.463430692090853, 6.416642806364617 ], [ -75.463429827951771, 6.41632244078884 ], [ -75.463375496179495, 6.415982193096536 ], [ -75.463267192412857, 6.415665589185439 ], [ -75.463071987687925, 6.415092128644217 ], [ -75.463197671982968, 6.41464461192724 ], [ -75.463132390390953, 6.414491611490998 ], [ -75.463045755536157, 6.414375934966932 ], [ -75.46301601540047, 6.414337378445254 ], [ -75.462956569866179, 6.414273147261883 ], [ -75.462886013660139, 6.414246393448513 ], [ -75.462792858611934, 6.41424267212042 ], [ -75.462745512944707, 6.414244404703263 ], [ -75.462678206941803, 6.414248134116641 ], [ -75.462639561101, 6.414250814729912 ], [ -75.462590550175292, 6.414232930421934 ], [ -75.46256137286349, 6.414105651245699 ], [ -75.462542943655649, 6.413958883093791 ], [ -75.462508816651351, 6.413719443665308 ], [ -75.462436031959641, 6.413490395750338 ], [ -75.462347691855911, 6.413221483058951 ], [ -75.462296707272969, 6.412944722185178 ], [ -75.462261148554433, 6.412720434282553 ], [ -75.462219612021613, 6.412609797871021 ], [ -75.462159847734796, 6.412427089835514 ], [ -75.462102918748315, 6.412337087762133 ], [ -75.462028020647153, 6.412283203610218 ], [ -75.461991787119686, 6.412221486076115 ], [ -75.461942526722666, 6.412110870432135 ], [ -75.461876274635372, 6.411949631483616 ], [ -75.461810022598769, 6.411788392516629 ], [ -75.461760857449534, 6.411700964124698 ], [ -75.461750181389007, 6.411570921538566 ], [ -75.461747251638172, 6.411436993492061 ], [ -75.461745560171096, 6.411288891942218 ], [ -75.461744080186506, 6.41121935156486 ], [ -75.46167014342258, 6.410982909937354 ], [ -75.461619031215434, 6.410909030283356 ], [ -75.46158178213723, 6.410839724586582 ], [ -75.461567714759596, 6.410774991402072 ], [ -75.461572112573833, 6.410677834773383 ], [ -75.461553266470588, 6.410552978334787 ], [ -75.461446121491576, 6.410308063779589 ], [ -75.461366892176059, 6.410095447729954 ], [ -75.461343449147307, 6.409993731104412 ], [ -75.461310747406472, 6.409882769500738 ], [ -75.461253767129605, 6.409737371243654 ], [ -75.46118867495521, 6.4096311317745 ], [ -75.461100368924249, 6.409492581059105 ], [ -75.460988918657463, 6.409363338868148 ], [ -75.460914530620855, 6.409233996894849 ], [ -75.460812110144104, 6.409020958303931 ], [ -75.460770202154919, 6.408928052782828 ], [ -75.46070984409458, 6.408849562888724 ], [ -75.460635339223415, 6.408692458734331 ], [ -75.460560939001539, 6.408558505394568 ], [ -75.460500476431378, 6.408456864621749 ], [ -75.460439931972616, 6.408308992762031 ], [ -75.460434887213296, 6.408165582903739 ], [ -75.46043453901126, 6.408036041623236 ], [ -75.460461989248145, 6.407911060521005 ], [ -75.460535493924283, 6.40771191452203 ], [ -75.460567691361362, 6.407603899715211 ], [ -75.460520916742439, 6.407425887254475 ], [ -75.4605022017262, 6.407349602750123 ], [ -75.460483244246944, 6.40718310283818 ], [ -75.460478274167954, 6.407067455199222 ], [ -75.460428443734841, 6.406934405248541 ], [ -75.46042817497657, 6.406834399753461 ], [ -75.460433730490152, 6.406710825462865 ], [ -75.460431452397259, 6.406521682479646 ], [ -75.460548564279193, 6.406250250599186 ], [ -75.460668488939234, 6.405981928529214 ], [ -75.460698443099304, 6.405904805738099 ], [ -75.460728397252495, 6.405827682946944 ], [ -75.460774900562555, 6.405673473418654 ], [ -75.460774477422987, 6.405516029927085 ], [ -75.460774324383848, 6.405459085530621 ], [ -75.460787387292228, 6.405331770987885 ], [ -75.460793711666852, 6.405191059318672 ], [ -75.460799892045443, 6.404996763404702 ], [ -75.460812900917972, 6.404849338861449 ], [ -75.460866205056007, 6.404748695685428 ], [ -75.460932923734845, 6.404634626636501 ], [ -75.460966148018969, 6.404527342565399 ], [ -75.460955735414018, 6.404365303502983 ], [ -75.460980815494011, 6.404356867334856 ], [ -75.461050389623793, 6.404179661541574 ], [ -75.461128243447476, 6.404088886453535 ], [ -75.461206097244528, 6.403998111359285 ], [ -75.461540908821874, 6.403661597473817 ], [ -75.461654677681494, 6.403528461931243 ], [ -75.461673286635474, 6.403478444802969 ], [ -75.461716139419011, 6.403470830994554 ], [ -75.461755151534987, 6.403455709732821 ], [ -75.461913661403216, 6.403428863738198 ], [ -75.461972826914092, 6.403315768054735 ], [ -75.462021111498785, 6.403246874924261 ], [ -75.462121310561315, 6.403141130325285 ], [ -75.462158369707424, 6.403123690100553 ], [ -75.46217174232936, 6.402994864060598 ], [ -75.462175294520577, 6.402886225608666 ], [ -75.462175228939785, 6.402861838347368 ], [ -75.462172759388565, 6.402819456938547 ], [ -75.462170289838511, 6.40277707552956 ], [ -75.462113471394133, 6.402673613048997 ], [ -75.462075588878818, 6.402610694584073 ], [ -75.462042240608682, 6.402474200813536 ], [ -75.461990298496133, 6.402431952515346 ], [ -75.461938356391755, 6.402389704209996 ], [ -75.461867428947912, 6.402295699277762 ], [ -75.461734706267848, 6.401999339580986 ], [ -75.461682519706358, 6.401866309244541 ], [ -75.461616190640058, 6.401729903512788 ], [ -75.461587528398653, 6.401583977429249 ], [ -75.461742569027464, 6.40141871738049 ], [ -75.461853787645438, 6.401305542317454 ], [ -75.461925802389644, 6.401225123163325 ], [ -75.4619348838593, 6.401097934852621 ], [ -75.461955260708052, 6.400977169472757 ], [ -75.462105426649941, 6.400937038614397 ], [ -75.462232374388449, 6.400837791512966 ], [ -75.462345148665293, 6.400724453073088 ], [ -75.462434517213481, 6.400667695406553 ], [ -75.462534460455146, 6.400648621750712 ], [ -75.462675657431248, 6.400591724580118 ], [ -75.462821603475192, 6.400548943439164 ], [ -75.462911123932827, 6.400548702489831 ], [ -75.463156076981107, 6.400529204447237 ], [ -75.463368010043411, 6.400495665146659 ], [ -75.463575144287404, 6.400429170586741 ], [ -75.463782176017162, 6.40032499771193 ], [ -75.463880891488927, 6.400239955173676 ], [ -75.46397513667695, 6.400244411139021 ], [ -75.464187044144396, 6.400201452582942 ], [ -75.464209658227659, 6.400153247433648 ], [ -75.46433904308364, 6.400156535913178 ], [ -75.464399191708836, 6.400136313962512 ], [ -75.464439320290182, 6.400133531227946 ], [ -75.464482138302813, 6.400095062785085 ], [ -75.464542248347826, 6.400060130257631 ], [ -75.464620312097651, 6.400034528727662 ], [ -75.464625192081215, 6.400058569140382 ], [ -75.464646719777363, 6.400103980734328 ], [ -75.464655480647451, 6.40012802893105 ], [ -75.464664241518591, 6.400152077127442 ], [ -75.464669683126132, 6.400185496014656 ], [ -75.464664457591908, 6.400232316705943 ], [ -75.464681993748215, 6.40028576288697 ], [ -75.464681993748215, 6.40028576288697 ], [ -75.464704813060109, 6.400313785111126 ], [ -75.464730415164496, 6.400381920215909 ], [ -75.464787471185787, 6.40030780643823 ], [ -75.464869016155504, 6.400262882522878 ], [ -75.464995339154072, 6.40023921842165 ], [ -75.465080204339515, 6.400218243520749 ], [ -75.465195757275083, 6.400216009803875 ], [ -75.465925341196993, 6.399833617695473 ], [ -75.465868916850567, 6.399908452403803 ], [ -75.466151226697434, 6.399971191936456 ], [ -75.466427164672112, 6.399928949596069 ], [ -75.466436490969627, 6.400152286076537 ], [ -75.466566242189458, 6.400531643937557 ], [ -75.466669431544929, 6.400645690620964 ], [ -75.466748983084898, 6.400697623759942 ], [ -75.467035799531828, 6.400608600996687 ], [ -75.467407859043504, 6.400456880383868 ], [ -75.46767817245248, 6.400394091149206 ], [ -75.467892866144837, 6.400646725687936 ], [ -75.468326178820277, 6.400867556637372 ], [ -75.468424539720317, 6.400976222292922 ], [ -75.468472339969267, 6.401068197963908 ], [ -75.46856078775734, 6.401238386173973 ], [ -75.468599395800695, 6.401412572025106 ], [ -75.468561979346006, 6.401679555539499 ], [ -75.468481227438474, 6.402039247734819 ], [ -75.468399021279652, 6.402176611159994 ], [ -75.468311917399674, 6.402322632974624 ], [ -75.468283040259323, 6.402429620719136 ], [ -75.468254110612463, 6.402517170421922 ], [ -75.468239763909224, 6.40260468102819 ], [ -75.468235204446287, 6.402716462751676 ], [ -75.46817751574001, 6.402954735958717 ], [ -75.468070928552947, 6.403086231314741 ], [ -75.467918851878693, 6.403228959547707 ], [ -75.468130848481863, 6.404037178253967 ], [ -75.467222184884335, 6.405567566717293 ], [ -75.467501538558949, 6.405883893766044 ], [ -75.467606497401007, 6.406076952627704 ], [ -75.467498516633569, 6.406197116937325 ], [ -75.46701149370287, 6.40666886641877 ], [ -75.467135448440033, 6.406734267975294 ], [ -75.467236424652725, 6.406884802307809 ], [ -75.467240866912093, 6.407097467073074 ], [ -75.467223659103652, 6.407170983869977 ], [ -75.467206451292398, 6.407244500667169 ], [ -75.467159416494525, 6.407349032694964 ], [ -75.466994315221541, 6.407469351353635 ], [ -75.466728887445043, 6.407608274548957 ], [ -75.466797698591947, 6.407644454758056 ], [ -75.466842498031951, 6.407769595101965 ], [ -75.46685891665588, 6.407862486497669 ], [ -75.466867283925907, 6.407967521802632 ], [ -75.466819020958937, 6.408056547487167 ], [ -75.466798964254096, 6.408113171311432 ], [ -75.466745914707076, 6.408134584261959 ], [ -75.466487710796244, 6.408313072154164 ], [ -75.466306336610131, 6.40850347455553 ], [ -75.46618127629192, 6.408592707359956 ], [ -75.466076305973843, 6.408637438393525 ], [ -75.466032128234531, 6.4087426156727 ], [ -75.466073217804492, 6.40894791008052 ], [ -75.466365369423301, 6.409242459235283 ], [ -75.465903246924995, 6.410691354923171 ], [ -75.466255400602407, 6.411437974514492 ], [ -75.466305195884004, 6.411543547872641 ], [ -75.466579872315549, 6.411830557283691 ], [ -75.466665796982966, 6.411922180015128 ], [ -75.466731035752019, 6.412016823763804 ], [ -75.466720613710763, 6.41223309204277 ], [ -75.466830547868781, 6.412250020875505 ], [ -75.467006459240764, 6.4123306082122 ], [ -75.4670923938653, 6.412456474227669 ], [ -75.467262131761629, 6.412845433084946 ], [ -75.467304924514679, 6.413382573183603 ], [ -75.467415948334221, 6.413671564346425 ], [ -75.467609615827214, 6.413946556254959 ], [ -75.467745297388134, 6.414387260607457 ], [ -75.467763247328591, 6.414703808702269 ], [ -75.468026301508516, 6.415157697383358 ], [ -75.468109952184165, 6.415515641306253 ], [ -75.468317662425093, 6.415887025039279 ], [ -75.468484695533817, 6.416331893818786 ], [ -75.468527229545543, 6.41677260375963 ], [ -75.468286402480871, 6.417294656691332 ], [ -75.467932008396588, 6.417661034019666 ], [ -75.467638399812259, 6.417976494484272 ], [ -75.467841887976206, 6.418128200650015 ], [ -75.468096365648805, 6.418360972568638 ], [ -75.468452381153384, 6.4185934691596 ], [ -75.468696732992512, 6.418836418526262 ], [ -75.468829269044633, 6.419033993662721 ], [ -75.468961805208025, 6.4192315687414 ], [ -75.469429981439632, 6.419636318309111 ], [ -75.47036822177229, 6.42009124867352 ], [ -75.47052889339237, 6.419431031502785 ], [ -75.470752691000627, 6.419582681385193 ], [ -75.470925471214485, 6.419643115049666 ], [ -75.471118531558417, 6.419693343167692 ], [ -75.471281158525926, 6.41975380426686 ], [ -75.471646916577598, 6.419834014630284 ], [ -75.47159760796491, 6.420372123513236 ], [ -75.472035629560239, 6.420353011133751 ], [ -75.472289503429863, 6.420362471845688 ], [ -75.472543542220961, 6.420432834385639 ], [ -75.472706445318252, 6.420594798824783 ], [ -75.47277768764647, 6.420655508136326 ], [ -75.472889545331114, 6.420716106667484 ], [ -75.473011391349701, 6.420715775295274 ], [ -75.473102693611878, 6.420685075460277 ], [ -75.473204204354957, 6.420674648955041 ], [ -75.473265265313401, 6.420725235164507 ], [ -75.473407474171069, 6.420745149099687 ], [ -75.473610358157913, 6.420673544024337 ], [ -75.473681324573576, 6.420632749029937 ], [ -75.47383371482988, 6.420662785855894 ], [ -75.473945379351775, 6.420652331576073 ], [ -75.474016153001159, 6.420540483673522 ], [ -75.474107206144481, 6.420418430493833 ], [ -75.474269832988782, 6.420478890517069 ], [ -75.474402191687247, 6.42061048626317 ], [ -75.474595639657664, 6.420802818295437 ], [ -75.474717927557819, 6.420964892518311 ], [ -75.474850093121702, 6.421025435254087 ], [ -75.475175320218071, 6.421136204644459 ], [ -75.475387511051423, 6.421444838937965 ], [ -75.475558339842195, 6.421327311578738 ], [ -75.475693778743462, 6.42128639761088 ], [ -75.476043143331935, 6.421296832842033 ], [ -75.476298829765625, 6.421312373678059 ], [ -75.476462425772965, 6.421429598434808 ], [ -75.47659213759168, 6.421653198895158 ], [ -75.47664923911293, 6.421706184852121 ], [ -75.476971786580819, 6.421629388544149 ], [ -75.477328652176112, 6.421605640084368 ], [ -75.477503370972386, 6.421624142381172 ], [ -75.477736746755426, 6.421745400450289 ], [ -75.477949608058722, 6.421869627839492 ], [ -75.47797314677706, 6.422146659270751 ], [ -75.478030642010012, 6.42234388566875 ], [ -75.478114772074491, 6.422492424958592 ], [ -75.478179364345067, 6.422507431826046 ], [ -75.478433677413662, 6.422472575065767 ], [ -75.478551408653288, 6.422479845139497 ], [ -75.478627204497883, 6.422551027958379 ], [ -75.478812979399549, 6.422685316495001 ], [ -75.478822073782396, 6.422929609749326 ], [ -75.478806230550845, 6.423300341966914 ], [ -75.478756493251197, 6.423603768946692 ], [ -75.478874640877009, 6.42366241944493 ], [ -75.479076857457812, 6.423645017168925 ], [ -75.479162905220662, 6.424293488007351 ], [ -75.479284891376466, 6.424474943398989 ], [ -75.479940766421819, 6.425233430689136 ], [ -75.480218604055807, 6.425461508532044 ], [ -75.480755008245808, 6.425901843390489 ], [ -75.481317523863368, 6.426673921671613 ], [ -75.48153330958597, 6.427513639991951 ], [ -75.481580977022404, 6.427866972877842 ], [ -75.481088528673396, 6.428641343134299 ], [ -75.481336754597322, 6.429771634681309 ], [ -75.4812712742401, 6.429960309269304 ], [ -75.481130472498606, 6.430186889564685 ], [ -75.481053038918247, 6.430448745797314 ], [ -75.480975605285053, 6.430710602032866 ], [ -75.480496045721196, 6.430782098282726 ], [ -75.479969296882857, 6.430713357790592 ], [ -75.479836004581983, 6.430726595471718 ], [ -75.479515384884181, 6.430741825888785 ], [ -75.479438927176972, 6.430785093515667 ], [ -75.47937682764929, 6.430828321844486 ], [ -75.479333923662153, 6.430890634638982 ], [ -75.479286050965996, 6.430885981540959 ], [ -75.479286050170401, 6.430885980749975 ], [ -75.479049038643524, 6.430800559743567 ], [ -75.478903147862198, 6.430877460609878 ], [ -75.478855458259076, 6.430939786468342 ], [ -75.478797987782571, 6.430925590762619 ], [ -75.478722728404378, 6.430828340359082 ], [ -75.478577611091978, 6.430844861094191 ], [ -75.478362505177628, 6.430887428553206 ], [ -75.478334219790483, 6.431099093074923 ], [ -75.478358437250051, 6.431204280687504 ], [ -75.47817659687702, 6.431214346724879 ], [ -75.478067212137105, 6.431468212222817 ], [ -75.478001901913942, 6.431599174195879 ], [ -75.477978457958727, 6.43162850864243 ], [ -75.477840519889583, 6.431741169825649 ], [ -75.477630407676102, 6.431913978205434 ], [ -75.477401124857309, 6.432077270101508 ], [ -75.47721490303735, 6.432235660156937 ], [ -75.476980260897406, 6.432329112710303 ], [ -75.476721843687599, 6.432339387231695 ], [ -75.47640598244071, 6.43234503410675 ], [ -75.476180779991168, 6.432249963714733 ], [ -75.475927031839447, 6.432217166621022 ], [ -75.47562049372074, 6.432131886516695 ], [ -75.475265796300391, 6.431936698929877 ], [ -75.475006896945203, 6.431769955549435 ], [ -75.474785868022906, 6.431450011816708 ], [ -75.474697666500333, 6.431402563935811 ], [ -75.474658707320373, 6.431360174057315 ], [ -75.474611568233826, 6.431251513407472 ], [ -75.474455283524179, 6.431230643366965 ], [ -75.474306157964406, 6.431231049998674 ], [ -75.474064812987592, 6.431267201531133 ], [ -75.473837418819386, 6.431211031929654 ], [ -75.47358868265556, 6.431140722457029 ], [ -75.473474753369146, 6.43102745365685 ], [ -75.473353414277611, 6.430800625420714 ], [ -75.473267812791377, 6.430658884150834 ], [ -75.473153845560745, 6.430531417734728 ], [ -75.472990382119434, 6.430482172155028 ], [ -75.472798533570923, 6.4304401021508 ], [ -75.472539344720332, 6.430440807946455 ], [ -75.472527171299816, 6.430823974855397 ], [ -75.472513026494696, 6.430845309630386 ], [ -75.472399426352752, 6.430852717594277 ], [ -75.472285484505861, 6.430888103799046 ], [ -75.47222946041289, 6.431023549484802 ], [ -75.472172882153373, 6.43110888824711 ], [ -75.47211626577122, 6.43118002949719 ], [ -75.472048533296004, 6.431199574340817 ], [ -75.471946261010373, 6.43133666414162 ], [ -75.471918126326926, 6.43143612276433 ], [ -75.471897015524334, 6.431507167354631 ], [ -75.471875924548812, 6.431585310856447 ], [ -75.471812090570623, 6.431613879524249 ], [ -75.471734169651711, 6.431685078742323 ], [ -75.471691716802397, 6.431741984119664 ], [ -75.471670606482846, 6.431813028707899 ], [ -75.471670645098868, 6.431827225902928 ], [ -75.471455091371055, 6.432129241560614 ], [ -75.471179636756943, 6.432287582817393 ], [ -75.470956480802926, 6.432353853127031 ], [ -75.470694091802372, 6.432485893238393 ], [ -75.470589742800115, 6.432761962451524 ], [ -75.470419814072599, 6.433077607809777 ], [ -75.470273693878411, 6.433201885871794 ], [ -75.470007740237293, 6.433300710457082 ], [ -75.469822169629126, 6.433424013608079 ], [ -75.469783435024908, 6.433515043085198 ], [ -75.469783682906453, 6.433606275800244 ], [ -75.469808582002685, 6.433716860036782 ], [ -75.469808823280019, 6.433805657675937 ], [ -75.469753625568401, 6.433895869622786 ], [ -75.469653342501999, 6.433956388344013 ], [ -75.469410457518578, 6.434002596937051 ], [ -75.469458330769172, 6.434222999223149 ], [ -75.46958957611686, 6.434484814957256 ] ] ] ] } },
{ "type": "Feature", "properties": { "FID_": 0, "Name": "La Meseta" }, "geometry": { "type": "MultiPolygon", "coordinates": [ [ [ [ -75.422861674476451, 6.382156426477589 ], [ -75.422861674476451, 6.382156426477599 ], [ -75.422981538519323, 6.382220166842577 ], [ -75.423170592632331, 6.382365186097741 ], [ -75.423122479598234, 6.382573906007917 ], [ -75.423102916977371, 6.382863393594147 ], [ -75.423230160415613, 6.382964618576533 ], [ -75.423443687000443, 6.382928763838889 ], [ -75.423491441917577, 6.382992838478313 ], [ -75.423598232092431, 6.383177334138172 ], [ -75.423656890316479, 6.383312119226111 ], [ -75.423635022499795, 6.383517539027091 ], [ -75.423469554162907, 6.383664445862796 ], [ -75.423149662359137, 6.383561743923104 ], [ -75.422956327903321, 6.383767318766254 ], [ -75.422538490010893, 6.383603924119353 ], [ -75.42210316309297, 6.383941687384372 ], [ -75.422142656427937, 6.384011941064495 ], [ -75.422680770830482, 6.383967435485333 ], [ -75.422966897496508, 6.383979890366039 ], [ -75.423130515151229, 6.384063145222659 ], [ -75.423150424712261, 6.384102695643607 ], [ -75.423210164882846, 6.384225747548223 ], [ -75.423267486756544, 6.384265200398369 ], [ -75.423368810908158, 6.384300138432161 ], [ -75.423474713254535, 6.384390296430595 ], [ -75.423544931036446, 6.384622419274836 ], [ -75.423643743334793, 6.384785220715272 ], [ -75.423666899083273, 6.384781435071792 ], [ -75.423695504527473, 6.384746935350357 ], [ -75.42375141483916, 6.384729576779211 ], [ -75.42382253323423, 6.384732078293251 ], [ -75.423992148075214, 6.384764309457648 ], [ -75.424299701439097, 6.384816956029529 ], [ -75.424433377093493, 6.384823288494768 ], [ -75.424513711546155, 6.384876527998686 ], [ -75.424574101818592, 6.384969906620166 ], [ -75.424668081369262, 6.385130009200047 ], [ -75.424749026854855, 6.385317751785495 ], [ -75.424816082900577, 6.385404431880225 ], [ -75.424883138449999, 6.385491111962564 ], [ -75.424916727772597, 6.38555783590308 ], [ -75.424916919547513, 6.385631328133392 ], [ -75.424877083479444, 6.385731649501778 ], [ -75.424693764739544, 6.385909179150253 ], [ -75.424588730365812, 6.385987940129505 ], [ -75.424623208533774, 6.386120381674756 ], [ -75.424633310494599, 6.386284751275688 ], [ -75.424652591863762, 6.386407906042213 ], [ -75.424704432811623, 6.386606746677315 ], [ -75.424724397301404, 6.386685705659533 ], [ -75.42473787118567, 6.386842409460449 ], [ -75.424740137792639, 6.386913839118974 ], [ -75.424733829025186, 6.386958826243454 ], [ -75.424718181834947, 6.387060744816069 ], [ -75.424724435014639, 6.387101692139121 ], [ -75.424781651678231, 6.387177546482352 ], [ -75.424845919498622, 6.387269553469427 ], [ -75.424888158816827, 6.387358956950595 ], [ -75.42493171969312, 6.387526220267923 ], [ -75.424982676493968, 6.38771041638672 ], [ -75.425001066773007, 6.387813883623402 ], [ -75.424999959411664, 6.387874629552587 ], [ -75.425004012094803, 6.388002470375258 ], [ -75.425016826170676, 6.388136998032673 ], [ -75.425031830291317, 6.38823517391185 ], [ -75.425068110224331, 6.388336239094882 ], [ -75.425194486579969, 6.388607238204979 ], [ -75.425252471888697, 6.388750131737313 ], [ -75.425342658567715, 6.388911924844055 ], [ -75.425440293437575, 6.389098448196449 ], [ -75.425471701636837, 6.389180782309474 ], [ -75.425523901041615, 6.389318789994884 ], [ -75.425544692240308, 6.389374463569655 ], [ -75.425622393484588, 6.389416571138368 ], [ -75.425687734823924, 6.389422060942358 ], [ -75.42564930071606, 6.389464181563926 ], [ -75.425591715297074, 6.389465705082738 ], [ -75.425560188521274, 6.389469425357096 ], [ -75.425460128306639, 6.389490217798623 ], [ -75.425222919679157, 6.389504631933486 ], [ -75.42484257118376, 6.389480280544394 ], [ -75.42462498663113, 6.389473598972119 ], [ -75.424500754272373, 6.389456187548919 ], [ -75.424350834180103, 6.389481398911103 ], [ -75.424126798277555, 6.389535771786073 ], [ -75.423983791835823, 6.389564711895985 ], [ -75.423845980748624, 6.389555587969089 ], [ -75.42367450211394, 6.389554936382262 ], [ -75.423577630363297, 6.389581310759564 ], [ -75.42349585138922, 6.389635180676849 ], [ -75.423411596010226, 6.389716933795208 ], [ -75.423342828530252, 6.389796562429265 ], [ -75.423274061029673, 6.389876191058337 ], [ -75.423225651865579, 6.389918355552886 ], [ -75.423118152347129, 6.38996782420824 ], [ -75.422973771206699, 6.390033925457582 ], [ -75.422792891821757, 6.390141835854988 ], [ -75.4226097828452, 6.390238628637591 ], [ -75.422496005951729, 6.390283204893144 ], [ -75.422317656807863, 6.390315768035232 ], [ -75.422167690228122, 6.390331155682915 ], [ -75.42198527449213, 6.390343997417499 ], [ -75.421938609263748, 6.390345727963972 ], [ -75.421891944034229, 6.39034745850627 ], [ -75.421781966603788, 6.390306404510706 ], [ -75.421733523473222, 6.39024790898881 ], [ -75.421713753109586, 6.390204344324745 ], [ -75.421671102525693, 6.390097492574452 ], [ -75.421548719194632, 6.390091595704613 ], [ -75.421252556190254, 6.390168936398057 ], [ -75.420600998478449, 6.390539363343591 ], [ -75.420608478294582, 6.390616444925201 ], [ -75.42063985098568, 6.390658649362481 ], [ -75.420728493102359, 6.390705586763768 ], [ -75.420913501159347, 6.390814870069589 ], [ -75.421036408270737, 6.390907352230141 ], [ -75.421108754402127, 6.390995644737065 ], [ -75.421259962271876, 6.391149223769907 ], [ -75.421350922356609, 6.391235695044013 ], [ -75.421509139133988, 6.3914244990874 ], [ -75.421554214514828, 6.391491516172707 ], [ -75.421628906289556, 6.391602566205189 ], [ -75.421633277181414, 6.391614126226842 ], [ -75.421632928821737, 6.391700260987195 ], [ -75.421735133770909, 6.39185850693882 ], [ -75.421779347829641, 6.391926429787079 ], [ -75.421827492184406, 6.39196632625821 ], [ -75.421932170153426, 6.39210252488184 ], [ -75.422016574222582, 6.392230376229313 ], [ -75.422174723567181, 6.39246278812342 ], [ -75.422282345808753, 6.392477478150943 ], [ -75.42232994386822, 6.392477353953728 ], [ -75.422435498610355, 6.392538258747634 ], [ -75.422537609530508, 6.392582178046507 ], [ -75.422670265628554, 6.392605624504444 ], [ -75.422762516229966, 6.392618943851226 ], [ -75.422861085286584, 6.392608490007454 ], [ -75.422934049151081, 6.39255731586084 ], [ -75.42300701299996, 6.392506141706806 ], [ -75.42321125650183, 6.392747769672672 ], [ -75.423305656664098, 6.392899676534075 ], [ -75.423400360520063, 6.393167935139597 ], [ -75.423445357954549, 6.393257319590546 ], [ -75.423639587990664, 6.393474855517384 ], [ -75.423749019917622, 6.393591814586459 ], [ -75.423768657650996, 6.393614839698808 ], [ -75.423768721652081, 6.393639356168158 ], [ -75.423797441470242, 6.39371296191268 ], [ -75.423843644634786, 6.393812673820359 ], [ -75.423900122729236, 6.393910021841711 ], [ -75.423960651043686, 6.394032741420101 ], [ -75.424059339804856, 6.394166262074926 ], [ -75.424146744544686, 6.394260233517223 ], [ -75.424213096036581, 6.394286264731739 ], [ -75.424283460394676, 6.394299041835001 ], [ -75.424316597154444, 6.394296977527287 ], [ -75.424352102841723, 6.394284245583846 ], [ -75.424383416637667, 6.394293681338049 ], [ -75.424411156654529, 6.39441695501829 ], [ -75.424470884691772, 6.394540145067408 ], [ -75.424558018674489, 6.394658695200956 ], [ -75.424695526186312, 6.394818228775914 ], [ -75.424732579198519, 6.394878940079125 ], [ -75.424751168131877, 6.394997669396628 ], [ -75.424743228611618, 6.395200927951925 ], [ -75.42484460826266, 6.395289104215188 ], [ -75.424882533547361, 6.395413718459382 ], [ -75.424964697086864, 6.395681277034278 ], [ -75.425025216199359, 6.395779700292 ], [ -75.425339126891785, 6.396316171442071 ], [ -75.425471265563175, 6.396567756230613 ], [ -75.425132296184643, 6.396859899862125 ], [ -75.424481215396, 6.397421315929186 ], [ -75.424311970852955, 6.397549734256475 ], [ -75.424348709506091, 6.397700810035261 ], [ -75.424390522620186, 6.397825129002844 ], [ -75.424506960590278, 6.397928514554967 ], [ -75.424606737751489, 6.398007058119093 ], [ -75.42462566977116, 6.398070524465874 ], [ -75.424681124009325, 6.398192371764119 ], [ -75.424708598668261, 6.398289060221088 ], [ -75.424705631721949, 6.398455742556876 ], [ -75.424696129186046, 6.398704941065978 ], [ -75.424693046651086, 6.398827404189403 ], [ -75.424676176549752, 6.398881872589512 ], [ -75.424598220753154, 6.398997728661452 ], [ -75.424472576343334, 6.39917936538773 ], [ -75.424445498147051, 6.399233860809093 ], [ -75.424421929858951, 6.39932916508829 ], [ -75.424408577489373, 6.399427844434213 ], [ -75.424415693577686, 6.399546879093039 ], [ -75.424439822615454, 6.399665869555115 ], [ -75.424474070297379, 6.399750818137496 ], [ -75.424528968686545, 6.39983670451559 ], [ -75.424614289776926, 6.399935125663762 ], [ -75.424713158371375, 6.40000970036922 ], [ -75.424860320033687, 6.400086854193528 ], [ -75.424909434669502, 6.400188722229008 ], [ -75.424820688179267, 6.40024820499705 ], [ -75.424667165078162, 6.400467833411075 ], [ -75.424560994038174, 6.400663637754226 ], [ -75.424389783619347, 6.400918862462983 ], [ -75.424311845668086, 6.40109980453812 ], [ -75.424211148681849, 6.401069574621501 ], [ -75.424077461809034, 6.401069924389102 ], [ -75.423862114798553, 6.40073174585301 ], [ -75.423435451692143, 6.400949858349492 ], [ -75.422840509247322, 6.40121332607973 ], [ -75.422732032131435, 6.401250828621253 ], [ -75.422614381284362, 6.401176117729158 ], [ -75.422274590860425, 6.400994351964385 ], [ -75.421915326980709, 6.400851776861129 ], [ -75.42154827816735, 6.4007218156704 ], [ -75.421509346547566, 6.400732818109558 ], [ -75.421471831247359, 6.400331870500512 ], [ -75.42142987975113, 6.399968142443955 ], [ -75.421744267175754, 6.399763348938129 ], [ -75.421502879990214, 6.399523290424509 ], [ -75.421459486672106, 6.39946575636257 ], [ -75.421443992363692, 6.399413617082174 ], [ -75.421443780846204, 6.399332525389047 ], [ -75.421451583896243, 6.399224446301343 ], [ -75.421464371927584, 6.399082270210511 ], [ -75.421455882768797, 6.398848580347401 ], [ -75.421442264812853, 6.398749494527985 ], [ -75.421436497934891, 6.398611867713019 ], [ -75.421441724556004, 6.398527593829951 ], [ -75.421454805778026, 6.398428838723532 ], [ -75.421472780384377, 6.398259983666158 ], [ -75.421469859813172, 6.398135610723486 ], [ -75.421454084749556, 6.39803993035464 ], [ -75.421435908980641, 6.39796805640443 ], [ -75.42141932334853, 6.397926906816909 ], [ -75.421413038737853, 6.397874283629186 ], [ -75.421435147876224, 6.397776445885257 ], [ -75.421483542718477, 6.397630011741925 ], [ -75.421609098061523, 6.397398088769519 ], [ -75.42161639864571, 6.397268224288406 ], [ -75.421618524401566, 6.397082087468879 ], [ -75.421620552943892, 6.39684065797205 ], [ -75.421620242061252, 6.396721438623249 ], [ -75.421616297204039, 6.396436924769245 ], [ -75.421503412606725, 6.396247967842088 ], [ -75.42150335093784, 6.396247864692694 ], [ -75.421428152702333, 6.396122180465081 ], [ -75.421376752595734, 6.395996382486831 ], [ -75.421318005642263, 6.395818763966977 ], [ -75.421150825710285, 6.395679656614366 ], [ -75.420980302901285, 6.395567788943858 ], [ -75.420797058243537, 6.395372321531712 ], [ -75.420735768091674, 6.395307779524375 ], [ -75.420587125096787, 6.395135350262029 ], [ -75.420430363949507, 6.395139403601716 ], [ -75.4202060181658, 6.395213581280006 ], [ -75.420007396102008, 6.395272981578681 ], [ -75.419985040128225, 6.395170001409792 ], [ -75.419976307662722, 6.395015953949008 ], [ -75.419652164433245, 6.394956629877806 ], [ -75.419631438988063, 6.394962608053069 ], [ -75.419559579008649, 6.394949332084765 ], [ -75.419454763219903, 6.394928658818775 ], [ -75.419333007224182, 6.394895421511717 ], [ -75.419230514455975, 6.394862927066855 ], [ -75.419115929503818, 6.394847431072989 ], [ -75.419029861798535, 6.394866370896337 ], [ -75.418981308335404, 6.394907660000777 ], [ -75.418923938473611, 6.394969748479518 ], [ -75.41883562042041, 6.394993229343553 ], [ -75.418742057042024, 6.394990950638967 ], [ -75.418650066576916, 6.394983527944572 ], [ -75.418504370313613, 6.395010751301363 ], [ -75.418310230086917, 6.395058818096826 ], [ -75.418187896683591, 6.395063081971561 ], [ -75.418053494228531, 6.395090318371727 ], [ -75.417800323565643, 6.39517281625289 ], [ -75.417676460230027, 6.395224789634629 ], [ -75.417581092886124, 6.395243947039584 ], [ -75.417477280151957, 6.395263095547409 ], [ -75.417394834047627, 6.395302607768942 ], [ -75.417300667027291, 6.395369658186858 ], [ -75.417182914687885, 6.395436770242388 ], [ -75.417037697097655, 6.395523602431616 ], [ -75.416982859067659, 6.395598410161957 ], [ -75.41693925842749, 6.395661911342319 ], [ -75.416774447637493, 6.395772372657414 ], [ -75.416695911938163, 6.39580401500512 ], [ -75.4166251565115, 6.395804198943356 ], [ -75.416558280500283, 6.395784724046662 ], [ -75.416453496367041, 6.395746939518432 ], [ -75.416416718612467, 6.395765443264985 ], [ -75.416407874452062, 6.395765466252154 ], [ -75.416346054511621, 6.395800994599838 ], [ -75.416291083678374, 6.395824716021989 ], [ -75.416208667974587, 6.395876016814606 ], [ -75.416086923141592, 6.395919560489764 ], [ -75.415961401474206, 6.395933171038692 ], [ -75.415888878234909, 6.395936812542137 ], [ -75.415809429779614, 6.395933565888027 ], [ -75.415754230606638, 6.395957879835693 ], [ -75.415705920785982, 6.39597526974127 ], [ -75.415661019790662, 6.395975386385095 ], [ -75.415591861594621, 6.395944489984843 ], [ -75.415443211491635, 6.395881257367106 ], [ -75.415342802986146, 6.396018229449767 ], [ -75.415270441516299, 6.396084022560145 ], [ -75.415167066824154, 6.396177519820148 ], [ -75.415091349696027, 6.396281303827682 ], [ -75.415074250654158, 6.396346953415982 ], [ -75.415008205024293, 6.39649863854013 ], [ -75.41487150229473, 6.396706319514555 ], [ -75.414737738880902, 6.396871308248566 ], [ -75.414673827941257, 6.396923305606568 ], [ -75.414612887530083, 6.3969448061151 ], [ -75.414570206407149, 6.396951014807602 ], [ -75.414506129360475, 6.396938985685034 ], [ -75.41429548469489, 6.396914458296307 ], [ -75.414204572922415, 6.396891255539481 ], [ -75.414184019976545, 6.396876659608417 ], [ -75.414183738864068, 6.396768255918559 ], [ -75.414221168523923, 6.396570065421992 ], [ -75.414266592297309, 6.396432646178009 ], [ -75.414303798158471, 6.396241404715944 ], [ -75.414306887210245, 6.39601795587298 ], [ -75.41415497136893, 6.395980406610786 ], [ -75.41406356582057, 6.395966029145145 ], [ -75.41399342954692, 6.395994286646662 ], [ -75.413944437485739, 6.396024136318874 ], [ -75.413850776251337, 6.396068128223612 ], [ -75.413822660473116, 6.396074451233377 ], [ -75.413782000454745, 6.396065181922294 ], [ -75.413750677610466, 6.396040263525163 ], [ -75.413674224357408, 6.396009015740124 ], [ -75.413541740483538, 6.396009359373215 ], [ -75.413442405785801, 6.396020654396532 ], [ -75.413373353526225, 6.396001518430335 ], [ -75.413191003432516, 6.395892844278025 ], [ -75.413086005955734, 6.395998357394771 ], [ -75.41302812769942, 6.396033116175011 ], [ -75.412991205603831, 6.396033211899884 ], [ -75.412914970636606, 6.396001111918453 ], [ -75.412822618114319, 6.39598289567782 ], [ -75.412757986521783, 6.395976142227014 ], [ -75.41271641928968, 6.395964715309291 ], [ -75.412658621490849, 6.395923339827319 ], [ -75.412589950022081, 6.395863702623128 ], [ -75.412490875592937, 6.395749617384373 ], [ -75.412433412807346, 6.395643220148309 ], [ -75.412389255234885, 6.395553325421048 ], [ -75.412338167593305, 6.395512683923469 ], [ -75.412276795890094, 6.395438090519653 ], [ -75.41225626242408, 6.395383778552775 ], [ -75.412205051664955, 6.395295567516467 ], [ -75.412119853068333, 6.395207444519785 ], [ -75.411933955347266, 6.39501866395149 ], [ -75.411821170599808, 6.39489976481982 ], [ -75.411703845872395, 6.39476513540032 ], [ -75.411633761504149, 6.39463038330399 ], [ -75.411483136100188, 6.394371077501998 ], [ -75.411440508551877, 6.394295438356712 ], [ -75.411421541269462, 6.39425306918409 ], [ -75.411391819734746, 6.394219815211875 ], [ -75.41137653982527, 6.394171374993969 ], [ -75.411342785578142, 6.394010873652731 ], [ -75.411345534346211, 6.393901787281514 ], [ -75.411332782153082, 6.393719295994847 ], [ -75.411302145075098, 6.393592116318391 ], [ -75.411262352637962, 6.393440720286049 ], [ -75.411182940034706, 6.393222005125295 ], [ -75.411073328966694, 6.393028369971709 ], [ -75.410945325727425, 6.392791558441835 ], [ -75.410941879678646, 6.392630978288874 ], [ -75.410938605965256, 6.392537057511277 ], [ -75.410914006876581, 6.392400772131781 ], [ -75.410836423289837, 6.39219099429882 ], [ -75.410761144102267, 6.392166976521598 ], [ -75.410671496824534, 6.392117235553469 ], [ -75.410596015039289, 6.392031443882357 ], [ -75.410437375480086, 6.391744652619979 ], [ -75.410386888077667, 6.39162296849176 ], [ -75.41026101163294, 6.39145132013777 ], [ -75.410192679255573, 6.391358344204326 ], [ -75.410123928943804, 6.391200182661081 ], [ -75.410048642248015, 6.391189629070273 ], [ -75.409969669637121, 6.391139674058421 ], [ -75.409912190485599, 6.391086080637931 ], [ -75.409823244415378, 6.391005945067009 ], [ -75.409744214774349, 6.39090770767449 ], [ -75.409680859329839, 6.390777928348863 ], [ -75.409660982604251, 6.390707101455193 ], [ -75.409640572281432, 6.390603590143874 ], [ -75.409568760076596, 6.390399415603854 ], [ -75.409517299400122, 6.390170696507734 ], [ -75.409508245900739, 6.389910926286602 ], [ -75.409507574085652, 6.389650657399472 ], [ -75.409540502726259, 6.389560934982836 ], [ -75.409603757119797, 6.389374166932194 ], [ -75.409648659398783, 6.389152041427702 ], [ -75.409592378897045, 6.388939026333138 ], [ -75.409424423636864, 6.388469675293755 ], [ -75.409365062171844, 6.388328739931601 ], [ -75.409360501303567, 6.388182382929611 ], [ -75.409360285492312, 6.388098744243732 ], [ -75.409387801357298, 6.387916819817442 ], [ -75.409288034669814, 6.387783911929823 ], [ -75.409145356672937, 6.387608637847571 ], [ -75.408998463233814, 6.387420828845226 ], [ -75.408939662746377, 6.387328977401197 ], [ -75.408876798081849, 6.387283138050917 ], [ -75.408776339391522, 6.38725830563931 ], [ -75.408742820694755, 6.387237482224461 ], [ -75.408679880225307, 6.387162369358829 ], [ -75.408621155652156, 6.387099791345618 ], [ -75.408608412017031, 6.387024548928599 ], [ -75.408608042022749, 6.386952723497238 ], [ -75.408570243479815, 6.38689427345744 ], [ -75.408514057563764, 6.38676119809028 ], [ -75.4084576919699, 6.386761343520778 ], [ -75.408442368571642, 6.386733908779203 ], [ -75.408442260672061, 6.386692053417828 ], [ -75.408461163586665, 6.386642538738826 ], [ -75.408487619537823, 6.386570174185414 ], [ -75.408502422225169, 6.386406518150645 ], [ -75.408532586365936, 6.386296093526739 ], [ -75.408581865820608, 6.386147139387286 ], [ -75.408661489311399, 6.386028976883535 ], [ -75.408811704302877, 6.385862927518233 ], [ -75.40863757498083, 6.385670193388241 ], [ -75.408603016413352, 6.38555232547983 ], [ -75.408587517677518, 6.385445823588655 ], [ -75.408556833739013, 6.385354581197205 ], [ -75.408502999205112, 6.385270599097049 ], [ -75.408449635545111, 6.38524029630195 ], [ -75.408384863885075, 6.385213827849461 ], [ -75.408358142245874, 6.385183455651758 ], [ -75.408304701092561, 6.385122713049582 ], [ -75.408216790614546, 6.385061517177103 ], [ -75.408098596888649, 6.384981915605899 ], [ -75.408014696522017, 6.384917445908334 ], [ -75.40794978768119, 6.384837706894247 ], [ -75.407937507752337, 6.384816813439665 ], [ -75.407926260841791, 6.384785465887548 ], [ -75.407905323817801, 6.384653730353204 ], [ -75.407892545543135, 6.384469260095603 ], [ -75.40778835602174, 6.384407127966107 ], [ -75.407769712644267, 6.384379325941167 ], [ -75.407755628493902, 6.384319020292147 ], [ -75.407755544808381, 6.384286528637388 ], [ -75.407774008853096, 6.384244705810079 ], [ -75.407783139198386, 6.384197645032572 ], [ -75.407801519552692, 6.384123330550884 ], [ -75.407805959224248, 6.384044410219007 ], [ -75.407777886591688, 6.383960932328331 ], [ -75.407698598551946, 6.383821885849761 ], [ -75.407600667571657, 6.383655037309385 ], [ -75.407515837023496, 6.383403307718738 ], [ -75.407514934383329, 6.383400329690273 ], [ -75.407514284420927, 6.383385303800713 ], [ -75.407496878211546, 6.383265576499053 ], [ -75.407385110844544, 6.383069105229315 ], [ -75.407264881675914, 6.382898322507242 ], [ -75.40726487548055, 6.38289831370743 ], [ -75.407144646432513, 6.382727552583752 ], [ -75.407111016898071, 6.382650751335736 ], [ -75.407118797526593, 6.38258664952718 ], [ -75.407128177669264, 6.382519834035122 ], [ -75.407080413059973, 6.382415431140555 ], [ -75.407080232009562, 6.382345079552638 ], [ -75.407320677783574, 6.382207999687812 ], [ -75.407732301278017, 6.382009508012182 ], [ -75.408011200767561, 6.381862682872927 ], [ -75.408013935079893, 6.381808652653236 ], [ -75.408176347487412, 6.381704815173342 ], [ -75.408264477556472, 6.381662930023596 ], [ -75.408301194808175, 6.381657936987708 ], [ -75.408347599730817, 6.381589218240198 ], [ -75.408419967238132, 6.381579107694286 ], [ -75.408470261155855, 6.381672783497997 ], [ -75.408631035821145, 6.381854795347691 ], [ -75.408690043277815, 6.38199816831859 ], [ -75.408800852037913, 6.382170220942373 ], [ -75.408912800083002, 6.382450570852389 ], [ -75.409036319776519, 6.382689687359694 ], [ -75.409197948874322, 6.38286553859251 ], [ -75.409364506242468, 6.382775487103348 ], [ -75.409573408885166, 6.382661284022515 ], [ -75.409818576147273, 6.382501521746201 ], [ -75.409919169382022, 6.38243995048785 ], [ -75.409946334269932, 6.38241265207983 ], [ -75.409967431569953, 6.382379318804188 ], [ -75.410000586308286, 6.382327801908596 ], [ -75.410039848239862, 6.382297447007016 ], [ -75.410073112361133, 6.382288285073014 ], [ -75.410106376480812, 6.382279123137107 ], [ -75.410051165787223, 6.382180735804716 ], [ -75.409995955117409, 6.382082348461671 ], [ -75.409758617700803, 6.381760159311558 ], [ -75.409685197532937, 6.381635035817061 ], [ -75.409887494541394, 6.381547941261277 ], [ -75.410052357639998, 6.381468400439036 ], [ -75.410202975884332, 6.381471513373143 ], [ -75.410409598294905, 6.381460475009294 ], [ -75.410441175256665, 6.38148140339318 ], [ -75.410493875698378, 6.381544296688835 ], [ -75.410553617815651, 6.381621178459997 ], [ -75.410566497263019, 6.381646765480548 ], [ -75.41070571002922, 6.381586871343038 ], [ -75.410892025695446, 6.38145393487804 ], [ -75.411029996947619, 6.381356336020471 ], [ -75.411162848771127, 6.381258750178675 ], [ -75.411234606909872, 6.381114717700717 ], [ -75.41134141262684, 6.380843186120739 ], [ -75.41174913028, 6.381077998921331 ], [ -75.411992946889242, 6.381148708946142 ], [ -75.411762789807355, 6.381359336486107 ], [ -75.411685995449659, 6.381446158129335 ], [ -75.411647672987883, 6.381518442940409 ], [ -75.411638368669159, 6.381643589224668 ], [ -75.411633905407669, 6.381802818803584 ], [ -75.411621989388777, 6.381848567355437 ], [ -75.411588604681711, 6.381968963436333 ], [ -75.41156713599068, 6.382043610965482 ], [ -75.411663384922832, 6.382096376691779 ], [ -75.411759633872052, 6.382149142395876 ], [ -75.412072760817665, 6.382337628407901 ], [ -75.412258065766508, 6.382478020155125 ], [ -75.412451571170877, 6.382663251341921 ], [ -75.412537366639611, 6.382542966655665 ], [ -75.412623162071114, 6.382422681962901 ], [ -75.412669874111643, 6.382339155686476 ], [ -75.412716653498634, 6.382281693320723 ], [ -75.412909363075102, 6.382197789168606 ], [ -75.413087309740774, 6.382053169349613 ], [ -75.413199287160339, 6.381953621326388 ], [ -75.413397564431449, 6.381840903203606 ], [ -75.413655922495039, 6.381749309539511 ], [ -75.413675512144479, 6.381557318750682 ], [ -75.413749779710614, 6.381345429045669 ], [ -75.413782093827095, 6.381308263689934 ], [ -75.413814410556611, 6.381291704353262 ], [ -75.41425666661226, 6.381166558529604 ], [ -75.414335522907308, 6.381225043074269 ], [ -75.414392541299918, 6.381231175450291 ], [ -75.414449559692585, 6.381237307819716 ], [ -75.414612098142186, 6.38116179871033 ], [ -75.414734978184669, 6.381110382034588 ], [ -75.414900182985576, 6.380995022831241 ], [ -75.415108954560225, 6.381194982051995 ], [ -75.415190231417938, 6.381264468067855 ], [ -75.415271508296854, 6.381333954066134 ], [ -75.415333052590114, 6.381396603891502 ], [ -75.41538186375108, 6.381446291838444 ], [ -75.41538186375108, 6.38144629183844 ], [ -75.415406526820547, 6.381376518483074 ], [ -75.415431344697296, 6.381331584264238 ], [ -75.415481129242522, 6.381299048948184 ], [ -75.415618157657775, 6.381256316591703 ], [ -75.415852606447231, 6.38116819335276 ], [ -75.415899568085521, 6.381008533668505 ], [ -75.415966508869445, 6.380850981812758 ], [ -75.415987564402343, 6.380774440530327 ], [ -75.416021448810582, 6.380722849614096 ], [ -75.416164229160117, 6.380750369875521 ], [ -75.416189593484887, 6.380767180218957 ], [ -75.416212151504055, 6.380786810521031 ], [ -75.416226284010492, 6.380812088035745 ], [ -75.41622199869002, 6.380950782369234 ], [ -75.416243667183934, 6.381070304207533 ], [ -75.416282311876657, 6.381147075541683 ], [ -75.416305955900498, 6.381204667832012 ], [ -75.416329599930705, 6.381262260120033 ], [ -75.416346717252353, 6.381302753222987 ], [ -75.416388492158774, 6.381399196685043 ], [ -75.416408083147687, 6.381526928569268 ], [ -75.416421365278694, 6.38169560557257 ], [ -75.416447640914285, 6.381846105061858 ], [ -75.416587639687378, 6.381884717604151 ], [ -75.416650773480896, 6.381865743066887 ], [ -75.416730289968413, 6.381850817993397 ], [ -75.41679995352699, 6.381882350167572 ], [ -75.416834852930506, 6.381924202291852 ], [ -75.416849427812991, 6.382020325615243 ], [ -75.416786234632966, 6.382149811210263 ], [ -75.416893679356122, 6.382113904945292 ], [ -75.416953777382957, 6.382125591017044 ], [ -75.417232674271119, 6.382160539535407 ], [ -75.417249650214529, 6.382143479769519 ], [ -75.417385217670443, 6.382026469684982 ], [ -75.417544750170606, 6.381967325681551 ], [ -75.41754395632185, 6.382027754168883 ], [ -75.417559351763288, 6.382109387719537 ], [ -75.417595120759231, 6.382203990750402 ], [ -75.417616693484973, 6.382258324399735 ], [ -75.4177527492933, 6.38242194696655 ], [ -75.417801965871917, 6.382488464798056 ], [ -75.417851182464062, 6.382554982622046 ], [ -75.417896460691964, 6.382609472765284 ], [ -75.417979936611204, 6.382711016445906 ], [ -75.418018134299857, 6.382758069985007 ], [ -75.418108580691793, 6.382484438197725 ], [ -75.418144685018248, 6.382322978810183 ], [ -75.418184501427248, 6.382328180968509 ], [ -75.41832775052282, 6.382311891985553 ], [ -75.418359592909908, 6.382311809274476 ], [ -75.418391449066746, 6.382317032093593 ], [ -75.418409381780805, 6.382326555575752 ], [ -75.418588415527537, 6.382414939417435 ], [ -75.418728592836885, 6.382468421846492 ], [ -75.418787867268591, 6.382479037070981 ], [ -75.418825548535423, 6.382470862172773 ], [ -75.418865887791554, 6.382449218865368 ], [ -75.41893302468381, 6.382376351545849 ], [ -75.4190429054931, 6.382249743145779 ], [ -75.419116269858947, 6.382169311917357 ], [ -75.419174167100948, 6.382142414448327 ], [ -75.419232087143058, 6.382124432649123 ], [ -75.41927761649292, 6.382122709533898 ], [ -75.419336456552813, 6.382250193451593 ], [ -75.419353937458837, 6.382241412069777 ], [ -75.419376102276104, 6.382239876953624 ], [ -75.419390904057778, 6.382248703472356 ], [ -75.419404239650959, 6.382261966510526 ], [ -75.419433063581451, 6.382285671385624 ], [ -75.4194503106757, 6.382287988590386 ], [ -75.41954199041983, 6.382252772458942 ], [ -75.4196321837981, 6.382208952790753 ], [ -75.419812603127809, 6.382164308381546 ], [ -75.419856987941884, 6.382389601255364 ], [ -75.420096841940037, 6.382291872132012 ], [ -75.420399743562385, 6.382480539490206 ], [ -75.420423404055313, 6.382056072674832 ], [ -75.420625273803395, 6.382007984563486 ], [ -75.420715124540038, 6.382010558366511 ], [ -75.42082186016367, 6.382027121919184 ], [ -75.420855791069698, 6.382045949364638 ], [ -75.420923334201717, 6.382032597788459 ], [ -75.420976400083305, 6.382022455825303 ], [ -75.421029465961709, 6.382012313857109 ], [ -75.421079676472502, 6.381995705256848 ], [ -75.421108149707976, 6.381967093205748 ], [ -75.42115679335447, 6.381914445976358 ], [ -75.421215990884377, 6.381881021078043 ], [ -75.421291730423903, 6.381836011129374 ], [ -75.421332972620334, 6.381784198215843 ], [ -75.421332793648006, 6.381680564061847 ], [ -75.421332399168691, 6.381528891272332 ], [ -75.421339213427572, 6.381497849072574 ], [ -75.421352996681108, 6.381494366815429 ], [ -75.42140141621276, 6.381551118014529 ], [ -75.421467130407549, 6.381628506687399 ], [ -75.421584452786107, 6.381662673495345 ], [ -75.421623770907004, 6.381646814520511 ], [ -75.421602825468867, 6.381585420304666 ], [ -75.421598629730028, 6.381541253206929 ], [ -75.421607703046632, 6.381488786527898 ], [ -75.421647016946324, 6.381469002832461 ], [ -75.421682593308759, 6.38146891020479 ], [ -75.421754375567616, 6.381525650549794 ], [ -75.421784964998551, 6.381575253242006 ], [ -75.421803397709553, 6.381655371939221 ], [ -75.421807905603131, 6.381720421725893 ], [ -75.421789817512746, 6.381764141346277 ], [ -75.421786952054617, 6.38180731534351 ], [ -75.421792242138295, 6.381908093825701 ], [ -75.421811524261187, 6.382010573615087 ], [ -75.421817561355624, 6.382089107780435 ], [ -75.421786010227109, 6.382210507589436 ], [ -75.421805417881032, 6.382274577587015 ], [ -75.421914555421992, 6.38241926958989 ], [ -75.421975414320741, 6.382487865802928 ], [ -75.4220814910408, 6.382581411696421 ], [ -75.422140626886645, 6.382634877456836 ], [ -75.422170611676975, 6.382706291822339 ], [ -75.422176986617387, 6.382768417115623 ], [ -75.422104167605269, 6.382944054151963 ], [ -75.422083445835881, 6.383034271518424 ], [ -75.422218212442914, 6.383035462651155 ], [ -75.4223287662182, 6.382922132555357 ], [ -75.422378135150225, 6.382877479401499 ], [ -75.422424908288832, 6.382861757102934 ], [ -75.422496475820381, 6.382887561485586 ], [ -75.422524319031027, 6.382931842862988 ], [ -75.422634495898933, 6.382879147060076 ], [ -75.422728785666351, 6.382822253642407 ], [ -75.422918302570537, 6.382726133051733 ], [ -75.422597304435897, 6.382344209497758 ], [ -75.422568546978255, 6.382272874013231 ], [ -75.422539789530319, 6.382201538525243 ], [ -75.422533329979672, 6.382128158810658 ], [ -75.422526870433003, 6.382054779095411 ], [ -75.422577935574736, 6.382051958726294 ], [ -75.422643851106798, 6.38207154132493 ], [ -75.422666989140453, 6.382104404601791 ], [ -75.42269012717729, 6.382137267876951 ], [ -75.4227102042762, 6.382163405935424 ], [ -75.42278270620055, 6.382182971135649 ], [ -75.422809052055499, 6.382182902475366 ], [ -75.422861674476451, 6.382156426477589 ] ] ] ] } },
{ "type": "Feature", "properties": { "FID_": 0, "Name": "La Palma" }, "geometry": { "type": "MultiPolygon", "coordinates": [ [ [ [ -75.433757627003104, 6.415094128034822 ], [ -75.433684018574823, 6.414977081422983 ], [ -75.433654543862914, 6.414918538757136 ], [ -75.433437295811231, 6.414729190490121 ], [ -75.433405580429451, 6.414703389518587 ], [ -75.433364136243284, 6.414669674000963 ], [ -75.433293459017889, 6.41462497392667 ], [ -75.433288668459525, 6.414621724700063 ], [ -75.432928738245806, 6.414360381398543 ], [ -75.43272458026793, 6.414275974823962 ], [ -75.432554455951177, 6.414208467428582 ], [ -75.432443857537422, 6.414157792010404 ], [ -75.432426616573679, 6.414064397523527 ], [ -75.432375162922355, 6.413886147992952 ], [ -75.432264340210324, 6.413750527823626 ], [ -75.432187574022393, 6.413640301238207 ], [ -75.432033636704631, 6.413535520992927 ], [ -75.431959065958111, 6.413425033763985 ], [ -75.431852737680856, 6.413319299097828 ], [ -75.431680250890281, 6.413260120158012 ], [ -75.431619905385347, 6.413193260723516 ], [ -75.431560200949306, 6.413173540313603 ], [ -75.431442625691645, 6.413140423976974 ], [ -75.431363668444206, 6.41304719267948 ], [ -75.431235517203135, 6.412954090988916 ], [ -75.431122228156028, 6.412900292982358 ], [ -75.430991668802477, 6.412775396774031 ], [ -75.430927917388985, 6.412707775475432 ], [ -75.430834599465911, 6.412678363435216 ], [ -75.430749735504094, 6.412640455571916 ], [ -75.430614013500048, 6.412602681633176 ], [ -75.430345297393814, 6.412489719364311 ], [ -75.430117121316954, 6.412405527243408 ], [ -75.429963232130405, 6.4123476370853 ], [ -75.429766710109291, 6.412205066519586 ], [ -75.429617997144618, 6.412099466778113 ], [ -75.429521475020749, 6.411997420549111 ], [ -75.429513247536008, 6.411987360937585 ], [ -75.429390830322077, 6.411813510309792 ], [ -75.429246517299561, 6.411562577185936 ], [ -75.4290573596234, 6.411329713096414 ], [ -75.428921838292723, 6.411123373112186 ], [ -75.42888120474511, 6.411082965575457 ], [ -75.42884049616454, 6.411014197716885 ], [ -75.428816009488045, 6.410949438701097 ], [ -75.428803585449046, 6.410848185078083 ], [ -75.428825086595481, 6.410791602367552 ], [ -75.428824963844292, 6.410744883618733 ], [ -75.428840490946754, 6.410725376696978 ], [ -75.428859868372044, 6.410690290878833 ], [ -75.428882773478136, 6.410612645349246 ], [ -75.428905415016473, 6.410537568289512 ], [ -75.42890519784072, 6.410454913197125 ], [ -75.428882028880139, 6.410389833801472 ], [ -75.428814302091695, 6.410230297289396 ], [ -75.428783361059331, 6.410180328102784 ], [ -75.428721197315468, 6.410025822606441 ], [ -75.428682112296983, 6.409871162632195 ], [ -75.428651160672658, 6.409817343756495 ], [ -75.428623979669425, 6.40973271451421 ], [ -75.428608433078509, 6.409678855140038 ], [ -75.428608386041603, 6.409660947056295 ], [ -75.428585437127992, 6.409471455670127 ], [ -75.428397552906489, 6.409465241799459 ], [ -75.428315918242589, 6.409461161861011 ], [ -75.428165502684067, 6.409440083821559 ], [ -75.428065923528365, 6.409409969995735 ], [ -75.427924010218987, 6.409354512852905 ], [ -75.427881016338915, 6.409341741762022 ], [ -75.427821915912034, 6.4092340979619 ], [ -75.427684147275883, 6.40929355172297 ], [ -75.427631917249684, 6.40927945905717 ], [ -75.427513147439868, 6.409222850961371 ], [ -75.427346892665966, 6.409152137673179 ], [ -75.427247090038776, 6.409090736205098 ], [ -75.427194785370858, 6.40904818366923 ], [ -75.427150775623332, 6.408946916586926 ], [ -75.427084170650019, 6.408875162873296 ], [ -75.426984314281768, 6.408786897675967 ], [ -75.426851336626115, 6.408731917214569 ], [ -75.426690686113261, 6.408677009020696 ], [ -75.426563272511871, 6.408633079709253 ], [ -75.426443977448614, 6.408585114677461 ], [ -75.426381321677468, 6.40853943338827 ], [ -75.426310239878092, 6.408460432366994 ], [ -75.426222416331882, 6.408356468483467 ], [ -75.42615967321089, 6.408277445555832 ], [ -75.426080242453821, 6.408194298540248 ], [ -75.426005002880899, 6.40811947589341 ], [ -75.425938145124576, 6.408061302638984 ], [ -75.425896258005338, 6.407986392496414 ], [ -75.425837585482626, 6.407869848834856 ], [ -75.425745008706841, 6.4077339041082 ], [ -75.42570081075128, 6.407630509649551 ], [ -75.425666033572071, 6.407530227026291 ], [ -75.425618705843092, 6.407429977617822 ], [ -75.4255473981747, 6.407311895116901 ], [ -75.425421750230953, 6.40718126424482 ], [ -75.425296162522272, 6.407073409032086 ], [ -75.425144766104765, 6.406977001134844 ], [ -75.425105932857022, 6.406940958280326 ], [ -75.425049008880805, 6.40689979935514 ], [ -75.425015340860256, 6.406863742956037 ], [ -75.424981980460728, 6.406812162683856 ], [ -75.424925160536802, 6.406762996606775 ], [ -75.424853754382553, 6.406709894963751 ], [ -75.424766909426651, 6.406627286196904 ], [ -75.42474415313275, 6.406567100978544 ], [ -75.424739368064991, 6.40650250690895 ], [ -75.424615640782037, 6.406394234547364 ], [ -75.424524990245601, 6.406296574398847 ], [ -75.424388172341338, 6.406115035848342 ], [ -75.424289890348689, 6.405979742870581 ], [ -75.424199249803294, 6.405885847852798 ], [ -75.424085970812641, 6.405776951105996 ], [ -75.42398398181659, 6.405664259524229 ], [ -75.423877828303247, 6.405554978711674 ], [ -75.423789055537895, 6.405491939242624 ], [ -75.423690656783066, 6.405378307920026 ], [ -75.423579616440961, 6.405271036740237 ], [ -75.423388571366729, 6.405065190227963 ], [ -75.42332564368877, 6.405002610509012 ], [ -75.423233310776553, 6.404989670407672 ], [ -75.423204763729856, 6.4049644364128 ], [ -75.423103341239795, 6.404904593896324 ], [ -75.423001993186475, 6.404873223226223 ], [ -75.422815120337631, 6.404810440121241 ], [ -75.422707313952046, 6.404826737291599 ], [ -75.422684218770698, 6.404826797685604 ], [ -75.422678430022358, 6.404821040540081 ], [ -75.42267072660124, 6.404819136695159 ], [ -75.422663048317617, 6.404826853045521 ], [ -75.42265344582448, 6.404834574111717 ], [ -75.422636139389525, 6.404840391333743 ], [ -75.422622687438476, 6.404848122465411 ], [ -75.42261116021561, 6.404855848563935 ], [ -75.422602756935106, 6.404872760356043 ], [ -75.422595838834113, 6.404884748779478 ], [ -75.422590075222075, 6.404888611828588 ], [ -75.422580457125321, 6.404890560967255 ], [ -75.42255249959743, 6.404896848633106 ], [ -75.422578047657012, 6.404832512964539 ], [ -75.422635203839022, 6.404694376961117 ], [ -75.422631114436328, 6.404598558804675 ], [ -75.422527377760517, 6.404514497988131 ], [ -75.422465841798939, 6.404445661430706 ], [ -75.422446483888876, 6.404372885105055 ], [ -75.422442304414844, 6.404242568451767 ], [ -75.422429859650663, 6.404076409385355 ], [ -75.422410211398045, 6.40389247033636 ], [ -75.422348425243143, 6.403727805535327 ], [ -75.42223454824564, 6.403509339306087 ], [ -75.422150162890773, 6.403411449929503 ], [ -75.422102299384505, 6.403333087076903 ], [ -75.422034766446401, 6.403246367382244 ], [ -75.42192736188133, 6.403085917577211 ], [ -75.421854132577025, 6.402959968756255 ], [ -75.421786489967985, 6.402831199802499 ], [ -75.421704456710145, 6.402667836490159 ], [ -75.421622874986312, 6.402567134131253 ], [ -75.421580598309163, 6.402485951082319 ], [ -75.421515825054172, 6.402379593753504 ], [ -75.421470861160117, 6.402340467205632 ], [ -75.421422969547194, 6.402256501603103 ], [ -75.421371906153411, 6.402197044707191 ], [ -75.421279145791146, 6.402110390729949 ], [ -75.421211641501472, 6.402029273502085 ], [ -75.421141428918986, 6.401987407316464 ], [ -75.420992657620786, 6.40192612421105 ], [ -75.420925256686687, 6.401889861690464 ], [ -75.420897137851227, 6.401859099338471 ], [ -75.420874269310076, 6.401791177187089 ], [ -75.420860044957166, 6.401709929140899 ], [ -75.42086548446899, 6.401645437916967 ], [ -75.420887659294223, 6.401547270063118 ], [ -75.420926569400777, 6.401415417254794 ], [ -75.420979571327351, 6.401308752374576 ], [ -75.421024455323476, 6.401206912200638 ], [ -75.421094287549536, 6.401103008905252 ], [ -75.421192114237712, 6.400982216053576 ], [ -75.421326449680222, 6.400886552585681 ], [ -75.421385256616247, 6.400855563304739 ], [ -75.42151437046266, 6.400847416907282 ], [ -75.421520123825587, 6.400848000836405 ], [ -75.421509346547566, 6.400732818109558 ], [ -75.42154827816735, 6.4007218156704 ], [ -75.421915326980709, 6.400851776861129 ], [ -75.422274590860425, 6.400994351964385 ], [ -75.422614381284362, 6.401176117729158 ], [ -75.422732032131435, 6.401250828621253 ], [ -75.422840509247322, 6.40121332607973 ], [ -75.423435451692143, 6.400949858349492 ], [ -75.423862114798553, 6.40073174585301 ], [ -75.424077461809034, 6.401069924389102 ], [ -75.424211148681849, 6.401069574621501 ], [ -75.424311845668086, 6.40109980453812 ], [ -75.424389783619347, 6.400918862462983 ], [ -75.424560994038174, 6.400663637754226 ], [ -75.424667165078162, 6.400467833411075 ], [ -75.424820688179267, 6.40024820499705 ], [ -75.424909434669502, 6.400188722229008 ], [ -75.425132029738805, 6.400097697294602 ], [ -75.42537334359001, 6.400082872594236 ], [ -75.425543820568777, 6.400125005273872 ], [ -75.425700211599917, 6.400209753218634 ], [ -75.425830594648744, 6.400394807273798 ], [ -75.426073208992023, 6.400876732419459 ], [ -75.426273418466053, 6.40142973304293 ], [ -75.426373244372101, 6.40159978701451 ], [ -75.426672462789156, 6.402010598396325 ], [ -75.426871854901464, 6.402251356039264 ], [ -75.427028284500679, 6.402350296516916 ], [ -75.427156021695708, 6.402335768292244 ], [ -75.427340101204607, 6.402150777367463 ], [ -75.427523957360933, 6.401880628920466 ], [ -75.427665445354293, 6.401695749343735 ], [ -75.427835513611711, 6.40158175960129 ], [ -75.42807671615806, 6.401524354768738 ], [ -75.428445804410345, 6.401509193186476 ], [ -75.428829127231694, 6.401508186867621 ], [ -75.429183943956801, 6.401464676438859 ], [ -75.429325765899165, 6.40140753205247 ], [ -75.429495870844633, 6.401307734653138 ], [ -75.429657097081943, 6.401741373586897 ], [ -75.429723026265094, 6.401672365140304 ], [ -75.429876889188151, 6.401507371725317 ], [ -75.430091163791403, 6.401344452798693 ], [ -75.430340860471702, 6.401177180922073 ], [ -75.430884649470912, 6.400951803968688 ], [ -75.430951447726258, 6.400924889004049 ], [ -75.431393487328322, 6.400678698269994 ], [ -75.431490561598338, 6.40082800009351 ], [ -75.431504198667042, 6.400862785597724 ], [ -75.431533418206726, 6.400936220212166 ], [ -75.43154133148721, 6.40100197279035 ], [ -75.431526003273902, 6.401060048741912 ], [ -75.431522275727033, 6.401114224818062 ], [ -75.431522397773847, 6.401160652999102 ], [ -75.431538111955646, 6.401249599304857 ], [ -75.431545903198028, 6.401268923700759 ], [ -75.43156528494336, 6.401280479835735 ], [ -75.431592376044378, 6.401280408561997 ], [ -75.431650356977656, 6.401253172724299 ], [ -75.431673562884853, 6.401247308264087 ], [ -75.431696768791284, 6.401241443802942 ], [ -75.431737315046789, 6.401237972312657 ], [ -75.431777443881657, 6.401261565157284 ], [ -75.431830773815378, 6.401254758216904 ], [ -75.431857451928408, 6.401256354748142 ], [ -75.431926928150844, 6.401257838653935 ], [ -75.432048974251316, 6.401345381043886 ], [ -75.432091167473772, 6.401377402901127 ], [ -75.432171811534843, 6.401370490560615 ], [ -75.432184136379533, 6.401380021617462 ], [ -75.432210170554498, 6.40140591138055 ], [ -75.432222598580481, 6.401422151315038 ], [ -75.432237791904612, 6.401451573690126 ], [ -75.432267770185547, 6.401482268685844 ], [ -75.432281048761922, 6.401496089902686 ], [ -75.432306107658377, 6.401509492314481 ], [ -75.432344402009022, 6.40152032126219 ], [ -75.432366261175815, 6.401517531200185 ], [ -75.432397650283008, 6.401501053934257 ], [ -75.432414021035925, 6.401490080923934 ], [ -75.432429021677009, 6.401477745261394 ], [ -75.432464528820972, 6.401468088445088 ], [ -75.432497328348006, 6.40146800209296 ], [ -75.432550282128403, 6.401510997591246 ], [ -75.432600407413915, 6.401579716864212 ], [ -75.432625146672152, 6.401616603710225 ], [ -75.432712524028759, 6.401663650601056 ], [ -75.432788609215081, 6.401696235431905 ], [ -75.43286262395111, 6.40172991324354 ], [ -75.432899623217779, 6.401743672597343 ], [ -75.432994841559974, 6.401751696324787 ], [ -75.433127374536625, 6.401665326424792 ], [ -75.433205419934424, 6.401609920891061 ], [ -75.433244947560937, 6.401659947759149 ], [ -75.433274689136269, 6.401701065284777 ], [ -75.433299870193594, 6.401751805606744 ], [ -75.433262274085877, 6.401806478134841 ], [ -75.433262497449633, 6.40182048640756 ], [ -75.433262722696796, 6.401829901770189 ], [ -75.433264549910461, 6.401843679676122 ], [ -75.433275082661325, 6.401858831539438 ], [ -75.433308524889995, 6.401877188133847 ], [ -75.433349301304844, 6.401888881707663 ], [ -75.4334064374696, 6.401880981605556 ], [ -75.433444886231854, 6.401883282189455 ], [ -75.433456934144729, 6.401896461135137 ], [ -75.4335014085719, 6.401938646309254 ], [ -75.433524539260233, 6.401961141147186 ], [ -75.433563702432053, 6.40199602961657 ], [ -75.43359645302921, 6.402024950189301 ], [ -75.43362553282698, 6.40206627326592 ], [ -75.433657591973684, 6.40210529854311 ], [ -75.433680487837478, 6.402141801847291 ], [ -75.433713916100018, 6.402194375581503 ], [ -75.433727891691319, 6.402194369281748 ], [ -75.433786783446379, 6.402167474218105 ], [ -75.433815192748796, 6.402167691053371 ], [ -75.433834432754182, 6.402180083228769 ], [ -75.433852752949022, 6.402200743052614 ], [ -75.43387932497707, 6.402211754046421 ], [ -75.433911861979269, 6.402202783197953 ], [ -75.43393638188769, 6.402189682347824 ], [ -75.433955864983432, 6.40216785724455 ], [ -75.433987497931682, 6.402128573608447 ], [ -75.434023709189105, 6.402098703366025 ], [ -75.434064955753115, 6.402081231699792 ], [ -75.43409015781738, 6.402080761032377 ], [ -75.434140554632634, 6.40209773203658 ], [ -75.434176078831783, 6.402112949189577 ], [ -75.434223489093057, 6.402104124651417 ], [ -75.434247382290778, 6.401942443519289 ], [ -75.434282455756275, 6.40189351321293 ], [ -75.434331256574623, 6.401891424357083 ], [ -75.434375916685113, 6.401930443886771 ], [ -75.434424705238555, 6.40195843856798 ], [ -75.434483817147992, 6.401939466714531 ], [ -75.434517371837572, 6.401939378235808 ], [ -75.434599116689327, 6.401956664290746 ], [ -75.434715912979243, 6.401988442568966 ], [ -75.434914446455579, 6.402034589902362 ], [ -75.43499335002565, 6.402081052733344 ], [ -75.435037186259919, 6.402107189512126 ], [ -75.435083089153153, 6.402135426690352 ], [ -75.435112038399538, 6.402177927535476 ], [ -75.435142309192983, 6.402218055714018 ], [ -75.435166245883792, 6.402239352945133 ], [ -75.43519018257652, 6.402260650174699 ], [ -75.43521788019396, 6.402278168075202 ], [ -75.435238089615126, 6.402315809749105 ], [ -75.435260799348939, 6.402348418741046 ], [ -75.435296038174926, 6.402365916738211 ], [ -75.435483937047366, 6.402359378553175 ], [ -75.435570089272403, 6.402340508499678 ], [ -75.435668161613506, 6.40230555784789 ], [ -75.435702451518964, 6.402315674763822 ], [ -75.435720876927221, 6.402348625351403 ], [ -75.435739302338149, 6.402381575937788 ], [ -75.435794424114363, 6.402421763207331 ], [ -75.43585681344733, 6.402436264981673 ], [ -75.4359192995001, 6.402487432323138 ], [ -75.435936909715878, 6.402521344369959 ], [ -75.436008614902448, 6.40256409755118 ], [ -75.436104996106167, 6.402489075224899 ], [ -75.436140876138367, 6.402493966911823 ], [ -75.436187415798273, 6.402495633381126 ], [ -75.436228647332456, 6.40252057413301 ], [ -75.436307950696715, 6.402575788605834 ], [ -75.436381120051138, 6.402648998932727 ], [ -75.4364573838604, 6.402721287379261 ], [ -75.436528489048698, 6.402805333147803 ], [ -75.4366187205964, 6.402897150005083 ], [ -75.436665443100424, 6.402935709046896 ], [ -75.436665443100424, 6.402935709046896 ], [ -75.43670163070847, 6.402964168510725 ], [ -75.436707719274281, 6.403030553929338 ], [ -75.436693155958025, 6.403114158842446 ], [ -75.43667899333451, 6.403144155059186 ], [ -75.436641016670023, 6.403186938085941 ], [ -75.436594546717146, 6.403243868661758 ], [ -75.436576024418287, 6.40328604885337 ], [ -75.436575355410227, 6.403316750712623 ], [ -75.43659245106636, 6.403340056066535 ], [ -75.436628843802666, 6.403369923259345 ], [ -75.436683994052856, 6.403424465499161 ], [ -75.436708473230766, 6.403463381629538 ], [ -75.436736763471842, 6.403508227018044 ], [ -75.436795984880263, 6.403556958117166 ], [ -75.436889904943698, 6.403573969306684 ], [ -75.436998285053946, 6.403592596693611 ], [ -75.437101603660679, 6.404114711476519 ], [ -75.437150762719227, 6.404261707933922 ], [ -75.437251583667205, 6.404384336848927 ], [ -75.437283849882604, 6.404490837412689 ], [ -75.437278932633575, 6.404503851002939 ], [ -75.437248639265675, 6.404609513645467 ], [ -75.437312893227642, 6.404715929648477 ], [ -75.43748758095505, 6.404921536236261 ], [ -75.437512854543499, 6.405070691418614 ], [ -75.437502783338587, 6.405294551965581 ], [ -75.437528157219802, 6.405482787739013 ], [ -75.437699453773021, 6.405748802998974 ], [ -75.437838742267019, 6.405991208145732 ], [ -75.437976991926249, 6.406096943624305 ], [ -75.438062478885968, 6.406181951377761 ], [ -75.437988085036565, 6.40638169664997 ], [ -75.43795162008179, 6.406394423204735 ], [ -75.437877316231223, 6.40643110638405 ], [ -75.437839477333853, 6.40645506300875 ], [ -75.437793848116527, 6.406491477181311 ], [ -75.437760326366828, 6.406546041947704 ], [ -75.437748749041063, 6.406585022131215 ], [ -75.437759747824714, 6.406628534037356 ], [ -75.437759061360865, 6.406670194794688 ], [ -75.437758446858751, 6.406739080682684 ], [ -75.4377257195829, 6.406792854209211 ], [ -75.437677550922672, 6.406841755546762 ], [ -75.437627223813536, 6.406906789043798 ], [ -75.437616135904221, 6.40695487952898 ], [ -75.437612291046548, 6.407022972096549 ], [ -75.437591600157475, 6.407070273385674 ], [ -75.437553184798119, 6.407089607091699 ], [ -75.437482724092803, 6.407111418424249 ], [ -75.43742992440373, 6.407137192380625 ], [ -75.437400219671744, 6.407160741485226 ], [ -75.437338915525672, 6.407192458124723 ], [ -75.437309431336715, 6.407231502797532 ], [ -75.437260153406754, 6.407258277918637 ], [ -75.437239392882105, 6.407287174607277 ], [ -75.437217064562873, 6.407325672400689 ], [ -75.437376492131961, 6.407621636447756 ], [ -75.437292973568063, 6.407652124659736 ], [ -75.437295769832104, 6.407758358400493 ], [ -75.437317379831143, 6.407900180957258 ], [ -75.437281868520401, 6.407939642771383 ], [ -75.437245828935545, 6.407946351850184 ], [ -75.437174876999819, 6.40790867832704 ], [ -75.437148588985593, 6.407892506836276 ], [ -75.437108524103223, 6.407882608525671 ], [ -75.437005830355531, 6.407875599620512 ], [ -75.436957702507684, 6.407884471054964 ], [ -75.436892161238291, 6.407919633793849 ], [ -75.436829426485318, 6.407965779584011 ], [ -75.436778365370699, 6.407931568101542 ], [ -75.436714268981376, 6.407966154238609 ], [ -75.436626592425327, 6.408041507056716 ], [ -75.436573756074736, 6.408116945962637 ], [ -75.436541832663167, 6.408117997680859 ], [ -75.436509909251072, 6.408119049397121 ], [ -75.436487624025347, 6.408110402305224 ], [ -75.436430478565626, 6.408094095960272 ], [ -75.436374923072535, 6.408079792086191 ], [ -75.436315027562216, 6.408042903336832 ], [ -75.436275093933048, 6.407995393174161 ], [ -75.436265557887964, 6.407924701232699 ], [ -75.436237738556684, 6.408058954039218 ], [ -75.43621953157556, 6.408134034113578 ], [ -75.436201324591266, 6.408209114188207 ], [ -75.436198204956611, 6.408250246819209 ], [ -75.436195085322154, 6.408291379450233 ], [ -75.436184167177913, 6.408379995655147 ], [ -75.436185421227393, 6.408854851086575 ], [ -75.436196096898655, 6.409055417213222 ], [ -75.436227693051265, 6.40921885698515 ], [ -75.436232913321419, 6.409375099861724 ], [ -75.436222022924625, 6.40955357614706 ], [ -75.436198037648794, 6.409717727147469 ], [ -75.436188934296865, 6.409915089801116 ], [ -75.436261164971285, 6.410023520183578 ], [ -75.43631624507249, 6.410099055655105 ], [ -75.43628611248181, 6.410151167651004 ], [ -75.436231369855477, 6.410250998586735 ], [ -75.436213340582071, 6.410515830654128 ], [ -75.436190746571995, 6.410617012438922 ], [ -75.436218246677029, 6.410639646607854 ], [ -75.436245746784365, 6.410662280774779 ], [ -75.436334132155793, 6.410743964926992 ], [ -75.43635840460702, 6.410758894411658 ], [ -75.43642329736312, 6.410787564624255 ], [ -75.436641106387015, 6.410742033127827 ], [ -75.436636022842322, 6.410773441988469 ], [ -75.436575011133584, 6.410931005816357 ], [ -75.436550482010148, 6.411012054342028 ], [ -75.436519130461008, 6.411075140783418 ], [ -75.436454325726118, 6.41114462295305 ], [ -75.436372115353123, 6.411219352288983 ], [ -75.436312571505184, 6.411234401812316 ], [ -75.436279056978506, 6.411234490428635 ], [ -75.436215837676045, 6.411264423465352 ], [ -75.436181988183662, 6.411286385130168 ], [ -75.436124281151564, 6.41131533514204 ], [ -75.436080454507405, 6.41134549098205 ], [ -75.436066599768566, 6.411353996909027 ], [ -75.436031397182262, 6.411364950199765 ], [ -75.435989602402799, 6.411371915641525 ], [ -75.435938504688252, 6.411381534142069 ], [ -75.43588436462781, 6.411395854336376 ], [ -75.435832192442902, 6.411391061045706 ], [ -75.435782886034104, 6.411397349203364 ], [ -75.435747477105849, 6.411411311615559 ], [ -75.435735876329304, 6.41143019825057 ], [ -75.435707559117006, 6.411465320973241 ], [ -75.4356891445142, 6.411494642176145 ], [ -75.435690056014124, 6.411548543618514 ], [ -75.435693940816449, 6.411637703111476 ], [ -75.435670911309586, 6.411673194342532 ], [ -75.435590357732522, 6.411722298657986 ], [ -75.435519358048936, 6.411759850190746 ], [ -75.435458482462394, 6.411777895727598 ], [ -75.435395414518609, 6.411797919571932 ], [ -75.435318439303643, 6.411830465295335 ], [ -75.435277701276434, 6.411865226728464 ], [ -75.435252333812898, 6.411889166773215 ], [ -75.435255834747977, 6.411921432398069 ], [ -75.435273911273029, 6.411939194532075 ], [ -75.435286660046586, 6.411971512810183 ], [ -75.435308627060195, 6.412031235551512 ], [ -75.435327868092799, 6.412104454755737 ], [ -75.435324278160849, 6.412152776750181 ], [ -75.435330724466894, 6.412206902122501 ], [ -75.435337170775512, 6.412261027494349 ], [ -75.435342089769065, 6.412330180688025 ], [ -75.435348744293563, 6.412387727657431 ], [ -75.435369697850589, 6.412431744931949 ], [ -75.435400767754729, 6.412488663492448 ], [ -75.435418106792241, 6.412522557837661 ], [ -75.435439147431495, 6.412591573052899 ], [ -75.435457536183577, 6.412643653136534 ], [ -75.435471975835654, 6.412681408268179 ], [ -75.435520375379426, 6.412743835077674 ], [ -75.435520437339108, 6.41276729282159 ], [ -75.435513010706217, 6.412830545479975 ], [ -75.435526427433885, 6.412865700731566 ], [ -75.43558825238452, 6.412959279402354 ], [ -75.435622155145325, 6.413017069835582 ], [ -75.435670756676799, 6.413097563340576 ], [ -75.43570459859167, 6.413220180881155 ], [ -75.435915182766522, 6.413142758634523 ], [ -75.436170659039092, 6.413035828417986 ], [ -75.436429544682326, 6.412962093470539 ], [ -75.436584256846444, 6.412876984893784 ], [ -75.436809976887716, 6.41276175309349 ], [ -75.436855425665385, 6.412942058138135 ], [ -75.436897730960098, 6.413005134350477 ], [ -75.437015952949096, 6.413181400471287 ], [ -75.4372155196763, 6.413367242835593 ], [ -75.437297255762715, 6.413499768334677 ], [ -75.437453999992385, 6.413782369090807 ], [ -75.437583149631635, 6.413990001021387 ], [ -75.437703295182175, 6.414105155237972 ], [ -75.437894341134651, 6.414198615981302 ], [ -75.437987824477744, 6.414591124560069 ], [ -75.437522287435328, 6.414804706071286 ], [ -75.437543639553382, 6.414868184031877 ], [ -75.437564991678201, 6.414931661990308 ], [ -75.437580714372686, 6.415050986206851 ], [ -75.437735996856105, 6.415729713793694 ], [ -75.437795275586282, 6.415779195541567 ], [ -75.438146159631771, 6.415973772582134 ], [ -75.438361930336271, 6.416136506903802 ], [ -75.438596420796671, 6.416312101048578 ], [ -75.438842151971826, 6.416368908641373 ], [ -75.438810961778245, 6.416423577201888 ], [ -75.438727096992224, 6.41649464759414 ], [ -75.438727166826283, 6.416521008543036 ], [ -75.438740407501527, 6.416542391177174 ], [ -75.438755335081922, 6.416578599533754 ], [ -75.438770239484313, 6.416604921154171 ], [ -75.438775259546858, 6.416632916778181 ], [ -75.438767110120565, 6.416667538514153 ], [ -75.438725124119856, 6.416714111916254 ], [ -75.438677590312906, 6.416750648629661 ], [ -75.438644003391005, 6.416764743049161 ], [ -75.438609276092691, 6.416799764435019 ], [ -75.438578704144462, 6.416846777588456 ], [ -75.438544573279529, 6.416913654239828 ], [ -75.438492330524596, 6.416958919754454 ], [ -75.438445576999683, 6.417033052016294 ], [ -75.438434902614134, 6.417239088185093 ], [ -75.438497070592575, 6.417273516209217 ], [ -75.438545977698993, 6.417322149357276 ], [ -75.438576284719304, 6.417363865695209 ], [ -75.43858495349005, 6.417423396361511 ], [ -75.438597617733294, 6.417525189247433 ], [ -75.438632663277303, 6.417602883077842 ], [ -75.438483824796975, 6.417716395175106 ], [ -75.4383349862469, 6.417829907242512 ], [ -75.438406895288793, 6.417871074381599 ], [ -75.438446066140926, 6.417895403147597 ], [ -75.438517881035466, 6.41794082077888 ], [ -75.438550525076934, 6.417961909645308 ], [ -75.438584815930611, 6.417989509443275 ], [ -75.438619106787826, 6.418017109238144 ], [ -75.43867144482644, 6.418091898704395 ], [ -75.438758406589415, 6.418325534666881 ], [ -75.438512995761954, 6.418452950327602 ], [ -75.438791311144854, 6.418635460184947 ], [ -75.439069626707933, 6.418817969847945 ], [ -75.438968943171034, 6.418865772933217 ], [ -75.438773165630749, 6.418955672950266 ], [ -75.438577388009293, 6.419045572906602 ], [ -75.438435370745125, 6.419125780886137 ], [ -75.438110789389597, 6.419420322146529 ], [ -75.437690034419205, 6.419024185692401 ], [ -75.437510539753305, 6.418864827449782 ], [ -75.437295614307402, 6.418671056324609 ], [ -75.436975394025922, 6.418557433029236 ], [ -75.436664165884451, 6.418457988581221 ], [ -75.436292006761647, 6.4182581469452 ], [ -75.43596335317271, 6.417985829249113 ], [ -75.435744081436553, 6.417740541377266 ], [ -75.435343847980576, 6.417363243993322 ], [ -75.435145168107297, 6.416998421933772 ], [ -75.434833401914389, 6.416915396680092 ], [ -75.434587714564969, 6.416898077568416 ], [ -75.434431940715371, 6.416898489266771 ], [ -75.4342581303803, 6.416874990518268 ], [ -75.43419205464987, 6.41680928410487 ], [ -75.434191772295563, 6.416702347878047 ], [ -75.434267641407502, 6.416547354364511 ], [ -75.43417854728844, 6.416272753881814 ], [ -75.434137997581033, 6.416175148424754 ], [ -75.434090201124448, 6.416126436084347 ], [ -75.434068075644078, 6.416075201376435 ], [ -75.434067727461411, 6.415943306369801 ], [ -75.434082116697624, 6.415840682356845 ], [ -75.434081826552429, 6.415730769798389 ], [ -75.434052158316575, 6.415598951924913 ], [ -75.433963793000146, 6.415445306481458 ], [ -75.433853360870955, 6.415262409045334 ], [ -75.433757627003104, 6.415094128034822 ] ] ] ] } },
{ "type": "Feature", "properties": { "FID_": 0, "Name": "Potrerito" }, "geometry": { "type": "MultiPolygon", "coordinates": [ [ [ [ -75.454560279865817, 6.42508695394606 ], [ -75.454612926855546, 6.425172674297762 ], [ -75.454787860193449, 6.425332186714807 ], [ -75.454877429166302, 6.425446676780107 ], [ -75.454916025957203, 6.42557405167246 ], [ -75.454999047695182, 6.42562482000482 ], [ -75.455062839220517, 6.42563739622694 ], [ -75.455132972708356, 6.425637207797331 ], [ -75.455171073262107, 6.425579740265174 ], [ -75.45521563505821, 6.425554124694737 ], [ -75.455272965828854, 6.425534848928079 ], [ -75.455375080891955, 6.425572818285941 ], [ -75.455410232958542, 6.425604593301445 ], [ -75.455445385029392, 6.425636368313564 ], [ -75.4554455733265, 6.425706480880855 ], [ -75.455503212238227, 6.425801934882699 ], [ -75.455586422378772, 6.425922815661551 ], [ -75.455701442995732, 6.426018115393577 ], [ -75.455771764869908, 6.426088039421931 ], [ -75.455791132155909, 6.426177222135551 ], [ -75.455772449808208, 6.42634299431519 ], [ -75.455779116603281, 6.426451333201048 ], [ -75.45592599921001, 6.42654017307311 ], [ -75.456117203875209, 6.426514163114357 ], [ -75.456365636518768, 6.426430634356723 ], [ -75.456505868856951, 6.426417509266161 ], [ -75.456620718384414, 6.426449069950601 ], [ -75.456691228922907, 6.42658910634009 ], [ -75.456844435950245, 6.426658807184683 ], [ -75.456992323307503, 6.426698601626467 ], [ -75.457145410398397, 6.426723685166837 ], [ -75.45730477031843, 6.426710508368424 ], [ -75.457490301901956, 6.42698756648554 ], [ -75.457587956149169, 6.427210463140193 ], [ -75.457675644341805, 6.427336360499468 ], [ -75.457831348564412, 6.427491182350666 ], [ -75.457918997702578, 6.427602525916201 ], [ -75.458045546613093, 6.427742872669371 ], [ -75.458239994621309, 6.427868482327104 ], [ -75.458487861709926, 6.428008501793841 ], [ -75.458673777130187, 6.428067290556394 ], [ -75.458969910071104, 6.428110153954072 ], [ -75.459059796209431, 6.428151147619833 ], [ -75.459149682359509, 6.428192141266649 ], [ -75.4592857151315, 6.428249989842637 ], [ -75.459320550883405, 6.428244215878025 ], [ -75.459481068069394, 6.42817093891764 ], [ -75.459593008053886, 6.428123339895355 ], [ -75.459627515210798, 6.428118030775065 ], [ -75.459678164217081, 6.428116709954447 ], [ -75.459726588785003, 6.428108190263184 ], [ -75.459842535084945, 6.428072273620918 ], [ -75.459900793214842, 6.428060350943904 ], [ -75.460020607878434, 6.428044225890969 ], [ -75.460068075474652, 6.428049476639825 ], [ -75.460140302110901, 6.428073942870405 ], [ -75.460251458446123, 6.428137953411773 ], [ -75.460345985428717, 6.428231668958778 ], [ -75.460449395762112, 6.428301892728228 ], [ -75.460561623837165, 6.428371215797786 ], [ -75.460664185796517, 6.428441830519605 ], [ -75.460763981167489, 6.42854243578278 ], [ -75.460585202955002, 6.4288291438607 ], [ -75.460547194086743, 6.429092432957254 ], [ -75.460542888836926, 6.429412847251848 ], [ -75.460582279775579, 6.429623771744381 ], [ -75.460621670764667, 6.429834696225287 ], [ -75.460704979676393, 6.43007849440745 ], [ -75.460812315531555, 6.430291661111057 ], [ -75.460919442043362, 6.430427207892286 ], [ -75.461118717813036, 6.430543100605846 ], [ -75.461293612721889, 6.430615397323818 ], [ -75.461356934090631, 6.43070254947625 ], [ -75.461410772465712, 6.430872198719053 ], [ -75.461391924807344, 6.431080854669064 ], [ -75.461091886205466, 6.431404270838152 ], [ -75.460864370250832, 6.431613490349549 ], [ -75.460647436870659, 6.432147717149349 ], [ -75.460488876746695, 6.432761218705394 ], [ -75.460490591763829, 6.433396732128885 ], [ -75.460637850271411, 6.434017298311732 ], [ -75.46064795760438, 6.434175109969914 ], [ -75.460667564957575, 6.434247826389627 ], [ -75.460668283962988, 6.434514170867602 ], [ -75.460581803777885, 6.434538628488493 ], [ -75.4604826036134, 6.434538896430958 ], [ -75.460329160442868, 6.434545661451261 ], [ -75.460238176603426, 6.434580924699682 ], [ -75.460117780262721, 6.434656597435476 ], [ -75.459960276118167, 6.434687028197277 ], [ -75.459762720750135, 6.434775437424003 ], [ -75.459400669952771, 6.434953916236719 ], [ -75.459140038513951, 6.435118663891968 ], [ -75.458803762188808, 6.435239531544866 ], [ -75.458515519039679, 6.435410507766052 ], [ -75.458357230774098, 6.435486379506412 ], [ -75.458154383834355, 6.435547055426877 ], [ -75.457952843084342, 6.435592396545263 ], [ -75.457800538759244, 6.435621821699274 ], [ -75.45765439399996, 6.435710012623948 ], [ -75.457480445567043, 6.435786172607557 ], [ -75.457249003487718, 6.435839070306785 ], [ -75.456950935022817, 6.435929462295673 ], [ -75.456676617348151, 6.436004368287962 ], [ -75.456524991637821, 6.436055345360967 ], [ -75.456434739784768, 6.436125131767333 ], [ -75.456369237615434, 6.436227591233682 ], [ -75.456279769636282, 6.43632568563801 ], [ -75.456199317499554, 6.436325902324227 ], [ -75.456102489769066, 6.436293927661461 ], [ -75.456003929348981, 6.43621101553698 ], [ -75.455931634966248, 6.436169620904803 ], [ -75.45578114572163, 6.436119926173705 ], [ -75.455569861558175, 6.436120494985777 ], [ -75.455214546534179, 6.436136252487456 ], [ -75.45465780272302, 6.436197131871417 ], [ -75.454166443531548, 6.436228226977153 ], [ -75.453983728349684, 6.43622904527759 ], [ -75.453782390614762, 6.436192333910885 ], [ -75.453661443197788, 6.43618554803982 ], [ -75.4534654520196, 6.436244171580042 ], [ -75.45328449404883, 6.43630984200934 ], [ -75.453177468004952, 6.436403067990253 ], [ -75.453007662197976, 6.436588568613619 ], [ -75.452929326870148, 6.436667296298592 ], [ -75.452803845285075, 6.436706865054982 ], [ -75.45266144240739, 6.436731737967766 ], [ -75.452382071117455, 6.436790972774967 ], [ -75.452139271266375, 6.436896703072134 ], [ -75.452059352843406, 6.43691135582692 ], [ -75.451987593295968, 6.436896185693538 ], [ -75.45190885117691, 6.436940740251193 ], [ -75.451760820567671, 6.437028967202051 ], [ -75.451590039205385, 6.437079027619049 ], [ -75.451452913678239, 6.437112315229335 ], [ -75.45133646847016, 6.437124270914778 ], [ -75.451234463592726, 6.437070638714636 ], [ -75.451117746889295, 6.436932496551102 ], [ -75.451062672149888, 6.436868412256616 ], [ -75.45097391065255, 6.436780158710078 ], [ -75.450888015240409, 6.43674003362085 ], [ -75.450775886229138, 6.436718995070306 ], [ -75.450666728754825, 6.436684858974888 ], [ -75.450523882105969, 6.436548292836361 ], [ -75.450399552584855, 6.436476240187302 ], [ -75.450265328916416, 6.436450810653092 ], [ -75.450050768877759, 6.436462111597704 ], [ -75.449881920238212, 6.436456311974747 ], [ -75.449735357464846, 6.43638354776134 ], [ -75.449627440911854, 6.436310161337198 ], [ -75.449523233031286, 6.436152091418283 ], [ -75.449405324362985, 6.436040186260906 ], [ -75.449343014248598, 6.435973250739584 ], [ -75.449183567243637, 6.435922306590598 ], [ -75.449010287903704, 6.435912274520067 ], [ -75.448900190713758, 6.43592908454271 ], [ -75.448781247829672, 6.435901111680201 ], [ -75.448565312846597, 6.435828169748469 ], [ -75.448545742888712, 6.435660724515077 ], [ -75.448505910086169, 6.435498913884803 ], [ -75.448479269200149, 6.435358948870411 ], [ -75.448465714292851, 6.435201444306348 ], [ -75.448434461479437, 6.434973968468398 ], [ -75.448311499042816, 6.434829885193773 ], [ -75.448166460515807, 6.434615842621941 ], [ -75.448038547888558, 6.434513064658925 ], [ -75.447998902683977, 6.434421271781189 ], [ -75.447968118373993, 6.434368840646195 ], [ -75.447906701401067, 6.434320867615555 ], [ -75.447744632467789, 6.434286291980774 ], [ -75.447643757631582, 6.43421654385516 ], [ -75.447551685156384, 6.434164276346383 ], [ -75.447494704507946, 6.434138172023771 ], [ -75.447310828691045, 6.434134287790757 ], [ -75.447170659828998, 6.434104029818198 ], [ -75.446968957678223, 6.433982037016579 ], [ -75.446699720843185, 6.433749355291846 ], [ -75.446493558800213, 6.433596741581284 ], [ -75.446361794941865, 6.433435176333372 ], [ -75.446225618346347, 6.433260494753716 ], [ -75.446058809735391, 6.433090270781376 ], [ -75.445953522513832, 6.433007405299508 ], [ -75.445760727915086, 6.432942278411108 ], [ -75.445668725911347, 6.432916267073056 ], [ -75.445460850410726, 6.432542920477734 ], [ -75.44524973976381, 6.43217588817094 ], [ -75.444969888070105, 6.431581014549195 ], [ -75.444868100145356, 6.431168615417742 ], [ -75.444839435155785, 6.430642229938387 ], [ -75.444651779973867, 6.430429765573814 ], [ -75.444531949961274, 6.430310620152487 ], [ -75.444438124509588, 6.430196598348418 ], [ -75.444364893681481, 6.430025372791605 ], [ -75.444312639520092, 6.429906047022097 ], [ -75.44422399441612, 6.42980239739496 ], [ -75.444166583713056, 6.429698664443277 ], [ -75.44415586898981, 6.429579202398123 ], [ -75.444170951208505, 6.42938699457786 ], [ -75.444219673829878, 6.4292047304957 ], [ -75.444245131277114, 6.429170609722625 ], [ -75.444257699683916, 6.429159449152742 ], [ -75.444479214957909, 6.429070212130407 ], [ -75.444842432997845, 6.428893723862711 ], [ -75.445117975881502, 6.428755093357442 ], [ -75.445355955344866, 6.428654161532387 ], [ -75.445543581275899, 6.42846562486424 ], [ -75.445543596729351, 6.428465609333876 ], [ -75.445727211029649, 6.428281058865661 ], [ -75.446289374339599, 6.427980346057626 ], [ -75.445833764305348, 6.427761467265912 ], [ -75.445526301557493, 6.427659929277062 ], [ -75.445239439655253, 6.427589061531069 ], [ -75.445054943897475, 6.427517895063714 ], [ -75.444798591767324, 6.427380403584512 ], [ -75.444532039577055, 6.427248055810415 ], [ -75.444362673845333, 6.427105215420019 ], [ -75.443968170946874, 6.426988558423669 ], [ -75.44349661789434, 6.426926964166042 ], [ -75.443013608699545, 6.426946833861044 ], [ -75.442549404552494, 6.427059491258554 ], [ -75.442010579936124, 6.427060925737184 ], [ -75.441623794359344, 6.427119918555269 ], [ -75.44125334546456, 6.42713228303862 ], [ -75.44113001650463, 6.427137167746562 ], [ -75.440877521737278, 6.427078195753394 ], [ -75.440551484302347, 6.42698734451425 ], [ -75.440372255280252, 6.42687314140284 ], [ -75.440105786352319, 6.426754613452437 ], [ -75.439985894416239, 6.426525598274513 ], [ -75.439975901064074, 6.426213736942386 ], [ -75.43993863491653, 6.426002855976997 ], [ -75.439869005519071, 6.425881997326792 ], [ -75.43970818022899, 6.425795262992581 ], [ -75.439501131063068, 6.425575668790469 ], [ -75.439427812968844, 6.425469264163358 ], [ -75.439270842283733, 6.425241456506027 ], [ -75.43904016123841, 6.42503424552948 ], [ -75.438791777167793, 6.424805571002639 ], [ -75.438529659466326, 6.424590704502927 ], [ -75.43840073761497, 6.424412166632893 ], [ -75.438253306399346, 6.424183223830692 ], [ -75.438068914217752, 6.423858053116749 ], [ -75.438012793780828, 6.42374146029851 ], [ -75.437786555070588, 6.423231410888603 ], [ -75.437689673493338, 6.423029851787526 ], [ -75.437616998606472, 6.422829455684455 ], [ -75.437511458918621, 6.422515718968381 ], [ -75.437458190025538, 6.422170440341164 ], [ -75.437447137595939, 6.421950657506788 ], [ -75.437561483480266, 6.421636336030943 ], [ -75.437780342590685, 6.421248468006506 ], [ -75.437842448446233, 6.420976154861347 ], [ -75.437883469333073, 6.420651561228119 ], [ -75.437840812426742, 6.420358590889134 ], [ -75.437661610020129, 6.420147741490489 ], [ -75.437409563739493, 6.419865792521285 ], [ -75.437093738432409, 6.419564364912147 ], [ -75.436829187127344, 6.419170023295257 ], [ -75.436739056544397, 6.418952042702752 ], [ -75.436676938165377, 6.418745178683793 ], [ -75.436664165884451, 6.418457988581221 ], [ -75.436975394025922, 6.418557433029236 ], [ -75.437295614307402, 6.418671056324609 ], [ -75.437510539753305, 6.418864827449782 ], [ -75.437690034419205, 6.419024185692401 ], [ -75.438110789389597, 6.419420322146529 ], [ -75.438435370745125, 6.419125780886137 ], [ -75.438577388009293, 6.419045572906602 ], [ -75.438773165630749, 6.418955672950266 ], [ -75.438968943171034, 6.418865772933217 ], [ -75.439069626707933, 6.418817969847945 ], [ -75.438791311144854, 6.418635460184947 ], [ -75.438512995761954, 6.418452950327602 ], [ -75.438758406589415, 6.418325534666881 ], [ -75.43867144482644, 6.418091898704395 ], [ -75.438619106787826, 6.418017109238144 ], [ -75.438584815930611, 6.417989509443275 ], [ -75.438550525076934, 6.417961909645308 ], [ -75.438517881035466, 6.41794082077888 ], [ -75.438446066140926, 6.417895403147597 ], [ -75.438406895288793, 6.417871074381599 ], [ -75.4383349862469, 6.417829907242512 ], [ -75.438483824796975, 6.417716395175106 ], [ -75.438632663277303, 6.417602883077842 ], [ -75.438597617733294, 6.417525189247433 ], [ -75.43858495349005, 6.417423396361511 ], [ -75.438576284719304, 6.417363865695209 ], [ -75.438545977698993, 6.417322149357276 ], [ -75.438497070592575, 6.417273516209217 ], [ -75.438434902614134, 6.417239088185093 ], [ -75.438445576999683, 6.417033052016294 ], [ -75.438492330524596, 6.416958919754454 ], [ -75.438544573279529, 6.416913654239828 ], [ -75.438578704144462, 6.416846777588456 ], [ -75.438609276092691, 6.416799764435019 ], [ -75.438644003391005, 6.416764743049161 ], [ -75.438677590312906, 6.416750648629661 ], [ -75.438725124119856, 6.416714111916254 ], [ -75.438767110120565, 6.416667538514153 ], [ -75.438775259546858, 6.416632916778181 ], [ -75.438770239484313, 6.416604921154171 ], [ -75.438755335081922, 6.416578599533754 ], [ -75.438740407501527, 6.416542391177174 ], [ -75.438727166826283, 6.416521008543036 ], [ -75.438727096992224, 6.41649464759414 ], [ -75.438810961778245, 6.416423577201888 ], [ -75.438842151971826, 6.416368908641373 ], [ -75.438596420796671, 6.416312101048578 ], [ -75.438361930336271, 6.416136506903802 ], [ -75.438146159631771, 6.415973772582134 ], [ -75.437795275586282, 6.415779195541567 ], [ -75.437735996856105, 6.415729713793694 ], [ -75.437580714372686, 6.415050986206851 ], [ -75.437564991678201, 6.414931661990308 ], [ -75.437543639553382, 6.414868184031877 ], [ -75.437522287435328, 6.414804706071286 ], [ -75.437987824477744, 6.414591124560069 ], [ -75.437894341134651, 6.414198615981302 ], [ -75.437703295182175, 6.414105155237972 ], [ -75.437583149631635, 6.413990001021387 ], [ -75.437453999992385, 6.413782369090807 ], [ -75.437297255762715, 6.413499768334677 ], [ -75.4372155196763, 6.413367242835593 ], [ -75.43825299470538, 6.413711429662505 ], [ -75.439225541322884, 6.414098089783336 ], [ -75.439547151277424, 6.414206829450166 ], [ -75.440024857855661, 6.414391860695212 ], [ -75.440039919789086, 6.414283314748488 ], [ -75.440102246663258, 6.414148284130139 ], [ -75.440152434124883, 6.414059603304377 ], [ -75.440232727772838, 6.414019883363695 ], [ -75.440385590547677, 6.41401032987273 ], [ -75.440464558245822, 6.414024913956563 ], [ -75.440531259886498, 6.414064189028634 ], [ -75.440598180836687, 6.41418729822184 ], [ -75.440667591341892, 6.414317796681472 ], [ -75.440689986540022, 6.41439170894189 ], [ -75.440749339884164, 6.414450729502537 ], [ -75.440944200848207, 6.414452677578125 ], [ -75.440940000162939, 6.41426406064999 ], [ -75.440935799495406, 6.414075443719858 ], [ -75.440909714953307, 6.413512240305876 ], [ -75.440879667111233, 6.413342185343931 ], [ -75.440799491973365, 6.413145977268039 ], [ -75.440744497991631, 6.413019301437193 ], [ -75.44092158710211, 6.412851785538677 ], [ -75.441072199922601, 6.412857175974098 ], [ -75.441274985688494, 6.412879798335298 ], [ -75.441547173447503, 6.412861705280727 ], [ -75.44174982091377, 6.412832214614587 ], [ -75.441911987369394, 6.412825993818236 ], [ -75.442182986932494, 6.412739125980511 ], [ -75.44217270471664, 6.412905338076845 ], [ -75.442165739784571, 6.41308379375132 ], [ -75.442101660169385, 6.413187605170442 ], [ -75.44204143500113, 6.413395056101354 ], [ -75.4420317646466, 6.413791780687222 ], [ -75.442029280541206, 6.414193288023286 ], [ -75.441890881522184, 6.414583211618226 ], [ -75.441930314694829, 6.41462241875444 ], [ -75.442059271195546, 6.414714994392409 ], [ -75.442145172981085, 6.414746935092457 ], [ -75.442420878675634, 6.414698628354171 ], [ -75.442462069135019, 6.41472838942434 ], [ -75.442497406935715, 6.414745230120979 ], [ -75.44261592897773, 6.414844206964618 ], [ -75.442654587543672, 6.414849393405643 ], [ -75.442732311530094, 6.414885867069973 ], [ -75.442797267153637, 6.414895571500691 ], [ -75.44282411651146, 6.414905368679725 ], [ -75.442899076111487, 6.414965841781447 ], [ -75.442940501974974, 6.415050925881562 ], [ -75.4429479429797, 6.415072611759215 ], [ -75.443000682470554, 6.415086530636941 ], [ -75.443131260488514, 6.415066397376457 ], [ -75.443170782942531, 6.415042548561481 ], [ -75.443214294920836, 6.41503056115462 ], [ -75.443257806896383, 6.415018573744489 ], [ -75.443287221701311, 6.415018853093201 ], [ -75.443316636505912, 6.415019132440216 ], [ -75.44331392296823, 6.414970074160348 ], [ -75.443326781267942, 6.414912234605532 ], [ -75.443386484331953, 6.414807819502915 ], [ -75.443440917567102, 6.414682562021127 ], [ -75.44347709265142, 6.414559959077086 ], [ -75.443536393970973, 6.414464259194181 ], [ -75.443612589478576, 6.414386527405215 ], [ -75.443615002713599, 6.41431354497989 ], [ -75.443585838748845, 6.414131169708633 ], [ -75.443582940617105, 6.414021700587147 ], [ -75.443616536191442, 6.413909536974788 ], [ -75.443704858859519, 6.413611257848498 ], [ -75.443725187795764, 6.413533926967359 ], [ -75.443755571145317, 6.413310517882376 ], [ -75.443891028663444, 6.413144596672992 ], [ -75.444015745809324, 6.41299725774029 ], [ -75.444337628829444, 6.412841012418014 ], [ -75.444389398572383, 6.412957883191292 ], [ -75.444418828817746, 6.413021531781195 ], [ -75.444453681595419, 6.413055427862398 ], [ -75.444527158002387, 6.413123209980637 ], [ -75.444581709263588, 6.413178200518732 ], [ -75.444685328771172, 6.413205226731256 ], [ -75.44477759935846, 6.413251697569269 ], [ -75.444759671805826, 6.413328779751557 ], [ -75.444738330881293, 6.413439828556119 ], [ -75.444745255822525, 6.413467462046172 ], [ -75.444776982596082, 6.413501634021286 ], [ -75.44480120515712, 6.413515163365167 ], [ -75.444848147740814, 6.413553265148406 ], [ -75.444873928998661, 6.413587937222228 ], [ -75.444883078924093, 6.413616612818354 ], [ -75.444874075655036, 6.413643072523586 ], [ -75.44486515677049, 6.413701256601088 ], [ -75.444915333321774, 6.413691612873319 ], [ -75.444961927855374, 6.413716096594542 ], [ -75.445020934332703, 6.413743135685094 ], [ -75.445033069066668, 6.413764250261935 ], [ -75.445033149440263, 6.413794462320117 ], [ -75.445058919881703, 6.413825058827186 ], [ -75.445055988672976, 6.413858299275422 ], [ -75.445056600351336, 6.413887435867033 ], [ -75.445035062999366, 6.413948991801029 ], [ -75.445012565195654, 6.414007959645794 ], [ -75.444993168246043, 6.414058347402401 ], [ -75.445023453716999, 6.414081094595669 ], [ -75.44503269206696, 6.41414299832205 ], [ -75.44503912918411, 6.414292530219706 ], [ -75.445102610021053, 6.414401248413498 ], [ -75.445124315042619, 6.414448457103088 ], [ -75.445119242679027, 6.414474163000695 ], [ -75.445100826232149, 6.414494812089178 ], [ -75.44517882234237, 6.414492378645938 ], [ -75.445256818449337, 6.414489945190978 ], [ -75.445348409179488, 6.414534131087933 ], [ -75.445392352425088, 6.414488486326364 ], [ -75.445436295662901, 6.41444284156261 ], [ -75.445808212620747, 6.413994605196122 ], [ -75.445907539604661, 6.414006755308796 ], [ -75.446208659737763, 6.414049374610237 ], [ -75.446335980575427, 6.414086253825412 ], [ -75.446457199301435, 6.414160376301773 ], [ -75.446714264743221, 6.414280118829996 ], [ -75.44678509501675, 6.414223780237358 ], [ -75.44683466520172, 6.414192060226594 ], [ -75.446967726883372, 6.414155606288035 ], [ -75.447048955405464, 6.414141855722289 ], [ -75.447049647151061, 6.414075303201635 ], [ -75.446963965070466, 6.413882561163701 ], [ -75.446973828521266, 6.413855573682818 ], [ -75.446987892193107, 6.413807291432224 ], [ -75.446986364724921, 6.413764728360897 ], [ -75.446960732658056, 6.413733580505211 ], [ -75.446886827138755, 6.413701143001668 ], [ -75.446835366498149, 6.413565068731513 ], [ -75.446804483967242, 6.413451248475094 ], [ -75.446835423970413, 6.413343329800304 ], [ -75.446923109633417, 6.41322106796709 ], [ -75.447008012877305, 6.413121515451743 ], [ -75.447446116092621, 6.413460884462844 ], [ -75.447449435401495, 6.413639662708271 ], [ -75.447543109550509, 6.41363656766935 ], [ -75.447594161560161, 6.413613729607165 ], [ -75.447636268021782, 6.413583687019567 ], [ -75.447678374478116, 6.413553644429516 ], [ -75.447654401064867, 6.413297587412621 ], [ -75.447617512765476, 6.413112388493572 ], [ -75.44761925429637, 6.413016941021374 ], [ -75.447653369458195, 6.412656881610272 ], [ -75.447680014725336, 6.412024615306146 ], [ -75.448158550803925, 6.411336190053492 ], [ -75.448284670222364, 6.411569135493597 ], [ -75.448473474475037, 6.411788909383344 ], [ -75.448630861790733, 6.411889543311063 ], [ -75.448685650239625, 6.411929484581264 ], [ -75.448848163012585, 6.411978444792354 ], [ -75.44902480577997, 6.412034433266387 ], [ -75.449166099524788, 6.412069335015721 ], [ -75.449279216906092, 6.412132550464201 ], [ -75.44938531228479, 6.412202833579297 ], [ -75.449448992471218, 6.412259123484794 ], [ -75.449562086961876, 6.412308215387077 ], [ -75.449759817122782, 6.412328859795624 ], [ -75.44992649889393, 6.412670386765 ], [ -75.449990999329316, 6.412763525424385 ], [ -75.45006137935647, 6.412885126105309 ], [ -75.450159285364492, 6.413049271577728 ], [ -75.450216457728587, 6.413156185893268 ], [ -75.450228938265809, 6.413301224119328 ], [ -75.45030806517164, 6.413415675234618 ], [ -75.450356843291203, 6.413520020925136 ], [ -75.45040567377022, 6.413628102821137 ], [ -75.450454554043716, 6.413754819051695 ], [ -75.45048851214608, 6.413892784221008 ], [ -75.450485163428851, 6.414034585458746 ], [ -75.450965672147589, 6.414241992762936 ], [ -75.450978711365096, 6.414251239098203 ], [ -75.45101218427979, 6.414274975319148 ], [ -75.450977422272373, 6.414438592866297 ], [ -75.450971202516953, 6.41458380703866 ], [ -75.450984726721046, 6.41469929041324 ], [ -75.451034507058324, 6.414798147008415 ], [ -75.451117220398487, 6.414857329087233 ], [ -75.451203195276989, 6.414916502424867 ], [ -75.451289194895381, 6.414969077940161 ], [ -75.451372030388413, 6.415007159395127 ], [ -75.451428988570825, 6.415053244881643 ], [ -75.451531929432591, 6.415136800940194 ], [ -75.451622854790372, 6.415225615284325 ], [ -75.451673519015074, 6.41535398186871 ], [ -75.451673787943591, 6.415454555243763 ], [ -75.451657417758923, 6.41560544836621 ], [ -75.451591163142027, 6.415919621150762 ], [ -75.451574718266684, 6.416042586423511 ], [ -75.451547029981896, 6.416134839642071 ], [ -75.451519341690329, 6.416227092860939 ], [ -75.451452964864231, 6.416463914023572 ], [ -75.45156142963026, 6.416778777328028 ], [ -75.451687270570659, 6.417152778051083 ], [ -75.451808481741779, 6.417525100282098 ], [ -75.451744407654516, 6.417859254152682 ], [ -75.451800824687695, 6.418137427828718 ], [ -75.451782861783627, 6.418408656128785 ], [ -75.451774170246978, 6.418622045835691 ], [ -75.451793497220947, 6.418909582880128 ], [ -75.451849740746596, 6.419122816983795 ], [ -75.452017221190061, 6.419270813189754 ], [ -75.452191734308826, 6.419380528152679 ], [ -75.45233329886095, 6.419542900891479 ], [ -75.452480220308516, 6.419688996817426 ], [ -75.452709574284953, 6.419878981273398 ], [ -75.452938130034468, 6.420100816448746 ], [ -75.453188389162662, 6.420311721244595 ], [ -75.453283742177206, 6.420511529628715 ], [ -75.453358527530483, 6.420694070934628 ], [ -75.453390882577779, 6.420835211204778 ], [ -75.453400103333294, 6.42095399332521 ], [ -75.453383793233286, 6.421047701146747 ], [ -75.453339987254566, 6.42115251920007 ], [ -75.453285092393841, 6.421235330527099 ], [ -75.453209710208071, 6.421367550415056 ], [ -75.453130348779951, 6.421468279427557 ], [ -75.453054951330046, 6.421472665944891 ], [ -75.453083196210756, 6.421659439093362 ], [ -75.453098411792922, 6.421825408992491 ], [ -75.453114568564615, 6.421955206922235 ], [ -75.45313160661162, 6.422059861832536 ], [ -75.453170386031502, 6.422098386937688 ], [ -75.453255518649314, 6.422180985896413 ], [ -75.453350488299051, 6.422274194294647 ], [ -75.4533861541193, 6.422295038756832 ], [ -75.453482239126686, 6.422572338078453 ], [ -75.453545011578584, 6.422717654163587 ], [ -75.45362867872295, 6.422904465504635 ], [ -75.453806031228595, 6.423132613321322 ], [ -75.453962767824123, 6.423423161617722 ], [ -75.454202781946947, 6.423755037614824 ], [ -75.454245078157058, 6.424014720291535 ], [ -75.454297693989105, 6.424253599593066 ], [ -75.454339906656628, 6.424482091570701 ], [ -75.454382086702211, 6.424710601894984 ], [ -75.454485108506489, 6.424948151001489 ], [ -75.454560279865817, 6.42508695394606 ] ] ] ] } },
{ "type": "Feature", "properties": { "FID_": 0, "Name": "El Totumo" }, "geometry": { "type": "MultiPolygon", "coordinates": [ [ [ [ -75.467927418428602, 6.378470092420605 ], [ -75.467927418428602, 6.378470092420589 ], [ -75.467660575182805, 6.379007354530236 ], [ -75.467508112756661, 6.379181040324855 ], [ -75.467335067785058, 6.37928343287119 ], [ -75.467083913957012, 6.379330385403648 ], [ -75.466947840725993, 6.37935582387547 ], [ -75.466590952559116, 6.379336398487159 ], [ -75.466209805620437, 6.379264677304179 ], [ -75.465597324656642, 6.378980929045778 ], [ -75.465056676145252, 6.378870262490529 ], [ -75.464608112814446, 6.378881660144651 ], [ -75.464383899483607, 6.378912840212609 ], [ -75.464159522554482, 6.37888286485562 ], [ -75.463833110676518, 6.378822585108704 ], [ -75.463373860172283, 6.378650541732668 ], [ -75.462543603940162, 6.378213846385462 ], [ -75.461604168336152, 6.377665958788408 ], [ -75.461287952749601, 6.377605649874619 ], [ -75.461033044747765, 6.377596140070208 ], [ -75.460666507028222, 6.377780590567721 ], [ -75.460106477841848, 6.37804710033018 ], [ -75.459340955490021, 6.378427517781808 ], [ -75.4586998529563, 6.378877712216934 ], [ -75.458374257908304, 6.379123207856608 ], [ -75.458204886846801, 6.379133798303153 ], [ -75.457657747763847, 6.379014490477063 ], [ -75.456874232739182, 6.379087812184149 ], [ -75.456002229494203, 6.379375053069453 ], [ -75.455094507050674, 6.379626773943646 ], [ -75.454133301145745, 6.379860828814667 ], [ -75.453634767658102, 6.379933385789434 ], [ -75.452815625788688, 6.380006796681205 ], [ -75.45230718951197, 6.380089971641202 ], [ -75.452280896407714, 6.380074483964133 ], [ -75.452069616288156, 6.379950031536249 ], [ -75.451909736131668, 6.379803104473505 ], [ -75.451881015773324, 6.379774704791594 ], [ -75.451859806489438, 6.379750443534558 ], [ -75.451835587629148, 6.379715794240011 ], [ -75.451813373795233, 6.379687558035924 ], [ -75.451793517057538, 6.379662208370057 ], [ -75.451784862754351, 6.379635924884996 ], [ -75.451777647747221, 6.379607196758152 ], [ -75.451774665071881, 6.379572942942607 ], [ -75.451775750350535, 6.379539311103592 ], [ -75.451772588876608, 6.379505780966923 ], [ -75.451768788142076, 6.379469721320007 ], [ -75.451767960686226, 6.379430399345597 ], [ -75.451765337057481, 6.37939524056985 ], [ -75.451763073433511, 6.379359538433475 ], [ -75.451766955355836, 6.379324181543941 ], [ -75.451774180173729, 6.379288634957432 ], [ -75.451782215600701, 6.37925209180931 ], [ -75.451797313647063, 6.379220953890281 ], [ -75.451808225016165, 6.379178527062344 ], [ -75.451827006228243, 6.379105252752799 ], [ -75.451839288640826, 6.379068698302675 ], [ -75.451860258974392, 6.379037092753771 ], [ -75.451885744254113, 6.379004299983553 ], [ -75.451912846421749, 6.378967886893507 ], [ -75.451936616029386, 6.378935550690123 ], [ -75.451955963932988, 6.378905486264305 ], [ -75.451985048033094, 6.378866807887742 ], [ -75.452035671056123, 6.378806466488908 ], [ -75.452056272303224, 6.378768776991098 ], [ -75.452077055640018, 6.378734821525807 ], [ -75.452097748612985, 6.378700866300728 ], [ -75.452111384499247, 6.378663585044109 ], [ -75.452120772917738, 6.378626134291907 ], [ -75.452125921562441, 6.378591406836332 ], [ -75.452125025610613, 6.37856031148501 ], [ -75.452126216144663, 6.378532284193698 ], [ -75.452128651303866, 6.378496569556073 ], [ -75.452138858742529, 6.378461286233827 ], [ -75.452151770530079, 6.378423554903056 ], [ -75.452173888836413, 6.378381911851063 ], [ -75.452196901377135, 6.378336740803311 ], [ -75.452223075599377, 6.37829119973834 ], [ -75.452241677737959, 6.378252549257474 ], [ -75.452256927369802, 6.378210472485049 ], [ -75.45226937868425, 6.378169487965702 ], [ -75.452282642527791, 6.378128230082504 ], [ -75.452296625894334, 6.378085704678698 ], [ -75.452310175003319, 6.378049779659303 ], [ -75.452328220056188, 6.378005525836859 ], [ -75.452346646025802, 6.377968593431963 ], [ -75.452361816102695, 6.377930584888839 ], [ -75.452390245239727, 6.377883501013434 ], [ -75.452410196283438, 6.377842406130666 ], [ -75.45241910746509, 6.37782258472546 ], [ -75.452443940315291, 6.37775856034967 ], [ -75.452455894944649, 6.377724492782244 ], [ -75.452490746881651, 6.377646113275211 ], [ -75.452512882208524, 6.377610888602304 ], [ -75.452538118564675, 6.377569759589123 ], [ -75.452560725464707, 6.377524700078459 ], [ -75.452585277211384, 6.377480700134812 ], [ -75.452605573083119, 6.377433366706208 ], [ -75.4526325368752, 6.377344973754079 ], [ -75.452642257794423, 6.377262683529903 ], [ -75.452645558310735, 6.377212592932926 ], [ -75.45265356554016, 6.377165473018973 ], [ -75.452656766558803, 6.377111947472525 ], [ -75.452661184830461, 6.377074419553048 ], [ -75.452672206870503, 6.377005685922981 ], [ -75.452692845849569, 6.37691749061086 ], [ -75.452706672009697, 6.376883824863839 ], [ -75.452737232183338, 6.376788642312221 ], [ -75.452753553583165, 6.376741861867846 ], [ -75.452767974513819, 6.376694001678205 ], [ -75.452772396517048, 6.376667892298446 ], [ -75.452778819269895, 6.376602606127998 ], [ -75.452754401314451, 6.376560996555446 ], [ -75.452733738655567, 6.376538361064084 ], [ -75.452714710911621, 6.376518885232797 ], [ -75.452662275527842, 6.376475271023891 ], [ -75.452639176255062, 6.376453817217814 ], [ -75.452594492455901, 6.376402859935313 ], [ -75.452573373918781, 6.376378688841384 ], [ -75.452564190244786, 6.376357197992525 ], [ -75.452559983369071, 6.376304324963312 ], [ -75.452554563792887, 6.37622714551627 ], [ -75.452539636228835, 6.376016345401942 ], [ -75.452469203017628, 6.375794907297569 ], [ -75.452472388125031, 6.375785728764486 ], [ -75.452475114546161, 6.375776551958763 ], [ -75.452477383565878, 6.375767835202487 ], [ -75.452479650015931, 6.37575820180206 ], [ -75.452481459064586, 6.375749028451079 ], [ -75.452484186770306, 6.375740309967449 ], [ -75.452486910621559, 6.375730216517598 ], [ -75.452489638327137, 6.375721498033976 ], [ -75.452491448660439, 6.375712783005087 ], [ -75.452494172511507, 6.375702689555248 ], [ -75.452496895077701, 6.375692137783338 ], [ -75.452499161527356, 6.375682504382947 ], [ -75.452501425407362, 6.375671954338411 ], [ -75.452503234455634, 6.375662780987472 ], [ -75.452505044788694, 6.375654065958607 ], [ -75.452506396435652, 6.375645352657116 ], [ -75.45250820676867, 6.375636637628259 ], [ -75.452510475787676, 6.375627920872045 ], [ -75.45251227584221, 6.375615539266612 ], [ -75.452514995838357, 6.375604070850606 ], [ -75.452517264857192, 6.375595354094406 ], [ -75.452520908649205, 6.375586173834036 ], [ -75.452524555010712, 6.375577910217814 ], [ -75.452530930361505, 6.375561386440092 ], [ -75.452534112897553, 6.375551291262955 ], [ -75.452535919375649, 6.375541201267935 ], [ -75.452537265882981, 6.37553065467822 ], [ -75.452538156273974, 6.375521026460017 ], [ -75.452539507920505, 6.375512313158591 ], [ -75.45254131568332, 6.375502681485657 ], [ -75.452542208643905, 6.375493969911603 ], [ -75.452542641633784, 6.375484801742847 ], [ -75.452542586387423, 6.375465093893859 ], [ -75.452542102005637, 6.375455929179819 ], [ -75.452542068601005, 6.375444012805998 ], [ -75.452542958992083, 6.375434384587806 ], [ -75.452542932011497, 6.375424759824329 ], [ -75.452544712793738, 6.37540550338796 ], [ -75.452545143214266, 6.375395418575057 ], [ -75.452546033605415, 6.375385790356874 ], [ -75.452546464025971, 6.375375705543972 ], [ -75.452546893161795, 6.375365162409002 ], [ -75.452546861042279, 6.375353704357233 ], [ -75.452548204980147, 6.375342241123428 ], [ -75.452548636685592, 6.375332614632597 ], [ -75.452549527076812, 6.375322986414423 ], [ -75.45254995749751, 6.375312901601522 ], [ -75.452550847888759, 6.375303273383353 ], [ -75.452551278309514, 6.375293188570447 ], [ -75.452551710015044, 6.37528356207962 ], [ -75.452552601691082, 6.375274392183528 ], [ -75.452553033396654, 6.375264765692697 ], [ -75.452553925072721, 6.375255595796609 ], [ -75.452554815464012, 6.375245967578449 ], [ -75.452555684014342, 6.375228547885079 ], [ -75.452557034376099, 6.375219376261668 ], [ -75.452558842138714, 6.37520974458886 ], [ -75.452560189930907, 6.375199656321313 ], [ -75.452561539007846, 6.375190026375845 ], [ -75.452562428114391, 6.375179939835629 ], [ -75.452563775906569, 6.375169851568091 ], [ -75.45256466629786, 6.375160223349959 ], [ -75.452565095434053, 6.375149680215005 ], [ -75.45256690448133, 6.375140506864299 ], [ -75.452568249703944, 6.375129501952641 ], [ -75.452569601350348, 6.375120788651333 ], [ -75.452570950427202, 6.375111158705892 ], [ -75.45257275433535, 6.375100152066925 ], [ -75.452575018213764, 6.375089602022711 ], [ -75.452575911174549, 6.375080890448744 ], [ -75.452577717652133, 6.375070800453932 ], [ -75.452579069298409, 6.375062087152648 ], [ -75.452579960974418, 6.37505291725662 ], [ -75.452582228706945, 6.37504374217864 ], [ -75.452582662982195, 6.375035032332006 ], [ -75.452584010774174, 6.375024944064529 ], [ -75.452585362420393, 6.375016230763266 ], [ -75.452586707642865, 6.375005225851661 ], [ -75.452588515405012, 6.374995594178954 ], [ -75.452593048300116, 6.374976327378923 ], [ -75.452595774717793, 6.374967150573669 ], [ -75.452597560639077, 6.374949727425823 ], [ -75.452597534944175, 6.374940560984459 ], [ -75.452598427904832, 6.374931849410543 ], [ -75.452599318296024, 6.374922221192489 ], [ -75.45260066865734, 6.374913049569195 ], [ -75.452602477704005, 6.374903876218601 ], [ -75.452604288035403, 6.374895161190076 ], [ -75.452606550628403, 6.374884152823907 ], [ -75.452608815790839, 6.374874061101882 ], [ -75.452611083522712, 6.374864886023999 ], [ -75.452612892569192, 6.374855712673424 ], [ -75.452615152592529, 6.374843787663147 ], [ -75.452618332555915, 6.374832775842391 ], [ -75.452619682916989, 6.374823604219138 ], [ -75.452622408049166, 6.374813969091907 ], [ -75.452624215810729, 6.374804337419291 ], [ -75.452626938373328, 6.374793785647934 ], [ -75.452629203535324, 6.374783693925953 ], [ -75.452631927382527, 6.374773600476673 ], [ -75.452634196398648, 6.374764883720894 ], [ -75.452636921530484, 6.374755248593687 ], [ -75.452639649231713, 6.374746530110607 ], [ -75.452643290449117, 6.374736433206715 ], [ -75.452645558180251, 6.374727258128892 ], [ -75.452648740712263, 6.37471716295232 ], [ -75.452652384498862, 6.37470798269256 ], [ -75.452656027000614, 6.374698344110737 ], [ -75.452666958359529, 6.374670803331443 ], [ -75.452670144745241, 6.374662083121062 ], [ -75.452675160732383, 6.374651522713142 ], [ -75.45267742589337, 6.374641430991234 ], [ -75.452679694908568, 6.374632714235508 ], [ -75.452683339979075, 6.374623992297804 ], [ -75.452687446304083, 6.37461618527688 ], [ -75.452692471283953, 6.37460883312334 ], [ -75.452698411064318, 6.374600560870997 ], [ -75.452702973504515, 6.374591835478589 ], [ -75.452707994629648, 6.374583108358832 ], [ -75.452713018324175, 6.374575297883162 ], [ -75.452718503273189, 6.374568402324228 ], [ -75.452724905592135, 6.374561503310557 ], [ -75.452732221426643, 6.374553225875985 ], [ -75.452738166345, 6.374546786911633 ], [ -75.452745027348456, 6.374539886170466 ], [ -75.452752344467143, 6.374532067057783 ], [ -75.452758748070025, 6.374525626365924 ], [ -75.452765149103129, 6.374518269029934 ], [ -75.45277155270567, 6.37451182833798 ], [ -75.452777953738433, 6.374504471001906 ], [ -75.452788921063515, 6.374489763239208 ], [ -75.45279486212597, 6.374481949308381 ], [ -75.452807659050578, 6.374465401347746 ], [ -75.452814061367121, 6.374458502333476 ], [ -75.452820461113802, 6.374450686675091 ], [ -75.452826404745096, 6.374443789388154 ], [ -75.452832345806499, 6.374435975457118 ], [ -75.452844230498556, 6.374421264239008 ], [ -75.452849714159441, 6.374413910357338 ], [ -75.452855656505065, 6.374406554748203 ], [ -75.452868453426049, 6.374390006786826 ], [ -75.452874854456013, 6.374382649450132 ], [ -75.452883541200734, 6.37437253354397 ], [ -75.452890398345332, 6.374364257835674 ], [ -75.452898171574489, 6.37435552035037 ], [ -75.452904575173434, 6.374349079657521 ], [ -75.452912809656752, 6.374341257088661 ], [ -75.452920125485306, 6.37433297965267 ], [ -75.452928816083087, 6.374324238712143 ], [ -75.452936585456229, 6.374314126260477 ], [ -75.452944357398948, 6.374304930452783 ], [ -75.45295350154089, 6.374294354496475 ], [ -75.452959903853468, 6.374287455481225 ], [ -75.452966763565669, 6.374280096416404 ], [ -75.452973165877893, 6.374273197401062 ], [ -75.452979566905, 6.374265840063667 ], [ -75.452986424046742, 6.374257564354688 ], [ -75.45299282378852, 6.374249748695203 ], [ -75.452998767415323, 6.37424285140722 ], [ -75.453004712326944, 6.374236412441198 ], [ -75.453010654668475, 6.374229056831139 ], [ -75.453017055694531, 6.374221699493498 ], [ -75.453024372804791, 6.374213880378714 ], [ -75.453030775115465, 6.374206981362976 ], [ -75.453037633540646, 6.37419916397564 ], [ -75.453049523361827, 6.374186286043066 ], [ -75.453055924386817, 6.374178928705165 ], [ -75.453061866726998, 6.374171573094799 ], [ -75.453067351667414, 6.37416467753397 ], [ -75.453073753976923, 6.374157778517939 ], [ -75.453080613685856, 6.37415041945229 ], [ -75.453088849448406, 6.374143055203799 ], [ -75.453097086495745, 6.374136149277212 ], [ -75.453104403603618, 6.374128330161784 ], [ -75.453111264596757, 6.374121429417874 ], [ -75.453119045528965, 6.374115441862642 ], [ -75.453127283860496, 6.374108994257731 ], [ -75.453135063507276, 6.374102548380355 ], [ -75.453141461959902, 6.374094274397895 ], [ -75.453146484358712, 6.37408600559831 ], [ -75.453151048072868, 6.374077738526347 ], [ -75.453155607931663, 6.37406809648844 ], [ -75.453160169075403, 6.374058912772512 ], [ -75.45316427153449, 6.374049730784216 ], [ -75.453168375278537, 6.374041007117883 ], [ -75.453172020337973, 6.374032285179205 ], [ -75.453176122796719, 6.374023103190892 ], [ -75.453180686510009, 6.374014836118869 ], [ -75.453184791538689, 6.37400657077449 ], [ -75.453189347541169, 6.373995553770627 ], [ -75.453192993885168, 6.373987290153893 ], [ -75.453196180259539, 6.373978569942852 ], [ -75.453199365348738, 6.373969391409839 ], [ -75.453201633069028, 6.373960216332155 ], [ -75.453202063481427, 6.373950131521179 ], [ -75.453202956433543, 6.373941419948454 ], [ -75.453202899889675, 6.37392125378182 ], [ -75.453201490424348, 6.373909342593578 ], [ -75.453200087384559, 6.373899723015162 ], [ -75.453199144314269, 6.373890560031054 ], [ -75.453196821335794, 6.373880027263947 ], [ -75.453195875695542, 6.373869947635866 ], [ -75.453193989555544, 6.373851621667542 ], [ -75.453193501314772, 6.373841081989814 ], [ -75.453192098275565, 6.37383146241128 ], [ -75.453190232696997, 6.373820469594437 ], [ -75.453189285772183, 6.373809931644293 ], [ -75.453188802671932, 6.373801225254411 ], [ -75.453187399633066, 6.373791605675811 ], [ -75.453185080510835, 6.373782447874397 ], [ -75.453183218787913, 6.373772830023359 ], [ -75.453180438411579, 6.373762757305533 ], [ -75.45317857925896, 6.373754056098397 ], [ -75.453176261422215, 6.373745356618833 ], [ -75.453173483616311, 6.373736200544859 ], [ -75.453172081863201, 6.373727039288071 ], [ -75.453171140079391, 6.37371833462566 ], [ -75.453170656979864, 6.373709628235647 ], [ -75.453170599154234, 6.373689003746581 ], [ -75.453170114769819, 6.373679839034574 ], [ -75.453169974704267, 6.373629881938741 ], [ -75.453170866372531, 6.373620712043986 ], [ -75.453172215439892, 6.373611082099693 ], [ -75.453173107108157, 6.373601912204947 ], [ -75.45317353880732, 6.373592285715787 ], [ -75.453173511822428, 6.373582660954198 ], [ -75.453172099790393, 6.373569833121421 ], [ -75.453171605126613, 6.373557001833504 ], [ -75.453171122027811, 6.373548295443408 ], [ -75.453169721560954, 6.373539592508414 ], [ -75.45316831980918, 6.373530431251422 ], [ -75.453168210586227, 6.373491473882871 ], [ -75.453167266233848, 6.373481852576304 ], [ -75.453167240534484, 6.37347268613663 ], [ -75.453168120638423, 6.373459391344023 ], [ -75.453169472276002, 6.373450678043719 ], [ -75.45316990269076, 6.373440593232544 ], [ -75.453169875706536, 6.37343096847088 ], [ -75.453170307406296, 6.373421341981682 ], [ -75.453170277852223, 6.373410800576047 ], [ -75.453169333500284, 6.373401179269429 ], [ -75.453168849117262, 6.373392014557258 ], [ -75.453167442226672, 6.373381020012183 ], [ -75.453166032766291, 6.373369108823119 ], [ -75.453163708508157, 6.373358117733026 ], [ -75.45316138296522, 6.373346668320911 ], [ -75.453158137484806, 6.373334305719794 ], [ -75.453155359683009, 6.373325149645039 ], [ -75.453152124482372, 6.37331645361973 ], [ -75.45314797062926, 6.373307302727362 ], [ -75.453143820631084, 6.373299526800905 ], [ -75.453139666778313, 6.373290375908403 ], [ -75.453134131734615, 6.373279396910282 ], [ -75.453129517913524, 6.373269789423092 ], [ -75.453125365346224, 6.37326109685236 ], [ -75.45312074895574, 6.373250572721025 ], [ -75.45311613770501, 6.373241881877595 ], [ -75.453111983853375, 6.373232730984652 ], [ -75.453108291255418, 6.373224495008201 ], [ -75.453104139973817, 6.373216260759123 ], [ -75.453099524869188, 6.373206194949405 ], [ -75.453095371018236, 6.373197044056188 ], [ -75.453092376082878, 6.373192242903388 ], [ -75.453901244765547, 6.373195775203336 ], [ -75.454184541921691, 6.373170526999504 ], [ -75.454189417859922, 6.373211754006547 ], [ -75.454215130319255, 6.37337372270326 ], [ -75.454347860953561, 6.37410617355937 ], [ -75.454433703193928, 6.374595283334565 ], [ -75.454466971942452, 6.374811079884014 ], [ -75.454581231136032, 6.374720383388614 ], [ -75.454633373538698, 6.374646079352095 ], [ -75.454689086633977, 6.374541370268176 ], [ -75.454748579810243, 6.374432618156612 ], [ -75.454798390450236, 6.374344560832254 ], [ -75.454837111011614, 6.374258134326121 ], [ -75.454844211112757, 6.37413619591207 ], [ -75.454860945165294, 6.373975325648766 ], [ -75.454878657842414, 6.373902564021529 ], [ -75.454946620920126, 6.373859177360859 ], [ -75.45501023374689, 6.373877179310762 ], [ -75.455033706270228, 6.373928728722584 ], [ -75.455057178799123, 6.37398027813223 ], [ -75.455104168214277, 6.374100026040412 ], [ -75.455157772114816, 6.374199777377631 ], [ -75.455246930904295, 6.37429189822141 ], [ -75.455403522003635, 6.374440346593587 ], [ -75.455595491508333, 6.374641821183456 ], [ -75.45564957744871, 6.374702272887125 ], [ -75.455749624569833, 6.374809732210112 ], [ -75.455830679755223, 6.374872805206692 ], [ -75.45589782171038, 6.374893229443511 ], [ -75.456003298900129, 6.37489523654129 ], [ -75.456083084711182, 6.374877247333252 ], [ -75.456154749732406, 6.374847160467754 ], [ -75.456212571398012, 6.374791796566752 ], [ -75.456268410348542, 6.374693467706822 ], [ -75.456298732159055, 6.37463156443946 ], [ -75.456297167560905, 6.374549750572998 ], [ -75.456297743374833, 6.374449484997392 ], [ -75.45632520997286, 6.374406756841213 ], [ -75.456359830452826, 6.374405511747343 ], [ -75.456399295042161, 6.374415110438056 ], [ -75.456481296250601, 6.374467593430769 ], [ -75.456570207639245, 6.374515206198927 ], [ -75.456687918702272, 6.374589888262625 ], [ -75.456933583292539, 6.374705038091637 ], [ -75.457063124017594, 6.374750475842332 ], [ -75.457192664759319, 6.374795913555477 ], [ -75.457281188751608, 6.374814951219069 ], [ -75.457361578221722, 6.374779006342224 ], [ -75.457418323712275, 6.374667640620712 ], [ -75.457463678445521, 6.374488868393978 ], [ -75.457470800720202, 6.37393773096715 ], [ -75.457523814694881, 6.373822965675121 ], [ -75.45757775073929, 6.373752540443468 ], [ -75.45770563290732, 6.373670997292496 ], [ -75.45757380692811, 6.373531238153001 ], [ -75.457522186605601, 6.373474823595328 ], [ -75.457476225616077, 6.373393533708441 ], [ -75.457453076986155, 6.373303967888518 ], [ -75.457439331731365, 6.373160981744803 ], [ -75.457454338938433, 6.37308125215025 ], [ -75.45748414752417, 6.373034176580053 ], [ -75.457502311144623, 6.372955296318603 ], [ -75.457521608227154, 6.372874010855614 ], [ -75.457500043229089, 6.372820573338091 ], [ -75.457427432573056, 6.372787468793491 ], [ -75.457348681179781, 6.372818394694024 ], [ -75.457314595781241, 6.372784529396489 ], [ -75.457254266384396, 6.372632633097894 ], [ -75.457227866075698, 6.37258631727595 ], [ -75.457184685858024, 6.372510393625652 ], [ -75.457123185137036, 6.372402243885239 ], [ -75.457060640590896, 6.372353902266267 ], [ -75.457003620916183, 6.372346839086529 ], [ -75.456891211626953, 6.372330683260346 ], [ -75.456850448318221, 6.372292303098818 ], [ -75.456828247132194, 6.37222686699173 ], [ -75.457509974623164, 6.371873139361648 ], [ -75.457642691295888, 6.371794682368143 ], [ -75.457865137227728, 6.371657713071302 ], [ -75.457977779958028, 6.371580121471436 ], [ -75.458071437139097, 6.371489150330754 ], [ -75.458144820870416, 6.371430055841586 ], [ -75.458236160389987, 6.371416773187667 ], [ -75.458331886246555, 6.371416517539534 ], [ -75.458375363046002, 6.371403362687929 ], [ -75.458418781852927, 6.371368476903346 ], [ -75.458488214990311, 6.371298751392185 ], [ -75.458583847583782, 6.371263726133434 ], [ -75.458710065993586, 6.371276427703805 ], [ -75.458889600778249, 6.37126179434569 ], [ -75.459037202694759, 6.371233032416666 ], [ -75.459073369209491, 6.371217907380231 ], [ -75.459179048855461, 6.3711759184882 ], [ -75.459195093334728, 6.371299001223125 ], [ -75.459221809560773, 6.371387099564798 ], [ -75.45926039711911, 6.371513373068733 ], [ -75.459339839345517, 6.371705532147162 ], [ -75.459393317790941, 6.371854807539617 ], [ -75.459425738171845, 6.372045360135705 ], [ -75.45978095582889, 6.372083203113311 ], [ -75.459787311556624, 6.372112115945066 ], [ -75.45979366728541, 6.372141028776557 ], [ -75.459824819575672, 6.372281031910236 ], [ -75.459890733158957, 6.372563806514651 ], [ -75.459939445178321, 6.372767569276365 ], [ -75.459982348725248, 6.372926810878717 ], [ -75.460013455087662, 6.373049730307311 ], [ -75.460186684573031, 6.373433141663378 ], [ -75.460356191135716, 6.373452887997557 ], [ -75.460443205748732, 6.373377674225457 ], [ -75.460523764921703, 6.373251218232437 ], [ -75.460554576549924, 6.373180349473996 ], [ -75.460557406789974, 6.373140043200882 ], [ -75.460549931910208, 6.373093249687146 ], [ -75.460541547009271, 6.373049671244218 ], [ -75.460541203403025, 6.373002914440842 ], [ -75.460540254439294, 6.372949846432001 ], [ -75.460532153082141, 6.372872567486148 ], [ -75.460488247404754, 6.372675802369647 ], [ -75.460456839023735, 6.372508838370267 ], [ -75.460454499030291, 6.372405728710907 ], [ -75.46048019219019, 6.372061350260374 ], [ -75.460486420061983, 6.372051570078741 ], [ -75.460496579365426, 6.372049980720619 ], [ -75.460508699375751, 6.372050924607173 ], [ -75.46055170620302, 6.372054129133516 ], [ -75.460582682935524, 6.372056815618632 ], [ -75.46069594781315, 6.372062573111731 ], [ -75.460809212687977, 6.372068330579395 ], [ -75.460861267151458, 6.371244070948903 ], [ -75.460855852296703, 6.371141373468892 ], [ -75.460857827603078, 6.370973646870799 ], [ -75.460848815830886, 6.370843818717182 ], [ -75.460872479712052, 6.370653749956413 ], [ -75.461104862865881, 6.370624295767141 ], [ -75.461161887338221, 6.37060105704626 ], [ -75.461209346471747, 6.370558832191922 ], [ -75.461238276848988, 6.370519079601181 ], [ -75.461303066896818, 6.370446035686947 ], [ -75.461417153318138, 6.370407163190992 ], [ -75.461395421637704, 6.370324022690573 ], [ -75.461352381486179, 6.370247296522911 ], [ -75.461306822306682, 6.370169266273201 ], [ -75.461269114847653, 6.370059501149357 ], [ -75.4612009952249, 6.369934473368155 ], [ -75.461169392849811, 6.369893488635083 ], [ -75.461152623127163, 6.369851298695248 ], [ -75.461111988647033, 6.369766744577833 ], [ -75.461191192129107, 6.369697390489907 ], [ -75.461372183463169, 6.36957034598373 ], [ -75.461719555716172, 6.369792581925497 ], [ -75.46185282291826, 6.36966118545296 ], [ -75.461951471080056, 6.369575490017483 ], [ -75.462052741922918, 6.369471099168494 ], [ -75.462169918302436, 6.369318610705323 ], [ -75.462271441151671, 6.36918099881935 ], [ -75.462415312075777, 6.36901775996256 ], [ -75.462642171143671, 6.368749598164312 ], [ -75.462593692365132, 6.368674133831624 ], [ -75.46248172453349, 6.368560344895997 ], [ -75.462288378030379, 6.368383390889723 ], [ -75.462127747381018, 6.368249449564174 ], [ -75.461930821857095, 6.368064257929928 ], [ -75.462080118017141, 6.367759597833689 ], [ -75.462224120121817, 6.367457989419772 ], [ -75.462283775333162, 6.367322017811617 ], [ -75.462375408590091, 6.367129852432371 ], [ -75.46244214890082, 6.366974674571943 ], [ -75.462489335061903, 6.366851037253589 ], [ -75.461996662880807, 6.366759661770987 ], [ -75.46174404452222, 6.366736831575395 ], [ -75.461825417106283, 6.366575901015157 ], [ -75.461754395501515, 6.36631061062561 ], [ -75.461527464148645, 6.36567333660193 ], [ -75.461625504242065, 6.365620106155871 ], [ -75.461649245829491, 6.365575456498106 ], [ -75.461649985459658, 6.365524923863177 ], [ -75.461660790297046, 6.365439847445843 ], [ -75.461659741664434, 6.365379557598367 ], [ -75.461678148250428, 6.365207767680892 ], [ -75.461691337959167, 6.365100999604801 ], [ -75.461699957387466, 6.365035754690854 ], [ -75.461727162370408, 6.3648200094926 ], [ -75.461746267998024, 6.364766111236692 ], [ -75.461790383363422, 6.364706376788502 ], [ -75.461859471647557, 6.364627344401043 ], [ -75.461899768090404, 6.364579158763417 ], [ -75.461848235801966, 6.36448324487988 ], [ -75.461798210226135, 6.364397174126908 ], [ -75.461752631025647, 6.364415757600413 ], [ -75.461692655479339, 6.36443931001204 ], [ -75.461656646946693, 6.364444804589019 ], [ -75.461620638412754, 6.364450299163649 ], [ -75.461597811427865, 6.364445561807976 ], [ -75.461574314758082, 6.364415034817484 ], [ -75.461530328460498, 6.364355772427764 ], [ -75.461509867258044, 6.36433783329973 ], [ -75.461467792619388, 6.364319951751676 ], [ -75.461437751269699, 6.364311634824905 ], [ -75.461413715348172, 6.364303901718229 ], [ -75.461382301841425, 6.364289941178434 ], [ -75.461342993558034, 6.364269539963155 ], [ -75.461307606142881, 6.364318221197419 ], [ -75.461221967521425, 6.36443396822759 ], [ -75.461159760582092, 6.36449398133554 ], [ -75.461115107613551, 6.364538620536465 ], [ -75.461100170438669, 6.364471865166222 ], [ -75.461039125345522, 6.364361112923658 ], [ -75.460916071500449, 6.364173884875624 ], [ -75.461053647053191, 6.36401402311289 ], [ -75.461167349545818, 6.363892684066327 ], [ -75.461224238802416, 6.363846253867178 ], [ -75.461359381458237, 6.363747403254118 ], [ -75.461426099563766, 6.363823168439684 ], [ -75.461480838232163, 6.363860993759703 ], [ -75.461522441539628, 6.363818839942665 ], [ -75.46157932270377, 6.363766901878511 ], [ -75.461686981714593, 6.363706542148535 ], [ -75.461559867012809, 6.363491460488805 ], [ -75.461485142481536, 6.363360537967544 ], [ -75.461384664137285, 6.363415440937539 ], [ -75.461292893024748, 6.363454420444239 ], [ -75.461225784267228, 6.363350407952042 ], [ -75.461157129212793, 6.363280541435933 ], [ -75.461049337396105, 6.363210023245703 ], [ -75.461161109195785, 6.363142239977207 ], [ -75.461271691036529, 6.363050764508151 ], [ -75.461548240451279, 6.362857249828219 ], [ -75.461680811005294, 6.362746909624777 ], [ -75.461870792025039, 6.362678187458821 ], [ -75.462022832420217, 6.36264883403373 ], [ -75.462178485684177, 6.3626356483071 ], [ -75.462265531940616, 6.362611224381165 ], [ -75.462467509839968, 6.362706095900738 ], [ -75.462583454056812, 6.36300333199102 ], [ -75.462613802468226, 6.363093989955655 ], [ -75.462639208430204, 6.363178819202211 ], [ -75.46268354941877, 6.363282463992835 ], [ -75.462738537538158, 6.363379762435228 ], [ -75.462957547429809, 6.363182541651009 ], [ -75.463164317457242, 6.362971594334685 ], [ -75.463344393184613, 6.362830500512613 ], [ -75.463427504755913, 6.362886270140545 ], [ -75.463461538061637, 6.362972543067654 ], [ -75.463517634221191, 6.363173365049484 ], [ -75.463615445535083, 6.363263541781903 ], [ -75.463800107855974, 6.363319578873477 ], [ -75.463914385167627, 6.363390391544037 ], [ -75.464099400232428, 6.363424542719897 ], [ -75.464213508758775, 6.363481648766018 ], [ -75.464375439249167, 6.363488465359715 ], [ -75.464457577111261, 6.363488245292489 ], [ -75.464754073584032, 6.363532256040572 ], [ -75.464875426138363, 6.363556952372855 ], [ -75.464976863421114, 6.363589806501485 ], [ -75.465078300712918, 6.363622660607344 ], [ -75.465153642721916, 6.363674510520405 ], [ -75.465225335556099, 6.363711269138448 ], [ -75.465272210821922, 6.36373094845493 ], [ -75.465367290090754, 6.363738004110259 ], [ -75.465468569210088, 6.36374148253188 ], [ -75.465569848326481, 6.363744960933336 ], [ -75.465646340180896, 6.363727032532423 ], [ -75.465703294830874, 6.363704078599334 ], [ -75.465783912036571, 6.363674604406112 ], [ -75.465949415411302, 6.363683455696484 ], [ -75.465906862257398, 6.363387547009351 ], [ -75.465887641132198, 6.363174653258399 ], [ -75.465911415632576, 6.363013677282227 ], [ -75.465996248240714, 6.362853740681406 ], [ -75.466014742248319, 6.362795131049306 ], [ -75.466019785365376, 6.362688644875508 ], [ -75.466024811173881, 6.362559522002006 ], [ -75.466045790865294, 6.362434360378891 ], [ -75.466082843047616, 6.362341097254831 ], [ -75.466157035497872, 6.362187843853687 ], [ -75.466175561367308, 6.362141212397369 ], [ -75.466183312099119, 6.362050689767586 ], [ -75.46617384833938, 6.361991134825551 ], [ -75.466085523008985, 6.361982363320156 ], [ -75.465964800875952, 6.361966641524255 ], [ -75.46593240407401, 6.361959691247284 ], [ -75.465880213876204, 6.361918177320319 ], [ -75.465871460602003, 6.361887359582693 ], [ -75.46587767922037, 6.361864320399278 ], [ -75.46596525941392, 6.36176158485969 ], [ -75.466191977446329, 6.361603168119293 ], [ -75.466282861848157, 6.3616435452091 ], [ -75.466377072695153, 6.361700823004601 ], [ -75.466452088793204, 6.361758152057059 ], [ -75.466538647217035, 6.36182503868524 ], [ -75.466615541455496, 6.361867021276407 ], [ -75.466684576889392, 6.361896486742498 ], [ -75.466725088126964, 6.361916587046628 ], [ -75.466804002198671, 6.361995928514137 ], [ -75.466813500084868, 6.362052998782542 ], [ -75.466850613123256, 6.362138111583859 ], [ -75.466924640820281, 6.36223464090381 ], [ -75.466980121474165, 6.362292068045101 ], [ -75.467033247580346, 6.362331077192715 ], [ -75.46708335187418, 6.362358720589735 ], [ -75.467133456172661, 6.362386363980701 ], [ -75.46728872848152, 6.36210973440991 ], [ -75.467458821986284, 6.361819592823483 ], [ -75.46729488317176, 6.361744818442549 ], [ -75.467162775652, 6.361682995259014 ], [ -75.466939023946026, 6.361578962576871 ], [ -75.466847379746099, 6.36153675309949 ], [ -75.466944537615078, 6.361332110007005 ], [ -75.467035080386864, 6.361141400134911 ], [ -75.467087368033873, 6.361008957769474 ], [ -75.467096518744142, 6.360886189839125 ], [ -75.467086452908276, 6.360641612210528 ], [ -75.467031964219458, 6.3605829216192 ], [ -75.466993229353832, 6.360521328035823 ], [ -75.466993022628841, 6.360444206700751 ], [ -75.4670081402286, 6.360328483464054 ], [ -75.466977109415168, 6.360263013031276 ], [ -75.466946078091084, 6.360197542596169 ], [ -75.466945922458393, 6.360139477015633 ], [ -75.466957328582538, 6.360077973717965 ], [ -75.466972508208713, 6.359985386724662 ], [ -75.466972218823344, 6.359877416852365 ], [ -75.466968186341006, 6.359811874140786 ], [ -75.466872597358005, 6.359614974577938 ], [ -75.467005878299432, 6.359626478899684 ], [ -75.467055131766045, 6.359653663433743 ], [ -75.467207238611323, 6.359714264363574 ], [ -75.467466739904324, 6.359806292273869 ], [ -75.467686981365986, 6.359862608612784 ], [ -75.467968915504073, 6.359957603500552 ], [ -75.468258812193383, 6.360060628583033 ], [ -75.468447219802059, 6.36011512949874 ], [ -75.468709702012447, 6.360190518580814 ], [ -75.468851938778315, 6.360267377320861 ], [ -75.468918170479228, 6.360302708060328 ], [ -75.469028705193523, 6.360384511094774 ], [ -75.469139239940489, 6.360466314097708 ], [ -75.469150626010119, 6.360372969480233 ], [ -75.469162012079238, 6.360279624863083 ], [ -75.469153892345787, 6.360118261769048 ], [ -75.469161248743006, 6.35999528221895 ], [ -75.469150006874941, 6.359884930635468 ], [ -75.469146036535989, 6.359788920950597 ], [ -75.469140694987928, 6.359677278728147 ], [ -75.469123390807397, 6.359492200482356 ], [ -75.469099789980106, 6.359247610981192 ], [ -75.46908875240824, 6.359131259370477 ], [ -75.469063978463112, 6.359006108365436 ], [ -75.469047871793535, 6.358702959845535 ], [ -75.469033039876081, 6.35833238229341 ], [ -75.468735695141831, 6.358153925937061 ], [ -75.468589262404521, 6.358065445266787 ], [ -75.468510965667221, 6.358016204229642 ], [ -75.467994600716182, 6.357890480467073 ], [ -75.467941726489315, 6.357695235397823 ], [ -75.467882700742237, 6.357328735927111 ], [ -75.467823650906453, 6.356930355756917 ], [ -75.467677473473302, 6.356596343191461 ], [ -75.467575365703183, 6.356357493966203 ], [ -75.467297314525069, 6.355443827770914 ], [ -75.467165658814579, 6.355099119442008 ], [ -75.46711484306644, 6.354966070641118 ], [ -75.467085967980196, 6.355007536411876 ], [ -75.467037982024678, 6.355070613612511 ], [ -75.467012002510003, 6.355099992419321 ], [ -75.466945440629132, 6.35520797310531 ], [ -75.466902038835968, 6.355278514180397 ], [ -75.46686964791536, 6.355297134734228 ], [ -75.466825658725909, 6.355311152905007 ], [ -75.46678160723414, 6.355302004041759 ], [ -75.466693541994147, 6.355297606615717 ], [ -75.466651907032357, 6.355325518719049 ], [ -75.466638152777506, 6.355381156923933 ], [ -75.466601239202504, 6.355441490039683 ], [ -75.466545787927316, 6.355501873152654 ], [ -75.466508830915345, 6.355545989862896 ], [ -75.466504326622413, 6.355594652754973 ], [ -75.466513657501082, 6.355617794948112 ], [ -75.466525386298301, 6.355671047963744 ], [ -75.466532616753867, 6.355775280432232 ], [ -75.466520408312206, 6.355844644580362 ], [ -75.466508199869239, 6.355914008728735 ], [ -75.466459746938227, 6.35599273269821 ], [ -75.466444953648121, 6.35606013890637 ], [ -75.466471327409224, 6.3561236919494 ], [ -75.466359247407837, 6.356206329276238 ], [ -75.466260819254359, 6.356255010356445 ], [ -75.466209613818449, 6.356382558074492 ], [ -75.466165113546509, 6.356462915155016 ], [ -75.466058630763214, 6.356400606325206 ], [ -75.465954662884982, 6.356199068350119 ], [ -75.465882353858632, 6.355972877973152 ], [ -75.465866831344812, 6.355840115437534 ], [ -75.465900685010695, 6.355798521131026 ], [ -75.466017333139106, 6.355681138619087 ], [ -75.465763169523257, 6.355458094976835 ], [ -75.46555206071875, 6.355473136209844 ], [ -75.465375925059973, 6.355476131612103 ], [ -75.465359602792731, 6.355550551633673 ], [ -75.465345958800512, 6.355594616965231 ], [ -75.465241245102021, 6.355765928631557 ], [ -75.465087586930693, 6.355625859934328 ], [ -75.464793164159346, 6.355390385992989 ], [ -75.464716403473275, 6.35534589328843 ], [ -75.46463337561562, 6.355346115501904 ], [ -75.464588616709534, 6.355327079040403 ], [ -75.464371006132552, 6.355155253871826 ], [ -75.464266403807201, 6.355080036653094 ], [ -75.46388350697741, 6.355517393147493 ], [ -75.463840546931337, 6.355576784106469 ], [ -75.46366482192721, 6.355936608214226 ], [ -75.463747851933462, 6.356288249343907 ], [ -75.463489369478268, 6.356316761584942 ], [ -75.463289748854649, 6.356597755155583 ], [ -75.463209901653428, 6.356589011703391 ], [ -75.463079353456692, 6.35654333762006 ], [ -75.462996604297189, 6.356738626012163 ], [ -75.462847894561634, 6.356592900475275 ], [ -75.462680716479369, 6.356441430434879 ], [ -75.462850492336472, 6.356185092917734 ], [ -75.46276511416346, 6.356133447163155 ], [ -75.462679598135793, 6.356029927383368 ], [ -75.46255088639775, 6.355868586000173 ], [ -75.462725738052924, 6.355587312733257 ], [ -75.462936802144384, 6.355278167044861 ], [ -75.463123390523364, 6.355023285081629 ], [ -75.463314581121139, 6.355092559630565 ], [ -75.463474725829798, 6.355166419862294 ], [ -75.463509328499114, 6.355309718864944 ], [ -75.463518355830018, 6.355346113633397 ], [ -75.46361871896292, 6.355232050195699 ], [ -75.463719082052776, 6.355117986747628 ], [ -75.463877966172561, 6.354823830583463 ], [ -75.464034708612488, 6.354913429591059 ], [ -75.464187293043139, 6.354673410777986 ], [ -75.464408206095058, 6.354700722455042 ], [ -75.46470838327987, 6.354699919217023 ], [ -75.464861648332516, 6.354693123615749 ], [ -75.465059654736834, 6.354698979035644 ], [ -75.465232173957489, 6.354727251812806 ], [ -75.465590062459668, 6.35481249713078 ], [ -75.46559494190538, 6.354712519989436 ], [ -75.46559788843625, 6.354539640147728 ], [ -75.465775132178351, 6.354529043366216 ], [ -75.465931298379175, 6.354501458859316 ], [ -75.466015992704826, 6.354419732323723 ], [ -75.466043091933741, 6.354392493176104 ], [ -75.466290818270451, 6.354310330196729 ], [ -75.466511372592493, 6.354228239922311 ], [ -75.466456310676364, 6.353960118080222 ], [ -75.466391038035866, 6.353725635934934 ], [ -75.46701533767137, 6.353772771513422 ], [ -75.467331659839715, 6.353798785246509 ], [ -75.467322194887174, 6.353490973407318 ], [ -75.467238941870065, 6.353161779110746 ], [ -75.467624663968422, 6.353057911144687 ], [ -75.468237330609369, 6.352914260029879 ], [ -75.468374830079881, 6.352938148717235 ], [ -75.468525824922722, 6.352934232553773 ], [ -75.46859956962021, 6.352905814932854 ], [ -75.468494509304634, 6.352820226725416 ], [ -75.46843067434844, 6.35274405687679 ], [ -75.468387924329278, 6.352621177213627 ], [ -75.468368481403559, 6.352414094003541 ], [ -75.468800748216623, 6.352413057922816 ], [ -75.469119333693541, 6.352403229698802 ], [ -75.469119790812641, 6.352573718339826 ], [ -75.469097798975383, 6.352739780255606 ], [ -75.469218935935928, 6.352730482127281 ], [ -75.46925476964303, 6.352705709798674 ], [ -75.469290603346408, 6.35268093746831 ], [ -75.469393586188275, 6.352595416108104 ], [ -75.469425316867557, 6.352518467353757 ], [ -75.469469710463869, 6.352338885654357 ], [ -75.469536805665484, 6.35225794727767 ], [ -75.469617507390979, 6.352230811313286 ], [ -75.469662334117672, 6.352212744653019 ], [ -75.469698113354298, 6.352167782966446 ], [ -75.469700248740665, 6.352127398104987 ], [ -75.469700020100191, 6.352042153804253 ], [ -75.469697656074231, 6.351997294364797 ], [ -75.46967949364236, 6.351942772348667 ], [ -75.469688276389789, 6.35187096382728 ], [ -75.469737337239934, 6.351758667887072 ], [ -75.469790946137621, 6.351668792391791 ], [ -75.46984018746339, 6.351623794562826 ], [ -75.469870172257146, 6.351568785577681 ], [ -75.469921475529091, 6.351495089828668 ], [ -75.469998598649738, 6.351447069909564 ], [ -75.4700242601388, 6.35141389995305 ], [ -75.470049822963645, 6.351343951102431 ], [ -75.470126995381619, 6.351314320617607 ], [ -75.470251880885073, 6.351244105048295 ], [ -75.470299566004982, 6.35115473588392 ], [ -75.470351033453838, 6.351025795346496 ], [ -75.470363479340079, 6.350865773201422 ], [ -75.47036496849843, 6.350735203741102 ], [ -75.470390541127102, 6.350668932651874 ], [ -75.470434516570691, 6.350606290246147 ], [ -75.470489468982635, 6.350521550993533 ], [ -75.470529846303663, 6.350446984139939 ], [ -75.470828355331776, 6.350929083253551 ], [ -75.471077317911252, 6.351391169530262 ], [ -75.47133860538122, 6.351721400347107 ], [ -75.471858107316891, 6.351281623306787 ], [ -75.472098320763692, 6.350975559166828 ], [ -75.472345363291211, 6.350659843193052 ], [ -75.472372550120923, 6.350613138475998 ], [ -75.472389352352565, 6.350575044787015 ], [ -75.472402218838184, 6.350544463311561 ], [ -75.472406608088804, 6.350526047111376 ], [ -75.472424520315371, 6.350484496300489 ], [ -75.472436920604778, 6.350463671883302 ], [ -75.472445889403161, 6.350444043405987 ], [ -75.472459355286361, 6.350415747618158 ], [ -75.472464987743777, 6.3504059170422 ], [ -75.472471194230437, 6.350396078297578 ], [ -75.472483033173688, 6.350376408976901 ], [ -75.472493730400814, 6.350357329457545 ], [ -75.47250500799997, 6.350338815233544 ], [ -75.472518581715661, 6.350320268334749 ], [ -75.472525942602473, 6.350310986716608 ], [ -75.472537220199669, 6.350292472492346 ], [ -75.472547349737624, 6.3502739746054 ], [ -75.472565401502678, 6.350245040003183 ], [ -75.472576672753931, 6.350225952314567 ], [ -75.472591273997637, 6.350196493260324 ], [ -75.472605887926846, 6.350168181134124 ], [ -75.472616011117154, 6.350149109782754 ], [ -75.472628335271267, 6.350121403795461 ], [ -75.472636168687401, 6.350102938583086 ], [ -75.472642841358109, 6.350083342780109 ], [ -75.472649514028475, 6.350063746977145 ], [ -75.472661819149167, 6.350034320597652 ], [ -75.4726663035418, 6.350024506358635 ], [ -75.472674136955746, 6.350006041146233 ], [ -75.472681970369237, 6.349987575933824 ], [ -75.472690244597999, 6.349957059807664 ], [ -75.47269415496082, 6.349947253737422 ], [ -75.472704068809847, 6.349909258072401 ], [ -75.472711226696859, 6.349881625604135 ], [ -75.472718384583416, 6.349853993135917 ], [ -75.472722748447751, 6.349833283080156 ], [ -75.472729421113712, 6.349813687277344 ], [ -75.472732649607224, 6.349794140487285 ], [ -75.472734837882612, 6.349784358923474 ], [ -75.472739794805406, 6.349765361091118 ], [ -75.472745791945897, 6.349736598032575 ], [ -75.472749020438926, 6.349717051242598 ], [ -75.472754545046129, 6.349697471777487 ], [ -75.472756638168775, 6.349679088253199 ], [ -75.472761002031561, 6.349658378197638 ], [ -75.472764230524177, 6.349638831407742 ], [ -75.472766796179457, 6.349611264290167 ], [ -75.472767734901609, 6.349592323639463 ], [ -75.472769815337216, 6.349572793187183 ], [ -75.472771429583446, 6.349563019792265 ], [ -75.472771213905474, 6.349543522015088 ], [ -75.472775590454631, 6.349523958887747 ], [ -75.472776510146602, 6.349503297844966 ], [ -75.472778590582251, 6.349483767392734 ], [ -75.472782967131096, 6.349464204265458 ], [ -75.472786182936318, 6.349443510547662 ], [ -75.472788729561358, 6.349414223038149 ], [ -75.472790809996908, 6.34939469258598 ], [ -75.472792310060811, 6.349374596838544 ], [ -75.472794390496389, 6.349355066386399 ], [ -75.472795208693753, 6.349325229919146 ], [ -75.472798641125678, 6.349293007366824 ], [ -75.472799261726763, 6.349276420126325 ], [ -75.47279915388846, 6.349266671237742 ], [ -75.472800086268137, 6.349247157123105 ], [ -75.472799819844454, 6.349223071633638 ], [ -75.472800764911185, 6.349204704447058 ], [ -75.472802819973523, 6.349182880138832 ], [ -75.472802369591747, 6.34914216419228 ], [ -75.472802838904599, 6.349080787202899 ], [ -75.472803676134603, 6.34905267112765 ], [ -75.472804513364864, 6.349024555052392 ], [ -75.472805350595351, 6.348996438977124 ], [ -75.472806054615575, 6.348956280157012 ], [ -75.472805718417888, 6.34892588656287 ], [ -75.472804598862822, 6.348876576823952 ], [ -75.472804950873837, 6.348856497413824 ], [ -75.472805302884964, 6.348836418003688 ], [ -75.472805762732733, 6.348826087482274 ], [ -75.472805762732733, 6.348826087482255 ], [ -75.472805432880122, 6.348796267352013 ], [ -75.472804427507526, 6.348757279965607 ], [ -75.472803536315013, 6.34872861493194 ], [ -75.472799470508207, 6.34867246446692 ], [ -75.472890349043851, 6.348670156988362 ], [ -75.472914832060795, 6.348686499973428 ], [ -75.472945552579702, 6.348695622040864 ], [ -75.472965209067837, 6.348707960510846 ], [ -75.472983616006076, 6.348711139893474 ], [ -75.473002162501686, 6.348726935483278 ], [ -75.473020696311352, 6.348741584144224 ], [ -75.473057662436219, 6.348761706039688 ], [ -75.473077280867287, 6.348770603720395 ], [ -75.473095763931241, 6.348780664666032 ], [ -75.473114285057733, 6.348794166394636 ], [ -75.473132780810417, 6.348805374266536 ], [ -75.473151327313417, 6.348821169849216 ], [ -75.473167733687831, 6.348838218353355 ], [ -75.473206852641084, 6.348858234240875 ], [ -75.473226458389874, 6.348865984986655 ], [ -75.473246102202097, 6.348877176515155 ], [ -75.473264534521505, 6.348882649741779 ], [ -75.473282992216625, 6.348890416823338 ], [ -75.47330259796729, 6.348898167565712 ], [ -75.473321017599773, 6.348902493862199 ], [ -75.473340585287616, 6.348906803819482 ], [ -75.473359042984242, 6.348914570897889 ], [ -75.473395933002777, 6.348927811196787 ], [ -75.473414390700626, 6.348935578272872 ], [ -75.473433971077881, 6.348941035153945 ], [ -75.473470835722793, 6.34895198159116 ], [ -75.473490441477168, 6.34895973232525 ], [ -75.47350891186521, 6.348968646325131 ], [ -75.473528466867364, 6.348971809346699 ], [ -75.473546899191177, 6.348977282561864 ], [ -75.473566517635575, 6.348986180220325 ], [ -75.473584949960028, 6.348991653433922 ], [ -75.473603369596205, 6.348995979719096 ], [ -75.473621852675265, 6.349006040641869 ], [ -75.473640272312039, 6.349010366925558 ], [ -75.47365990344727, 6.349020411507487 ], [ -75.473678361150604, 6.349028178572532 ], [ -75.473696869609299, 6.349040533347299 ], [ -75.473715352691215, 6.349050594265959 ], [ -75.473752344234725, 6.349073009956067 ], [ -75.473772000751623, 6.349085348387859 ], [ -75.473791682647374, 6.349099980673901 ], [ -75.473828750331251, 6.349129277922268 ], [ -75.473847220729169, 6.349138191907403 ], [ -75.473866928007041, 6.349155118044689 ], [ -75.47388320380918, 6.349173240127922 ], [ -75.473890295169085, 6.349191492929214 ], [ -75.473905422917852, 6.349209631351154 ], [ -75.473917106501275, 6.349227818792222 ], [ -75.473929938141097, 6.34924598989283 ], [ -75.473945078582403, 6.349265275240411 ], [ -75.473963637812801, 6.34928221771217 ], [ -75.474001942401443, 6.349319527095109 ], [ -75.474020476256428, 6.34933417570909 ], [ -75.474041382361648, 6.349355673206263 ], [ -75.474057683555912, 6.349376089136002 ], [ -75.47407051520473, 6.349394260231161 ], [ -75.47408566834568, 6.349414692499828 ], [ -75.474100796108274, 6.349432830912983 ], [ -75.474113627760204, 6.349451002006393 ], [ -75.47413106432667, 6.349470254664621 ], [ -75.474149346595112, 6.349496144450696 ], [ -75.474181001781744, 6.349521163751185 ], [ -75.474199573719133, 6.349539253138002 ], [ -75.474215862235766, 6.349558522132656 ], [ -75.474232138063471, 6.349576644199169 ], [ -75.474249587329012, 6.349597043778804 ], [ -75.474262431680927, 6.349616361793679 ], [ -75.474277572146335, 6.349635647126178 ], [ -75.474288107697589, 6.349653850894517 ], [ -75.474303235474792, 6.349671989298518 ], [ -75.474318388633975, 6.349692421556391 ], [ -75.474332368357125, 6.349710576300085 ], [ -75.474348656884587, 6.349729845288191 ], [ -75.474359192440687, 6.349748049054078 ], [ -75.474372049491691, 6.349768513991667 ], [ -75.474390634135631, 6.349787750295279 ], [ -75.474406909977219, 6.349805872353246 ], [ -75.474417458227919, 6.349825223044269 ], [ -75.474429154536153, 6.349844557393625 ], [ -75.474443134267815, 6.349862712132454 ], [ -75.474455978634666, 6.349882030139338 ], [ -75.474465378832491, 6.349901397170063 ], [ -75.474478223201316, 6.349920715175958 ], [ -75.474488758766753, 6.349938918937224 ], [ -75.474503899251189, 6.349958204258985 ], [ -75.47451789167998, 6.349977505921649 ], [ -75.474534167532582, 6.349995627973228 ], [ -75.474545851158723, 6.350013815390835 ], [ -75.474552942557992, 6.350032068174881 ], [ -75.474562342762979, 6.350051435202346 ], [ -75.474572878334655, 6.350069638960576 ], [ -75.474581130484268, 6.350089022329154 ], [ -75.474592826805889, 6.350108356671932 ], [ -75.474602214322957, 6.350126576770894 ], [ -75.474607009612143, 6.350144862237128 ], [ -75.474617545187769, 6.350163065993602 ], [ -75.474636320227063, 6.350199506189417 ], [ -75.474642263575902, 6.350217775312865 ], [ -75.47464936767409, 6.350237175021165 ], [ -75.474655311024094, 6.35025544414423 ], [ -75.474657810202373, 6.350273762293344 ], [ -75.474664901610822, 6.350292015074046 ], [ -75.474669118975697, 6.350322926950327 ], [ -75.474680448243575, 6.350348002052694 ], [ -75.474685243539113, 6.350366287516992 ], [ -75.474690051526721, 6.350385719908211 ], [ -75.47469754907101, 6.350440674353377 ], [ -75.474701209002532, 6.350460123086417 ], [ -75.474706232751089, 6.350499053236805 ], [ -75.474709892683833, 6.350518501969606 ], [ -75.474712391867286, 6.350536820117617 ], [ -75.474714903742807, 6.350556285192535 ], [ -75.474718563676731, 6.350575733925073 ], [ -75.474723358977414, 6.35059401938811 ], [ -75.47473045039483, 6.350612272166209 ], [ -75.474736393754682, 6.350630541286536 ], [ -75.474740040998668, 6.350648843091551 ], [ -75.474745984359544, 6.350667112211578 ], [ -75.474747335487805, 6.350685446701251 ], [ -75.47475330423346, 6.35070600967509 ], [ -75.474759260287783, 6.350725425721675 ], [ -75.474764080976243, 6.350746005037607 ], [ -75.474772345840634, 6.350766535325727 ], [ -75.47477465840889, 6.350799569031652 ], [ -75.474791034609623, 6.350849907305755 ], [ -75.474798656567373, 6.350861370728065 ], [ -75.474801168450298, 6.350880835801318 ], [ -75.474805963758882, 6.350899121262131 ], [ -75.474809623701333, 6.350918569992485 ], [ -75.474822727035203, 6.350961285290786 ], [ -75.474843780477201, 6.3509960870852 ], [ -75.474860830371554, 6.351042646367254 ], [ -75.474868537022871, 6.351054237158837 ], [ -75.47487219696994, 6.351073685887886 ], [ -75.474882745272168, 6.351093036559114 ], [ -75.474891010149392, 6.351113566842871 ], [ -75.474898114275774, 6.351132966542395 ], [ -75.474906366462065, 6.351152349898667 ], [ -75.474913660977336, 6.351188953501277 ], [ -75.474939324444378, 6.351225295613397 ], [ -75.474945267822847, 6.351243564727778 ], [ -75.474950075835025, 6.351262997112033 ], [ -75.474959488778339, 6.351283511050106 ], [ -75.474967728277704, 6.35130174747744 ], [ -75.47497712853, 6.351321114488041 ], [ -75.474988837595106, 6.351341595738539 ], [ -75.474998237849164, 6.351360962748403 ], [ -75.475009934223436, 6.351380297071183 ], [ -75.475023926718109, 6.351399598706614 ], [ -75.475041350700266, 6.35141770438421 ], [ -75.475053034384729, 6.351435891778496 ], [ -75.47506586612991, 6.351454062828799 ], [ -75.475083290115506, 6.351472168504223 ], [ -75.475097282615678, 6.351491470136443 ], [ -75.475111262423951, 6.351509624841336 ], [ -75.475122958806438, 6.351528959159784 ], [ -75.475136938616728, 6.351547113863496 ], [ -75.475167194360495, 6.351583390581456 ], [ -75.475184631047526, 6.351602643178396 ], [ -75.475203203102623, 6.351620732503773 ], [ -75.475220627098906, 6.351638838172224 ], [ -75.475235767669503, 6.351658123454555 ], [ -75.475249747487524, 6.351676278153482 ], [ -75.475262579246362, 6.351694449195922 ], [ -75.475281125920418, 6.351710244663759 ], [ -75.475299710676708, 6.351729480910981 ], [ -75.475317134679898, 6.351747586574285 ], [ -75.475333410624188, 6.35176570858129 ], [ -75.475351995384173, 6.351784944825444 ], [ -75.475370554757944, 6.351801887215363 ], [ -75.475387978766292, 6.351819992875391 ], [ -75.475407686202956, 6.351836918918991 ], [ -75.475427368252895, 6.351851551108315 ], [ -75.475442496143785, 6.351869689454767 ], [ -75.475461055523439, 6.351886631840078 ], [ -75.475475035355956, 6.351904786529675 ], [ -75.475489027883711, 6.351924088145303 ], [ -75.475507587266861, 6.351941030528155 ], [ -75.475521567102646, 6.351959185215813 ], [ -75.47553669500023, 6.351977323558062 ], [ -75.47556924692023, 6.352013567550569 ], [ -75.475580930638671, 6.352031754925531 ], [ -75.475598354662324, 6.352049860575033 ], [ -75.475614630626325, 6.352067982568714 ], [ -75.475625631846256, 6.352082269113976 ], [ -75.475654921520047, 6.352143599527563 ], [ -75.475755241774095, 6.352380980092359 ], [ -75.475794698869606, 6.352567812227273 ], [ -75.475803139803432, 6.352809251907559 ], [ -75.475858199268771, 6.353003830984886 ], [ -75.475893787810321, 6.353184111358321 ], [ -75.47600192048904, 6.35346295307523 ], [ -75.476654718819532, 6.353791009818342 ], [ -75.477229820831226, 6.354155732681632 ], [ -75.477731818180686, 6.354483610810228 ], [ -75.478276691603895, 6.354782743622737 ], [ -75.478799954103906, 6.355031833492691 ], [ -75.47911991321584, 6.35517024510231 ], [ -75.479119679004626, 6.355173737458491 ], [ -75.47916274345215, 6.355241337731194 ], [ -75.479223925220637, 6.355329417507194 ], [ -75.479244043065023, 6.355382615838383 ], [ -75.479267214295731, 6.35547834827045 ], [ -75.479283026291455, 6.355540864824776 ], [ -75.479308928745311, 6.355585247092297 ], [ -75.479363176817714, 6.355639191060931 ], [ -75.479473789881496, 6.355716772022046 ], [ -75.479578494502675, 6.355802139204972 ], [ -75.479625081068008, 6.355850569911162 ], [ -75.479706527672334, 6.355941680516637 ], [ -75.479774615552301, 6.355995439165061 ], [ -75.479824060275604, 6.356030829332181 ], [ -75.4799564878616, 6.356094124140708 ], [ -75.48006108707331, 6.35614605924761 ], [ -75.48009199147026, 6.356194688465858 ], [ -75.480097497710972, 6.356240414699144 ], [ -75.480085162319455, 6.356271489300617 ], [ -75.479930368002186, 6.35640487023394 ], [ -75.480069683621281, 6.356564176745405 ], [ -75.480221127140879, 6.356733676818837 ], [ -75.48028856753983, 6.35682795351792 ], [ -75.480326034649309, 6.356894127961948 ], [ -75.480368304558525, 6.356960142437398 ], [ -75.480447102556909, 6.357055075192334 ], [ -75.480507381940711, 6.357150099211569 ], [ -75.480570289642998, 6.357237203746934 ], [ -75.480605973542097, 6.357246019740103 ], [ -75.480617864083555, 6.357273553897137 ], [ -75.480626293321038, 6.357336827407394 ], [ -75.480692569569229, 6.357402731418516 ], [ -75.480774021853762, 6.357499917326003 ], [ -75.480859819764106, 6.357702615310223 ], [ -75.480867804362219, 6.357723777252449 ], [ -75.480896773582415, 6.357800555669178 ], [ -75.480861366036848, 6.358203284749013 ], [ -75.480861805402526, 6.358365627723292 ], [ -75.480829758135926, 6.358524000177486 ], [ -75.480847001496315, 6.358865602354216 ], [ -75.48086381362404, 6.359073024631705 ], [ -75.480884495241256, 6.359215019816631 ], [ -75.480917301052685, 6.359336689207026 ], [ -75.480954300137867, 6.359438603318974 ], [ -75.481002855448082, 6.359721170792728 ], [ -75.48103607851678, 6.360024921599311 ], [ -75.481057461662303, 6.360145438405588 ], [ -75.481105833610783, 6.360338738973853 ], [ -75.481123294373575, 6.360378578072464 ], [ -75.481194906409144, 6.36049623166731 ], [ -75.481271576927739, 6.360628082640757 ], [ -75.481352747381251, 6.360707228652827 ], [ -75.481399499667972, 6.360736939606591 ], [ -75.48149116224775, 6.360789490823618 ], [ -75.481626380702167, 6.360877715194465 ], [ -75.481704314793006, 6.360936245450318 ], [ -75.481774512601618, 6.361026864947409 ], [ -75.481830550889725, 6.361141335619076 ], [ -75.481875651636031, 6.361290650104364 ], [ -75.481877603088151, 6.361395634265103 ], [ -75.481857225929204, 6.361484111932821 ], [ -75.481851519164579, 6.36150440795457 ], [ -75.481849253105494, 6.361523652081998 ], [ -75.481847446648217, 6.361544270245577 ], [ -75.481844264188112, 6.361563057029723 ], [ -75.48183836615641, 6.361607960528928 ], [ -75.481837003606216, 6.361617124647071 ], [ -75.481832006840989, 6.361650115554805 ], [ -75.481823784454008, 6.361666616023517 ], [ -75.481810524942574, 6.361683120905321 ], [ -75.481757174355906, 6.361714907438573 ], [ -75.48168873831743, 6.361878057195283 ], [ -75.481771059734299, 6.361988739029432 ], [ -75.481781155289553, 6.362006139741271 ], [ -75.481788962923929, 6.362024916896218 ], [ -75.481796770559015, 6.362043694050935 ], [ -75.481799083706917, 6.362062934166219 ], [ -75.481792731117778, 6.362110586941914 ], [ -75.481788296520506, 6.362128018006008 ], [ -75.481786367877177, 6.362149534948418 ], [ -75.481784092287995, 6.362160990598512 ], [ -75.481783191021776, 6.362172903190594 ], [ -75.481776817690005, 6.36220360457366 ], [ -75.481773625698352, 6.362214602880579 ], [ -75.481765408349574, 6.362235226662159 ], [ -75.481762215236387, 6.36224530867771 ], [ -75.481756742048773, 6.362263181177113 ], [ -75.481751729584673, 6.362283344004142 ], [ -75.481746714878, 6.362301674248275 ], [ -75.481744435924455, 6.362310381023943 ], [ -75.481739420656879, 6.362328253122245 ], [ -75.481734405949666, 6.362346583366391 ], [ -75.481732587719762, 6.362357580469622 ], [ -75.481729395166298, 6.362368120630807 ], [ -75.481726661094328, 6.362379118536568 ], [ -75.481723020710149, 6.362397905722759 ], [ -75.481720754088968, 6.362416691705199 ], [ -75.481717570504443, 6.362434562198856 ], [ -75.481714387480508, 6.362452890837812 ], [ -75.481711192684131, 6.362461598416064 ], [ -75.481670051570219, 6.362559677702099 ], [ -75.48177574729705, 6.362808276099633 ], [ -75.481870739770301, 6.363026441847918 ], [ -75.481884874856675, 6.363109838543841 ], [ -75.481866480426717, 6.363165511808323 ], [ -75.481837144258364, 6.363332369108145 ], [ -75.481885792026304, 6.363448211544952 ], [ -75.481923045775574, 6.36350836915282 ], [ -75.482011635020029, 6.363620349178785 ], [ -75.482104561928452, 6.363694261415657 ], [ -75.482267456169637, 6.363801291900558 ], [ -75.482304634375453, 6.363833637994766 ], [ -75.482318819856246, 6.363935575554095 ], [ -75.482356538778859, 6.364167237215099 ], [ -75.482422238930724, 6.364459081452828 ], [ -75.482493823223507, 6.364804645026426 ], [ -75.48250411253774, 6.364933793366476 ], [ -75.482514630763689, 6.365147402577216 ], [ -75.482539626169014, 6.365201986355465 ], [ -75.482584539702572, 6.365271420852415 ], [ -75.482614571987085, 6.365350832366395 ], [ -75.482644469498325, 6.365380561158924 ], [ -75.482668963287878, 6.365423536706529 ], [ -75.482755987366545, 6.36560784225629 ], [ -75.482796724784194, 6.365740371137229 ], [ -75.482796849965311, 6.365786506231117 ], [ -75.482768212369209, 6.365861554131751 ], [ -75.482701349980616, 6.366031583063094 ], [ -75.482673387885171, 6.366149472771498 ], [ -75.482631349090369, 6.36629096327401 ], [ -75.482613165581299, 6.366542086291018 ], [ -75.482636989384673, 6.366636272481101 ], [ -75.482727200133382, 6.366876367328926 ], [ -75.482801320827917, 6.3669864329636 ], [ -75.482871218746183, 6.367292492106302 ], [ -75.483028463153616, 6.367731808565667 ], [ -75.483126148832042, 6.368013557974899 ], [ -75.483177253022504, 6.368211250618186 ], [ -75.483257969778023, 6.368405808346652 ], [ -75.483387919908864, 6.368613109891593 ], [ -75.483475687735819, 6.368634524347009 ], [ -75.483562645302129, 6.368665279314285 ], [ -75.48361820852854, 6.368683284959417 ], [ -75.483704395836824, 6.368741885136551 ], [ -75.483811752388419, 6.368777436893256 ], [ -75.483868400062363, 6.368796790771164 ], [ -75.483842979835913, 6.369056799968813 ], [ -75.483794884963999, 6.369218528078632 ], [ -75.483736907771231, 6.3693156441695 ], [ -75.483675589488584, 6.369373985964718 ], [ -75.483630510771434, 6.369454907308963 ], [ -75.483598395551624, 6.369536630781344 ], [ -75.483466809129624, 6.369712875461286 ], [ -75.483598877573471, 6.369877132528078 ], [ -75.483725594408156, 6.370011800816324 ], [ -75.483861056036133, 6.370084641444295 ], [ -75.484050585715309, 6.370132773270916 ], [ -75.484196868660021, 6.370197238442002 ], [ -75.484332431556552, 6.370299569460074 ], [ -75.484435409036109, 6.370358746967431 ], [ -75.484624894740222, 6.370390662898768 ], [ -75.484803763299197, 6.370498281097643 ], [ -75.484879728284426, 6.370573747993817 ], [ -75.484999660391523, 6.370897736671923 ], [ -75.48507680482335, 6.371100371916655 ], [ -75.485120639733211, 6.371300246741737 ], [ -75.485256879985442, 6.37165121722364 ], [ -75.485474084765315, 6.371926293483496 ], [ -75.485572370408136, 6.371981399131553 ], [ -75.4856473356583, 6.37201327782101 ], [ -75.485818484631153, 6.372012811590412 ], [ -75.486005707787896, 6.372022995800122 ], [ -75.486118169992537, 6.372076160831499 ], [ -75.486161088256353, 6.372124168356913 ], [ -75.486214936541572, 6.372257700114292 ], [ -75.486290091133142, 6.372359090916504 ], [ -75.486278911886842, 6.372383220403196 ], [ -75.486267490024474, 6.37240847559694 ], [ -75.486259263717528, 6.372425008255364 ], [ -75.486256527316215, 6.372434188210513 ], [ -75.486246703586687, 6.372455311453373 ], [ -75.486233207328979, 6.372473233970846 ], [ -75.486224061997532, 6.372488393155757 ], [ -75.486216275602757, 6.372493000125791 ], [ -75.486193396950426, 6.372521037464435 ], [ -75.486169173609468, 6.37256879969033 ], [ -75.486149141805171, 6.372658745287947 ], [ -75.486144154518584, 6.372694532063123 ], [ -75.486142806981775, 6.37271242241643 ], [ -75.486135305742664, 6.372753031520443 ], [ -75.4861282422805, 6.37278033903508 ], [ -75.486124373308712, 6.372798236063933 ], [ -75.486123692770576, 6.372802824220986 ], [ -75.486121872539002, 6.372811543115168 ], [ -75.486120511462715, 6.37282071942928 ], [ -75.486119149673826, 6.37282943710975 ], [ -75.486119164638311, 6.372839068416345 ], [ -75.486117802849407, 6.372847786096821 ], [ -75.486116441773078, 6.372856962410945 ], [ -75.48611416309862, 6.372865682518881 ], [ -75.486112801309645, 6.372874400199367 ], [ -75.486110522635116, 6.372883120307312 ], [ -75.486108703828506, 6.372892756468834 ], [ -75.486108258925086, 6.372901471721877 ], [ -75.486106897848657, 6.372910648036028 ], [ -75.486106912100652, 6.372919820708995 ], [ -75.486105091868794, 6.372928539603232 ], [ -75.486103730079748, 6.372937257283747 ], [ -75.486101924812473, 6.372955607484617 ], [ -75.486099646137689, 6.372964327592609 ], [ -75.486096922559454, 6.372981762953668 ], [ -75.486095561482927, 6.372990939267855 ], [ -75.486093741250883, 6.372999658162128 ], [ -75.486092380174313, 6.373008834476321 ], [ -75.486091019097728, 6.373018010790518 ], [ -75.486090116464041, 6.373027185890985 ], [ -75.486089672985869, 6.373036818411363 ], [ -75.486087852753755, 6.373045537305663 ], [ -75.486085115635703, 6.373054258627437 ], [ -75.486082836960549, 6.373062978735479 ], [ -75.486080099842383, 6.373071700057261 ], [ -75.486077821879732, 6.373080878798962 ], [ -75.486073267379496, 6.373100153549684 ], [ -75.486071905590066, 6.373108871230276 ], [ -75.486071934094397, 6.373127216576342 ], [ -75.486071489191005, 6.373135931829461 ], [ -75.486074254101382, 6.373145097220027 ], [ -75.486076559856244, 6.373153805190651 ], [ -75.486077948725125, 6.373162515588747 ], [ -75.486078879151052, 6.373171227200586 ], [ -75.486077518074424, 6.373180403514837 ], [ -75.486073863357248, 6.373188668630569 ], [ -75.486068372729832, 6.373195562700349 ], [ -75.486064718725046, 6.373204286449713 ], [ -75.486059228097389, 6.373211180519457 ], [ -75.486044133680693, 6.373233234988275 ], [ -75.486040021232213, 6.373241959951341 ], [ -75.486036825669885, 6.373250682486939 ], [ -75.486035463879972, 6.37325940016761 ], [ -75.486033684945326, 6.373277030763088 ], [ -75.486029101259092, 6.373295190585112 ], [ -75.486023627020032, 6.373312633228899 ], [ -75.486019541649796, 6.373338786271011 ], [ -75.486020042849503, 6.373366303076751 ], [ -75.486025170632246, 6.373390866522203 ], [ -75.486031301722221, 6.373465220579402 ], [ -75.485951381390478, 6.373520892922264 ], [ -75.48585799543055, 6.373554131039416 ], [ -75.485737026876308, 6.373554460665957 ], [ -75.485594288447714, 6.373637308507929 ], [ -75.485462517470694, 6.373709131579507 ], [ -75.485413269739595, 6.373797222111382 ], [ -75.485331224719246, 6.373956866064091 ], [ -75.485194119211485, 6.37408917347406 ], [ -75.485106261718784, 6.374133390975036 ], [ -75.485018404208589, 6.374177608464271 ], [ -75.484890973796325, 6.374211511541076 ], [ -75.484808629406757, 6.374261211102935 ], [ -75.484698897379502, 6.374349465998252 ], [ -75.48451215481623, 6.374426936332009 ], [ -75.484423569594952, 6.374455198185403 ], [ -75.484319171435089, 6.374482968628919 ], [ -75.484236871789392, 6.37454915998313 ], [ -75.484165584527304, 6.374620818152748 ], [ -75.483379651168008, 6.375102383062749 ], [ -75.483127044315012, 6.375224010106989 ], [ -75.482989863144709, 6.375328831091904 ], [ -75.482973532056349, 6.375389345418893 ], [ -75.483017909397105, 6.375532153619712 ], [ -75.483062136828195, 6.375619989437832 ], [ -75.483123069078388, 6.3756758460641 ], [ -75.483172840376156, 6.375780158458204 ], [ -75.483200662076996, 6.375901022555534 ], [ -75.483173512852474, 6.376027533653691 ], [ -75.483107768568473, 6.376115668659191 ], [ -75.483003459619241, 6.376176422348287 ], [ -75.482942975221476, 6.376176586896929 ], [ -75.482871433561797, 6.376154792404219 ], [ -75.482805420274289, 6.376143977419291 ], [ -75.482755888029786, 6.376127620475254 ], [ -75.482689725352699, 6.376061833092162 ], [ -75.482612670288788, 6.376034556432565 ], [ -75.482541188404042, 6.376034750840782 ], [ -75.482463248529186, 6.37601878591076 ], [ -75.482319941249401, 6.375892738649515 ], [ -75.482242871285806, 6.375859964527293 ], [ -75.482193368942461, 6.375854601681926 ], [ -75.482154997967683, 6.375898684246907 ], [ -75.482078181856863, 6.375959363014577 ], [ -75.481973976767819, 6.376058597037928 ], [ -75.481902853201589, 6.376190724803638 ], [ -75.481820643038759, 6.37628989901922 ], [ -75.481749310390967, 6.376345065413095 ], [ -75.481474782575503, 6.376494238008353 ], [ -75.481419144753715, 6.376516941232937 ], [ -75.481150115739766, 6.376666098434368 ], [ -75.48086445623963, 6.376765825320014 ], [ -75.480672079225499, 6.37679383416716 ], [ -75.480578572821926, 6.376783093583495 ], [ -75.480457824278474, 6.376732070040683 ], [ -75.480406618265278, 6.376722369336427 ], [ -75.480304107694053, 6.376620427600669 ], [ -75.480133162100302, 6.376424027084352 ], [ -75.479946423106028, 6.376222624531024 ], [ -75.479623732573984, 6.375928203315869 ], [ -75.479543918738727, 6.375818632523539 ], [ -75.479502001855309, 6.375720313896416 ], [ -75.479328395261945, 6.375484761896804 ], [ -75.479315170997509, 6.375469661758896 ], [ -75.479219951567046, 6.375265479749994 ], [ -75.479113582382084, 6.37514082975683 ], [ -75.478927775855141, 6.37505047690385 ], [ -75.478791282815266, 6.374990267528343 ], [ -75.478676632556699, 6.374956505037155 ], [ -75.478547895375357, 6.374960641896319 ], [ -75.478434338122597, 6.37497609259391 ], [ -75.478309456560964, 6.375006716777847 ], [ -75.478241300846776, 6.375010689409503 ], [ -75.478089670450188, 6.374954308562676 ], [ -75.478019676163441, 6.374906555753769 ], [ -75.477932678999323, 6.374883090833191 ], [ -75.477843163126721, 6.374896503265512 ], [ -75.477732625947553, 6.374933673356987 ], [ -75.477582634499853, 6.374992012081521 ], [ -75.477431081261884, 6.375027990419303 ], [ -75.477279527993602, 6.375063968717071 ], [ -75.477211084348227, 6.375082585240291 ], [ -75.477174453372285, 6.375108483032902 ], [ -75.477027373974209, 6.375234794078939 ], [ -75.476957164574628, 6.37527472685598 ], [ -75.47689606075626, 6.375290176690015 ], [ -75.476856316388762, 6.375290284330023 ], [ -75.476816599667885, 6.375305676233052 ], [ -75.476792191217228, 6.375324081879782 ], [ -75.476776962809879, 6.375345517868251 ], [ -75.476737292879676, 6.375373138777941 ], [ -75.476670132403839, 6.375409999739566 ], [ -75.476563370937242, 6.375505041767768 ], [ -75.476453594519896, 6.375747507602753 ], [ -75.47637732008458, 6.37580579629406 ], [ -75.476307093995544, 6.375839610321973 ], [ -75.476233788635966, 6.375870369150061 ], [ -75.476166652866894, 6.375916403936945 ], [ -75.476102466878245, 6.375922696429742 ], [ -75.476016775369018, 6.37589541490833 ], [ -75.475972883264561, 6.375872540600208 ], [ -75.475920199568208, 6.375802704870678 ], [ -75.475825851481844, 6.375707399762734 ], [ -75.475666023366287, 6.375626540550458 ], [ -75.475519167115223, 6.375591389994107 ], [ -75.47537746102563, 6.375608670534703 ], [ -75.475271524218726, 6.37562158911624 ], [ -75.475153366595478, 6.375603943818071 ], [ -75.47492157579255, 6.375634681623357 ], [ -75.474638560334199, 6.375653503522844 ], [ -75.47450231058717, 6.375678246990714 ], [ -75.474267868896291, 6.375740644244992 ], [ -75.474324409739339, 6.375876223108471 ], [ -75.474114869063655, 6.375950451328397 ], [ -75.473604651738114, 6.376091048980886 ], [ -75.472506686710631, 6.37631057719789 ], [ -75.471683826635697, 6.376266258129293 ], [ -75.471111384074334, 6.376283271360474 ], [ -75.470028430664229, 6.376332597749366 ], [ -75.469255052828373, 6.376427494249513 ], [ -75.468760721751849, 6.376722732386193 ], [ -75.468421573573266, 6.377187708812289 ], [ -75.468207054181377, 6.377662550305243 ], [ -75.467927418428602, 6.378470092420589 ], [ -75.467927418428602, 6.378470092420605 ] ] ] ] } },
{ "type": "Feature", "properties": { "FID_": 0, "Name": "El Paraiso" }, "geometry": { "type": "MultiPolygon", "coordinates": [ [ [ [ -75.457786814969339, 6.389802960158615 ], [ -75.457736036597538, 6.389840945784742 ], [ -75.457690039606334, 6.389897844910378 ], [ -75.457639321332351, 6.389958304624137 ], [ -75.457585000579968, 6.389999850597589 ], [ -75.457519980552348, 6.390021315278198 ], [ -75.457469104064359, 6.390022632164286 ], [ -75.457426494386908, 6.390018017562411 ], [ -75.457386961867485, 6.389992256059981 ], [ -75.4573466220223, 6.389950963466285 ], [ -75.457288406490989, 6.389862408788663 ], [ -75.457217178890289, 6.389776253248968 ], [ -75.457178852206638, 6.389719094675141 ], [ -75.457152728704671, 6.389684862841153 ], [ -75.457124278416032, 6.389666012664347 ], [ -75.457098240310174, 6.38966371801156 ], [ -75.457066287484793, 6.389661436261371 ], [ -75.457018954676641, 6.389661562911126 ], [ -75.456978712918001, 6.389656939006535 ], [ -75.456939621616584, 6.389641668163586 ], [ -75.456908808474168, 6.389622824294498 ], [ -75.456877703644295, 6.389596636883486 ], [ -75.456848071292271, 6.389576606225619 ], [ -75.456807824508829, 6.389571985241868 ], [ -75.456769956975293, 6.389569719294959 ], [ -75.456739189392209, 6.389569801602264 ], [ -75.456707604092671, 6.389571192466524 ], [ -75.456664986995776, 6.389573214879992 ], [ -75.456644435435209, 6.389567435507174 ], [ -75.456672256666877, 6.389519198056266 ], [ -75.456696798659095, 6.389444919330323 ], [ -75.45679261481321, 6.389410669783627 ], [ -75.456863737844017, 6.389410479514701 ], [ -75.456947302458076, 6.389428809216702 ], [ -75.457043165828139, 6.389428552730349 ], [ -75.457173038687657, 6.389418915933223 ], [ -75.457302928117301, 6.389415480355764 ], [ -75.457377033388497, 6.389371999522486 ], [ -75.457336640004399, 6.389294806574325 ], [ -75.457231391794011, 6.389261094996752 ], [ -75.457141490663247, 6.389190210486698 ], [ -75.457085582589755, 6.389103795042605 ], [ -75.457035763075297, 6.388977168772162 ], [ -75.456951983652885, 6.388878450588194 ], [ -75.456849759117063, 6.388816888261199 ], [ -75.456713508631466, 6.388758530223864 ], [ -75.456583511920101, 6.388721771370763 ], [ -75.456484591926468, 6.388737475884318 ], [ -75.456348696664193, 6.388812052375322 ], [ -75.456218922961796, 6.388858769905124 ], [ -75.456116995867603, 6.388908526261827 ], [ -75.45602438741561, 6.388967496359674 ], [ -75.455947167546512, 6.389004809348801 ], [ -75.455888392893868, 6.389004966469339 ], [ -75.455879016358125, 6.38897408628282 ], [ -75.455925095759937, 6.388844090173831 ], [ -75.455989684156918, 6.388717157890852 ], [ -75.456063525263176, 6.388574760900636 ], [ -75.456094139453285, 6.388454095428353 ], [ -75.456103992698928, 6.388353076501486 ], [ -75.456134400392671, 6.388155110491518 ], [ -75.455135106058478, 6.388077594350422 ], [ -75.454944988362953, 6.387716249880588 ], [ -75.45478233952727, 6.387445219078185 ], [ -75.454530007220512, 6.387217279903856 ], [ -75.45455098337122, 6.386853017557761 ], [ -75.454549938331553, 6.386592109997821 ], [ -75.454529601583545, 6.386361830157584 ], [ -75.454522565317163, 6.386194034072045 ], [ -75.454495448072677, 6.38597423699597 ], [ -75.454470632708663, 6.385861989187312 ], [ -75.454533423706707, 6.385731956590885 ], [ -75.454873920993137, 6.385475230465587 ], [ -75.455226895496054, 6.38532810672557 ], [ -75.455860221279025, 6.385216778945638 ], [ -75.456103660437606, 6.385118674382641 ], [ -75.456553723568931, 6.384825109254652 ], [ -75.457076765589022, 6.384482621672994 ], [ -75.45696311031017, 6.38433694391867 ], [ -75.45665686394058, 6.384222315953622 ], [ -75.456623147497112, 6.384191836920625 ], [ -75.456395345188469, 6.383696067861683 ], [ -75.456246311100898, 6.383339422070319 ], [ -75.455983620415836, 6.382826328919652 ], [ -75.455622955976963, 6.382189123188707 ], [ -75.45543090385469, 6.382032885023516 ], [ -75.454758839410118, 6.381529591624573 ], [ -75.453867216520266, 6.380963202882747 ], [ -75.453370062634988, 6.380720692867018 ], [ -75.453030000912591, 6.380590973061852 ], [ -75.452629057872286, 6.380496248756135 ], [ -75.452302571841216, 6.380103498793545 ], [ -75.45230718951197, 6.380089971641204 ], [ -75.452815625788716, 6.380006796681202 ], [ -75.453634767658102, 6.379933385789434 ], [ -75.454133301145745, 6.379860828814667 ], [ -75.455094507050632, 6.379626773943666 ], [ -75.456002229494203, 6.379375053069456 ], [ -75.456874232739196, 6.379087812184148 ], [ -75.457657747763832, 6.379014490477063 ], [ -75.458204886846801, 6.379133798303153 ], [ -75.458213095334571, 6.37942490422847 ], [ -75.458324421550074, 6.379827637366128 ], [ -75.458318959507665, 6.380172246979819 ], [ -75.458291806107312, 6.380321055120587 ], [ -75.458189475260966, 6.381014627159936 ], [ -75.458214843811476, 6.381267589879334 ], [ -75.458342397697962, 6.381754352567702 ], [ -75.45868729166294, 6.382380368018284 ], [ -75.458925766078792, 6.382974345245926 ], [ -75.459269508849673, 6.383730803378035 ], [ -75.460798087262134, 6.383809035445298 ], [ -75.46083397562478, 6.383961212377754 ], [ -75.459358355188627, 6.383923561677268 ], [ -75.458179730684009, 6.383810605570711 ], [ -75.45791489400608, 6.383820163872057 ], [ -75.457908578993653, 6.383985448164287 ], [ -75.457571700469572, 6.383991614003659 ], [ -75.457352306263402, 6.384045565276381 ], [ -75.457377249595496, 6.384350461268165 ], [ -75.458886712780838, 6.384317820980607 ], [ -75.460593656342397, 6.384309010871092 ], [ -75.460682394442259, 6.384308773007387 ], [ -75.460762962031254, 6.384399040111693 ], [ -75.460843653800239, 6.384489757571334 ], [ -75.461210049449846, 6.384857123885848 ], [ -75.461399226672114, 6.385008649485759 ], [ -75.461562796508758, 6.385092554275468 ], [ -75.461701669591605, 6.385222252066359 ], [ -75.461763589915535, 6.385377618579846 ], [ -75.461831109742093, 6.385444750223294 ], [ -75.461993793530084, 6.385472310962108 ], [ -75.462105250763287, 6.385545380183711 ], [ -75.462239338951548, 6.385694542085663 ], [ -75.462346266984355, 6.385841518334216 ], [ -75.462415703209487, 6.385924995091406 ], [ -75.462462084675863, 6.385994936067613 ], [ -75.462512788076907, 6.386074308135007 ], [ -75.462575996729555, 6.386166780850386 ], [ -75.462698989268347, 6.38620211428173 ], [ -75.462850497010521, 6.38628834120014 ], [ -75.462911361951853, 6.386389612727052 ], [ -75.462945490287666, 6.386465022439241 ], [ -75.462998055233271, 6.386589274945676 ], [ -75.463090458044633, 6.386720663126228 ], [ -75.463254283625943, 6.386843657007506 ], [ -75.463388459302095, 6.386854707248856 ], [ -75.463494105160592, 6.386903094341737 ], [ -75.463564051992961, 6.387013843861443 ], [ -75.463631003590308, 6.387150617708211 ], [ -75.463814310480132, 6.38720116343718 ], [ -75.463955330640232, 6.387306081973015 ], [ -75.464036315058635, 6.387397477824391 ], [ -75.46415421218073, 6.387593650548283 ], [ -75.464382967039796, 6.387836030564744 ], [ -75.464588032057506, 6.388206096363388 ], [ -75.4646985414482, 6.388407295617742 ], [ -75.464744131568793, 6.388543184642426 ], [ -75.464811286345522, 6.388701454539783 ], [ -75.464860020024872, 6.388804361816784 ], [ -75.464861251747507, 6.388905493724989 ], [ -75.464841691370793, 6.389021281395475 ], [ -75.464826143163208, 6.38914022752518 ], [ -75.464796829922264, 6.38929288878799 ], [ -75.464777276984961, 6.389388057198345 ], [ -75.464769719995161, 6.389641534597946 ], [ -75.464772240862146, 6.389854704298599 ], [ -75.464823089447165, 6.390109454648236 ], [ -75.464850120317621, 6.390236887032214 ], [ -75.46496256912333, 6.390374622000706 ], [ -75.465049451201224, 6.390462244441514 ], [ -75.465085877261274, 6.390526885205476 ], [ -75.465121980291428, 6.390685327056969 ], [ -75.465122289428848, 6.390800259386035 ], [ -75.465110692383703, 6.390915223765462 ], [ -75.465039499038667, 6.390974880275257 ], [ -75.464916161920684, 6.391020503885889 ], [ -75.464818915855687, 6.391054430750272 ], [ -75.46468021192122, 6.391080228064349 ], [ -75.464579740959365, 6.391103859642258 ], [ -75.464459819103141, 6.391140500179614 ], [ -75.464361099985226, 6.391195893620962 ], [ -75.464327638770627, 6.391287141076571 ], [ -75.464310008199945, 6.39136447249644 ], [ -75.464294404976286, 6.391444677485433 ], [ -75.464305973244805, 6.391508531148423 ], [ -75.464316744622593, 6.391661329955083 ], [ -75.464343059013558, 6.391759903950065 ], [ -75.46436271964059, 6.391798314846425 ], [ -75.464308433326451, 6.392018374070371 ], [ -75.464288841682361, 6.392091383274537 ], [ -75.464192191897638, 6.392204763463835 ], [ -75.464148364927652, 6.392344334283132 ], [ -75.464174477582361, 6.392498119228669 ], [ -75.464254031691283, 6.392600950470147 ], [ -75.464408654958532, 6.392588646475483 ], [ -75.464559285538812, 6.392588241066176 ], [ -75.464749511099157, 6.392635003008786 ], [ -75.464848244502377, 6.392675552870692 ], [ -75.464811968999584, 6.392772174334074 ], [ -75.464475002047465, 6.393512684438716 ], [ -75.464217351854515, 6.39406330362017 ], [ -75.46398078093921, 6.394513049053768 ], [ -75.46392302009825, 6.394571104607755 ], [ -75.46389572487864, 6.394622983717476 ], [ -75.463911253404362, 6.394729600679466 ], [ -75.463884056512015, 6.394818047970978 ], [ -75.463814111010223, 6.394879183754845 ], [ -75.463770654884527, 6.394958178615638 ], [ -75.463748913614751, 6.395005825902671 ], [ -75.463711585503162, 6.395129457631239 ], [ -75.463569923624775, 6.395053712400818 ], [ -75.463412027445017, 6.395010614591839 ], [ -75.463373781484577, 6.394951951007477 ], [ -75.463256622237822, 6.394931665256415 ], [ -75.463082921296831, 6.394941887872006 ], [ -75.463009253089169, 6.39501566886844 ], [ -75.46296326513567, 6.395037723756663 ], [ -75.462846653901636, 6.394873228588998 ], [ -75.462676428485167, 6.394976691648534 ], [ -75.462651814532833, 6.395010524346694 ], [ -75.462329585802976, 6.395082862954003 ], [ -75.461959442996502, 6.395128366292945 ], [ -75.461968603151789, 6.395180826775561 ], [ -75.46189786854255, 6.395341823747064 ], [ -75.461823086867724, 6.39541642724852 ], [ -75.46180685529653, 6.395480192490688 ], [ -75.461803737263423, 6.395530446045808 ], [ -75.461788170103318, 6.39558943613064 ], [ -75.46172538436106, 6.395632832938834 ], [ -75.461678207993145, 6.395632959713867 ], [ -75.461607506749658, 6.395656729272454 ], [ -75.461264472130509, 6.395972761294462 ], [ -75.461128598203501, 6.396123412959832 ], [ -75.46100447277874, 6.39628657432699 ], [ -75.46102800233254, 6.396361946974161 ], [ -75.461002780873244, 6.396494276381708 ], [ -75.461004861882941, 6.396587506162731 ], [ -75.46102881467894, 6.396664585070426 ], [ -75.461013691437429, 6.396816580619126 ], [ -75.460883828171617, 6.396801839187155 ], [ -75.460806818700902, 6.396725273662012 ], [ -75.460756656514235, 6.396644725492225 ], [ -75.460380471595499, 6.396558915362033 ], [ -75.460335023085051, 6.396534609688534 ], [ -75.460289574578297, 6.396510304010087 ], [ -75.4602355389531, 6.396492008657163 ], [ -75.460181503330674, 6.396473713297724 ], [ -75.460130326490003, 6.396439805977818 ], [ -75.460072426594408, 6.396439961408594 ], [ -75.460028141623468, 6.396436675542297 ], [ -75.459987235274596, 6.396423167735118 ], [ -75.459946374578465, 6.396426680793949 ], [ -75.459891908088622, 6.396437041220024 ], [ -75.459810232346285, 6.396461092281386 ], [ -75.459656959586283, 6.396458098885463 ], [ -75.459523949472782, 6.396390365017901 ], [ -75.459363702748632, 6.396326108929017 ], [ -75.459232468710923, 6.396285606118677 ], [ -75.45914385771178, 6.396263714350369 ], [ -75.45903991052667, 6.396238459638656 ], [ -75.459000711771864, 6.396226648854449 ], [ -75.458869899052118, 6.396212741352277 ], [ -75.458783193323839, 6.396210756954488 ], [ -75.458795207219737, 6.396139174426689 ], [ -75.458770907512204, 6.396044565453695 ], [ -75.458723921139764, 6.395996483492108 ], [ -75.458671475682607, 6.395982618403306 ], [ -75.458628837273096, 6.395996486048935 ], [ -75.458557967843532, 6.396026098448148 ], [ -75.458535491669039, 6.396038273807904 ], [ -75.458469221980053, 6.396005171875381 ], [ -75.458459013735606, 6.395906994442559 ], [ -75.45848304808284, 6.395837700888869 ], [ -75.458529099638568, 6.395801411506863 ], [ -75.458621290479414, 6.395750844745909 ], [ -75.458697351201351, 6.39572641060958 ], [ -75.458766551136492, 6.395712379227422 ], [ -75.458802027560068, 6.395672487801993 ], [ -75.458821688901494, 6.395608413160463 ], [ -75.458776450401899, 6.395534138632557 ], [ -75.45873309089481, 6.39549792234365 ], [ -75.458652329859532, 6.395463581327983 ], [ -75.458579016356396, 6.395481040906842 ], [ -75.458509927646062, 6.395536583977724 ], [ -75.458418319858779, 6.395580097769266 ], [ -75.458343860295898, 6.395571643738201 ], [ -75.458187352094299, 6.395359304218911 ], [ -75.458207849015906, 6.395323128835559 ], [ -75.458097266246313, 6.394609490682707 ], [ -75.458071600960011, 6.394299253372092 ], [ -75.458020968814239, 6.394144407172247 ], [ -75.457962246527586, 6.393854944874559 ], [ -75.457907582326712, 6.393547866369697 ], [ -75.457869785496953, 6.393345235381931 ], [ -75.457891543770955, 6.393273035002857 ], [ -75.457903732971189, 6.393196612685118 ], [ -75.457893127579453, 6.393057510231166 ], [ -75.457874344388784, 6.393019141639666 ], [ -75.457863903201641, 6.392977878470383 ], [ -75.457859517788336, 6.392882919690134 ], [ -75.457834691478524, 6.392866471552584 ], [ -75.457820019320124, 6.392785994797731 ], [ -75.45781366531105, 6.392633816925414 ], [ -75.457910611927645, 6.392584098444788 ], [ -75.457871254354885, 6.392537856237843 ], [ -75.457800934301559, 6.392471490685795 ], [ -75.457777094553478, 6.392448973018156 ], [ -75.457747304932141, 6.392424097550994 ], [ -75.457717534390355, 6.39240635080405 ], [ -75.457682774969371, 6.392322309376321 ], [ -75.457665369909691, 6.39219104289458 ], [ -75.457614757550118, 6.39218540457351 ], [ -75.457623708832742, 6.392144854898522 ], [ -75.457439748449474, 6.391688627197374 ], [ -75.45738261635239, 6.391475644096199 ], [ -75.457351962172069, 6.391401781008707 ], [ -75.457395401250409, 6.391375566225596 ], [ -75.457456721264407, 6.39152764205453 ], [ -75.457539889136044, 6.39171445725263 ], [ -75.457644718697466, 6.39186641685228 ], [ -75.457758168530958, 6.39198790483122 ], [ -75.457840963598102, 6.392035530056762 ], [ -75.457873210672005, 6.391986010351092 ], [ -75.45791706563503, 6.391941940973862 ], [ -75.458017582561141, 6.391947949335384 ], [ -75.45812444587375, 6.391975921017409 ], [ -75.458231379782276, 6.392032144572871 ], [ -75.458323558768441, 6.392070211968433 ], [ -75.458436699582947, 6.392098163835063 ], [ -75.458574920042821, 6.392107212771895 ], [ -75.458681635433976, 6.392081810584783 ], [ -75.458744282375619, 6.392018849249024 ], [ -75.458750237010833, 6.391896391043843 ], [ -75.45874682421092, 6.391795935355825 ], [ -75.458727779946457, 6.391720637766152 ], [ -75.458693006700528, 6.391635960092821 ], [ -75.458648924879498, 6.391595265109055 ], [ -75.458601399583245, 6.391563069292332 ], [ -75.458478820838138, 6.391528865133846 ], [ -75.45835623368572, 6.391491516324093 ], [ -75.458280752787459, 6.39145404421416 ], [ -75.458227199340641, 6.391394535934771 ], [ -75.458186168912775, 6.391319297198878 ], [ -75.458157644695177, 6.39122204753968 ], [ -75.458119795039266, 6.391162497177372 ], [ -75.458085192716553, 6.391145396617192 ], [ -75.458000265437889, 6.391098530439298 ], [ -75.457943590134917, 6.391045310991342 ], [ -75.457921419058863, 6.390976299305813 ], [ -75.457927357127943, 6.390847560595271 ], [ -75.457942733240685, 6.390725077126244 ], [ -75.457970884368635, 6.390681046896997 ], [ -75.458030597552153, 6.390696586811886 ], [ -75.458102984952603, 6.390752902973005 ], [ -75.458194261893894, 6.390824868352664 ], [ -75.458269687235699, 6.390843504946339 ], [ -75.45833602322223, 6.390875103911465 ], [ -75.45839900625856, 6.390937728647161 ], [ -75.458455732012084, 6.391009786522948 ], [ -75.458506208895002, 6.391094419236548 ], [ -75.458566014580356, 6.391144491425864 ], [ -75.458647744324423, 6.391169388650823 ], [ -75.458757695765414, 6.391178513336264 ], [ -75.458877060032023, 6.39118447105388 ], [ -75.458936806911225, 6.391212568858235 ], [ -75.459009177656526, 6.39126260730852 ], [ -75.459065802627933, 6.39129699105192 ], [ -75.459112930682366, 6.391303142320687 ], [ -75.459191827205146, 6.391284095145774 ], [ -75.45921999504607, 6.391246342410115 ], [ -75.459219843687293, 6.391189832817623 ], [ -75.459175728237582, 6.391136576944392 ], [ -75.459062495151585, 6.391074089936749 ], [ -75.45897442069365, 6.39102409357606 ], [ -75.45889896506803, 6.390996040792156 ], [ -75.458814135272377, 6.390983707092801 ], [ -75.458738027681875, 6.390977466858947 ], [ -75.458700245235917, 6.390943032579078 ], [ -75.458671830229378, 6.390886595781633 ], [ -75.458633921718601, 6.390805068206625 ], [ -75.458599199020355, 6.390739231914456 ], [ -75.458561366172518, 6.390685959133542 ], [ -75.458510990183242, 6.390639000465406 ], [ -75.458448057613282, 6.390595217146093 ], [ -75.458397727019516, 6.390567094039739 ], [ -75.458391164763398, 6.39051905939802 ], [ -75.458394106859259, 6.390443702876724 ], [ -75.458400165838242, 6.390362057491702 ], [ -75.458381163731431, 6.390302456653341 ], [ -75.458315042062395, 6.390239840303748 ], [ -75.458235928291799, 6.390188969312733 ], [ -75.458147761640376, 6.390104437478461 ], [ -75.458072112958703, 6.390004172273578 ], [ -75.458043580489374, 6.389903783808994 ], [ -75.4580056553784, 6.389815978599525 ], [ -75.457952152560793, 6.389775305812257 ], [ -75.457835266564985, 6.389780356187027 ], [ -75.457786814969339, 6.389802960158615 ] ] ] ] } },
{ "type": "Feature", "properties": { "FID_": 0, "Name": "El Socorro" }, "geometry": { "type": "MultiPolygon", "coordinates": [ [ [ [ -75.460320642682916, 6.406464880164053 ], [ -75.460431452397259, 6.406521682479646 ], [ -75.460433730490152, 6.406710825462865 ], [ -75.46042817497657, 6.406834399753461 ], [ -75.460428443734841, 6.406934405248541 ], [ -75.460478274167954, 6.407067455199222 ], [ -75.460483244246944, 6.40718310283818 ], [ -75.4605022017262, 6.407349602750123 ], [ -75.460520916742439, 6.407425887254475 ], [ -75.460567691361362, 6.407603899715211 ], [ -75.460535493924283, 6.40771191452203 ], [ -75.460461989248145, 6.407911060521005 ], [ -75.46043453901126, 6.408036041623236 ], [ -75.460434887213296, 6.408165582903739 ], [ -75.460439931972616, 6.408308992762031 ], [ -75.460500476431378, 6.408456864621749 ], [ -75.460560939001539, 6.408558505394568 ], [ -75.460635339223415, 6.408692458734331 ], [ -75.46070984409458, 6.408849562888724 ], [ -75.460770202154919, 6.408928052782828 ], [ -75.460854018151338, 6.409113863818031 ], [ -75.460914530620855, 6.409233996894849 ], [ -75.460988918657463, 6.409363338868148 ], [ -75.461100368924249, 6.409492581059105 ], [ -75.46118867495521, 6.4096311317745 ], [ -75.461253767129605, 6.409737371243654 ], [ -75.461310747406472, 6.409882769500738 ], [ -75.461343449147307, 6.409993731104412 ], [ -75.461366892176059, 6.410095447729954 ], [ -75.461446121491576, 6.410308063779589 ], [ -75.461553266470588, 6.410552978334787 ], [ -75.461572112573833, 6.410677834773383 ], [ -75.461567714759596, 6.410774991402072 ], [ -75.46158178213723, 6.410839724586582 ], [ -75.461619031215434, 6.410909030283356 ], [ -75.46167014342258, 6.410982909937354 ], [ -75.461744080186506, 6.41121935156486 ], [ -75.461747040158116, 6.411358432319308 ], [ -75.461747463120858, 6.411515554664571 ], [ -75.461752899659004, 6.411626288412306 ], [ -75.461760857449534, 6.411700964124698 ], [ -75.461810022598769, 6.411788392516629 ], [ -75.461942526722666, 6.412110870432135 ], [ -75.461991787119686, 6.412221486076115 ], [ -75.462028020647153, 6.412283203610218 ], [ -75.462102918748315, 6.412337087762133 ], [ -75.462159847734796, 6.412427089835514 ], [ -75.462219612021613, 6.412609797871021 ], [ -75.462261148554433, 6.412720434282553 ], [ -75.462279683032193, 6.412845604344279 ], [ -75.462313731524304, 6.413043840023737 ], [ -75.462347691855911, 6.413221483058951 ], [ -75.462508816651351, 6.413719443665308 ], [ -75.462542943655649, 6.413958883093791 ], [ -75.46256137286349, 6.414105651245699 ], [ -75.462590550175292, 6.414232930421934 ], [ -75.462639561101, 6.414250814729912 ], [ -75.462716852781583, 6.414245453500539 ], [ -75.462792858611934, 6.41424267212042 ], [ -75.462886013660139, 6.414246393448513 ], [ -75.462956569866179, 6.414273147261883 ], [ -75.46301601540047, 6.414337378445254 ], [ -75.463075495676577, 6.414414491485869 ], [ -75.463132390390953, 6.414491611490998 ], [ -75.463168705558985, 6.414571345128582 ], [ -75.463197671982968, 6.41464461192724 ], [ -75.463071987687925, 6.415092128644217 ], [ -75.463169589980581, 6.415378858937364 ], [ -75.463267192412857, 6.415665589185439 ], [ -75.463375496179495, 6.415982193096536 ], [ -75.463429827951771, 6.41632244078884 ], [ -75.463430692090853, 6.416642806364617 ], [ -75.463444189544362, 6.416696161535987 ], [ -75.463538002416684, 6.416809379153779 ], [ -75.463614910072948, 6.416976965873137 ], [ -75.463763992828859, 6.417195666247133 ], [ -75.463913278418246, 6.417380324749058 ], [ -75.463942033210216, 6.417556958283288 ], [ -75.463984920431514, 6.417731123428569 ], [ -75.464042296577801, 6.418034891224456 ], [ -75.464063962925877, 6.418204472506814 ], [ -75.46406072387316, 6.418314023547063 ], [ -75.464053902433875, 6.418405933246156 ], [ -75.464040059203583, 6.418515531203441 ], [ -75.464054646545435, 6.418681586780528 ], [ -75.464096716046143, 6.418831616415459 ], [ -75.464119277550196, 6.419102387117125 ], [ -75.464169794493458, 6.419411179969519 ], [ -75.464203705866282, 6.419703462990974 ], [ -75.46420415273505, 6.41986895376283 ], [ -75.464237706672449, 6.420028836843479 ], [ -75.464238347251282, 6.420266045758088 ], [ -75.464239092172889, 6.420541881972759 ], [ -75.464240060530955, 6.420900436157522 ], [ -75.464254414640592, 6.421107266892091 ], [ -75.46465796095454, 6.421809973766444 ], [ -75.465021127282228, 6.42271834787778 ], [ -75.465064023932896, 6.422975975651413 ], [ -75.465134353925762, 6.423398361050656 ], [ -75.465247001745809, 6.4240748949213 ], [ -75.465294194174049, 6.42451110556583 ], [ -75.465295084612947, 6.424840352787087 ], [ -75.46507675164213, 6.425295621345075 ], [ -75.464811792698583, 6.425907801850123 ], [ -75.464687048576309, 6.42617467487214 ], [ -75.464609862224094, 6.426629561812374 ], [ -75.464661374986747, 6.426781868336786 ], [ -75.464679110539379, 6.426909318605808 ], [ -75.464650642393323, 6.427100643030945 ], [ -75.464599127222669, 6.427344187887619 ], [ -75.464739134381404, 6.427668350016519 ], [ -75.464704634394252, 6.427772760140887 ], [ -75.46463547714184, 6.427923627062723 ], [ -75.464514865099559, 6.428341145364819 ], [ -75.464418775558769, 6.428543402785682 ], [ -75.464792410445327, 6.428336392521041 ], [ -75.465136822945979, 6.428074380232682 ], [ -75.465546628689566, 6.427849487687434 ], [ -75.465663904423437, 6.428100925774648 ], [ -75.465804120257374, 6.428212437262887 ], [ -75.466056178190087, 6.428291010963075 ], [ -75.466387052792541, 6.428196871515653 ], [ -75.466672949243488, 6.42825294891743 ], [ -75.466901473961627, 6.428252329461184 ], [ -75.467147740593816, 6.428224300169236 ], [ -75.467215903604938, 6.428229643729687 ], [ -75.467391156249931, 6.428246339508242 ], [ -75.467718024057135, 6.428394641439444 ], [ -75.468093317515653, 6.428524559615099 ], [ -75.468709060791852, 6.428569509614408 ], [ -75.469026310539519, 6.428610607808849 ], [ -75.469231857723955, 6.428735927162363 ], [ -75.469470418083603, 6.428996359016268 ], [ -75.469564440117324, 6.429271169434695 ], [ -75.469650069090051, 6.429435762370559 ], [ -75.469678760564022, 6.429696764150703 ], [ -75.469586295228368, 6.429995391704762 ], [ -75.469409579331568, 6.430347328725507 ], [ -75.469238474731227, 6.43088393913505 ], [ -75.469053188935149, 6.431350655815026 ], [ -75.468918610053905, 6.431598114771171 ], [ -75.468737126867254, 6.431747795743199 ], [ -75.468474012307496, 6.431867644922716 ], [ -75.468458602291918, 6.431919503572365 ], [ -75.468465275508123, 6.432035649316166 ], [ -75.468471982453039, 6.43221010402947 ], [ -75.468491004134947, 6.43232844479459 ], [ -75.468533231664523, 6.432384410617347 ], [ -75.468575459203919, 6.432440376434512 ], [ -75.468572274519701, 6.432784304696152 ], [ -75.468581408080652, 6.433262123870446 ], [ -75.468589924526853, 6.433512773059138 ], [ -75.468732143531582, 6.433789619252932 ], [ -75.468820657592886, 6.433762665276601 ], [ -75.468901461532198, 6.433787664214353 ], [ -75.468941966223838, 6.433837991123394 ], [ -75.469011790438486, 6.433963153837524 ], [ -75.469087187763876, 6.434064547427921 ], [ -75.469175745953706, 6.434130566782558 ], [ -75.469246604935378, 6.434187799531748 ], [ -75.46938392748514, 6.434311111628558 ], [ -75.469441625699858, 6.434403718875664 ], [ -75.469485946585905, 6.434452189028342 ], [ -75.469545044048544, 6.43449681596785 ], [ -75.46958957611686, 6.434484814957261 ], [ -75.469597635476532, 6.434615707533808 ], [ -75.46960532374851, 6.43475454462412 ], [ -75.469649500219305, 6.434921961287484 ], [ -75.469681048648042, 6.435007960618277 ], [ -75.469658489747815, 6.435161136023597 ], [ -75.469651566137017, 6.435299811594418 ], [ -75.469667190187891, 6.435527364043419 ], [ -75.469621957927274, 6.435664248570516 ], [ -75.469593238454593, 6.435795118274174 ], [ -75.469586501330568, 6.435907787302967 ], [ -75.46961419579516, 6.435990093502976 ], [ -75.469693585601334, 6.436116305680036 ], [ -75.469650061725915, 6.436221528329073 ], [ -75.469563193977891, 6.436292970885194 ], [ -75.469439155563222, 6.436373680268975 ], [ -75.469257007560842, 6.436602615009497 ], [ -75.469171808369921, 6.436727219072729 ], [ -75.469027573453957, 6.436775715710824 ], [ -75.468859599761998, 6.436776172335744 ], [ -75.468577268605245, 6.436754663074026 ], [ -75.468343063846945, 6.436755299519684 ], [ -75.467995581439013, 6.436837591475818 ], [ -75.467764420950743, 6.436868046245332 ], [ -75.46740338962168, 6.436921204683347 ], [ -75.467323865286318, 6.436919272296964 ], [ -75.467125498053804, 6.436914452055974 ], [ -75.466885362323595, 6.436885107980845 ], [ -75.466663077409081, 6.436832110904503 ], [ -75.466589774719068, 6.436767332612435 ], [ -75.466504640552103, 6.436644263050578 ], [ -75.466446269914925, 6.436492336030954 ], [ -75.46634822907069, 6.436422733954728 ], [ -75.466074429104623, 6.436253625022693 ], [ -75.46585554133226, 6.436144962629154 ], [ -75.465591572295907, 6.436109043238048 ], [ -75.465188429913596, 6.436049419984433 ], [ -75.464932476659072, 6.436004983643048 ], [ -75.464785597084358, 6.435935921431458 ], [ -75.464612534008324, 6.43578630886622 ], [ -75.464361091888051, 6.435595177720891 ], [ -75.464203896140063, 6.435502897209108 ], [ -75.463967417655184, 6.435503537684358 ], [ -75.463764884689127, 6.435549104127595 ], [ -75.463640052759217, 6.435526056550223 ], [ -75.463286323997181, 6.435414256647807 ], [ -75.463030560621291, 6.435309789645336 ], [ -75.462805586792157, 6.435160739798147 ], [ -75.462450829894507, 6.434933068033651 ], [ -75.462284914777939, 6.434875881855072 ], [ -75.462051398876881, 6.434853433128746 ], [ -75.461887373312081, 6.434772003952903 ], [ -75.461733598562986, 6.43475146571965 ], [ -75.46157641608913, 6.434816240490723 ], [ -75.461475924352484, 6.434862933961377 ], [ -75.461367385556372, 6.43486322733136 ], [ -75.461241785951003, 6.434777408286496 ], [ -75.460966614936936, 6.434555607919937 ], [ -75.460868395735659, 6.43449286429525 ], [ -75.46076662738821, 6.434486358162338 ], [ -75.460668283962988, 6.434514170867602 ], [ -75.460667924456473, 6.434380998628961 ], [ -75.460667564957561, 6.434247826389623 ], [ -75.460657761280032, 6.434211468180038 ], [ -75.460637850271411, 6.434017298311739 ], [ -75.460490591763829, 6.433396732128895 ], [ -75.460488876746695, 6.432761218705394 ], [ -75.460647436870659, 6.432147717149358 ], [ -75.460864370250832, 6.431613490349553 ], [ -75.461091886205466, 6.431404270838164 ], [ -75.461391924807344, 6.431080854669061 ], [ -75.461410772465712, 6.430872198719054 ], [ -75.461356934090645, 6.430702549476257 ], [ -75.461293612721889, 6.43061539732382 ], [ -75.461118717813036, 6.430543100605846 ], [ -75.460919442043362, 6.43042720789228 ], [ -75.460812315531555, 6.430291661111062 ], [ -75.460704979676422, 6.430078494407489 ], [ -75.460621670764667, 6.429834696225331 ], [ -75.460542888836926, 6.429412847251855 ], [ -75.460547194086743, 6.429092432957263 ], [ -75.460585202955002, 6.428829143860698 ], [ -75.460763981167489, 6.42854243578278 ], [ -75.460714831242584, 6.428492796825569 ], [ -75.460664185796517, 6.428441830519605 ], [ -75.460561623837165, 6.428371215797786 ], [ -75.460449395762112, 6.428301892728228 ], [ -75.460345985428717, 6.428231668958778 ], [ -75.460251458446123, 6.428137953411773 ], [ -75.460140302110901, 6.428073942870405 ], [ -75.460068075474652, 6.428049476639825 ], [ -75.460020607878434, 6.428044225890969 ], [ -75.459900793214842, 6.428060350943904 ], [ -75.459842608737901, 6.428072250805463 ], [ -75.459726588785003, 6.428108190263184 ], [ -75.459678164217081, 6.428116709954447 ], [ -75.459627515210798, 6.428118030775065 ], [ -75.459593008053886, 6.428123339895355 ], [ -75.459481068069394, 6.42817093891764 ], [ -75.459320550883405, 6.428244215878025 ], [ -75.4592857151315, 6.428249989842637 ], [ -75.459149682359509, 6.428192141266649 ], [ -75.458969910071104, 6.428110153954072 ], [ -75.458673777130187, 6.428067290556394 ], [ -75.458487861709926, 6.428008501793841 ], [ -75.458239994621309, 6.427868482327104 ], [ -75.458045546613093, 6.427742872669371 ], [ -75.457918997702578, 6.427602525916201 ], [ -75.457831348564412, 6.427491182350666 ], [ -75.457675644341805, 6.427336360499468 ], [ -75.457587956149169, 6.427210463140193 ], [ -75.457490301901956, 6.42698756648554 ], [ -75.45730477031843, 6.426710508368424 ], [ -75.457145410398397, 6.426723685166837 ], [ -75.456992323307503, 6.426698601626467 ], [ -75.456844435950245, 6.426658807184683 ], [ -75.456691228922907, 6.42658910634009 ], [ -75.456620718384414, 6.426449069950601 ], [ -75.456505868856951, 6.426417509266161 ], [ -75.456365636518768, 6.426430634356723 ], [ -75.456250975429199, 6.426469186152161 ], [ -75.456117203875209, 6.426514163114357 ], [ -75.45592599921001, 6.42654017307311 ], [ -75.455779116603281, 6.426451333201048 ], [ -75.455772449808208, 6.42634299431519 ], [ -75.455791132155909, 6.426177222135551 ], [ -75.455771764869908, 6.426088039421931 ], [ -75.455701442995732, 6.426018115393577 ], [ -75.455586422378772, 6.425922815661551 ], [ -75.455503212238227, 6.425801934882699 ], [ -75.4554455733265, 6.425706480880855 ], [ -75.455445385029392, 6.425636368313564 ], [ -75.455375080891955, 6.425572818285941 ], [ -75.455272965828854, 6.425534848928079 ], [ -75.45521563505821, 6.425554124694737 ], [ -75.455171073262107, 6.425579740265174 ], [ -75.455132972708356, 6.425637207797331 ], [ -75.455062839220517, 6.42563739622694 ], [ -75.454999047695182, 6.42562482000482 ], [ -75.454916025957203, 6.42557405167246 ], [ -75.454902720277119, 6.425530141048521 ], [ -75.454877429166302, 6.425446676780107 ], [ -75.454787860193449, 6.425332186714807 ], [ -75.454612926855546, 6.425172674297762 ], [ -75.454507632895641, 6.42500123358491 ], [ -75.454382086702211, 6.424710601894984 ], [ -75.454339906656628, 6.424482091570701 ], [ -75.454297693989105, 6.424253599593066 ], [ -75.454245078157058, 6.424014720291535 ], [ -75.454202781946947, 6.423755037614824 ], [ -75.453962767824123, 6.423423161617722 ], [ -75.453806031228595, 6.423132613321322 ], [ -75.45362867872295, 6.422904465504635 ], [ -75.453545011578584, 6.422717654163587 ], [ -75.453482239126686, 6.422572338078453 ], [ -75.4533861541193, 6.422295038756832 ], [ -75.453350488299051, 6.422274194294647 ], [ -75.453316421738975, 6.422239458551574 ], [ -75.453194615573466, 6.422122513230911 ], [ -75.45313160661162, 6.422059861832536 ], [ -75.453114568564615, 6.421955206922235 ], [ -75.453093285097609, 6.421829641545401 ], [ -75.453080256920614, 6.421657971149823 ], [ -75.453054951330046, 6.421472665944891 ], [ -75.453130348779951, 6.421468279427557 ], [ -75.453209710208071, 6.421367550415056 ], [ -75.453285092393841, 6.421235330527099 ], [ -75.453339987254566, 6.42115251920007 ], [ -75.453383793233286, 6.421047701146747 ], [ -75.453400103333294, 6.42095399332521 ], [ -75.453390882577779, 6.420835211204778 ], [ -75.453358527530483, 6.420694070934628 ], [ -75.453283742177206, 6.420511529628715 ], [ -75.453188389162662, 6.420311721244595 ], [ -75.452938130034468, 6.420100816448746 ], [ -75.452709574284953, 6.419878981273398 ], [ -75.452480220308516, 6.419688996817426 ], [ -75.45233329886095, 6.419542900891479 ], [ -75.452191734308826, 6.419380528152679 ], [ -75.452017221190061, 6.419270813189754 ], [ -75.451849740746596, 6.419122816983795 ], [ -75.451793497220947, 6.418909582880128 ], [ -75.451774170246978, 6.418622045835691 ], [ -75.451782861783627, 6.418408656128785 ], [ -75.451800824687695, 6.418137427828718 ], [ -75.451744407654516, 6.417859254152682 ], [ -75.451808481741779, 6.417525100282098 ], [ -75.451687270570659, 6.417152778051083 ], [ -75.45159370619885, 6.416874703735135 ], [ -75.451529153077146, 6.416682850915977 ], [ -75.451452964864231, 6.416463914023572 ], [ -75.451519341690329, 6.416227092860939 ], [ -75.451574718266684, 6.416042586423511 ], [ -75.451591163142027, 6.415919621150762 ], [ -75.45162429045574, 6.415762534757852 ], [ -75.451657417758923, 6.41560544836621 ], [ -75.451673787943591, 6.415454555243763 ], [ -75.451673519015074, 6.41535398186871 ], [ -75.451622854790372, 6.415225615284325 ], [ -75.451531929432591, 6.415136800940194 ], [ -75.451428988570825, 6.415053244881643 ], [ -75.451372030388413, 6.415007159395127 ], [ -75.451289194895381, 6.414969077940161 ], [ -75.451203195276989, 6.414916502424867 ], [ -75.451117220398487, 6.414857329087233 ], [ -75.451034507058324, 6.414798147008415 ], [ -75.450984726721046, 6.41469929041324 ], [ -75.450971202516953, 6.41458380703866 ], [ -75.450977422272373, 6.414438592866297 ], [ -75.45101218427979, 6.414274975319148 ], [ -75.450965672147589, 6.414241992762936 ], [ -75.450485163428851, 6.414034585458746 ], [ -75.45048851214608, 6.413892784221008 ], [ -75.450454554043716, 6.413754819051695 ], [ -75.45040567377022, 6.413628102821137 ], [ -75.450356843291203, 6.413520020925136 ], [ -75.45030806517164, 6.413415675234618 ], [ -75.450228938265809, 6.413301224119328 ], [ -75.450216457728587, 6.413156185893268 ], [ -75.450159285364492, 6.413049271577728 ], [ -75.45006137935647, 6.412885126105309 ], [ -75.449990999329316, 6.412763525424385 ], [ -75.44992649889393, 6.412670386765 ], [ -75.449759817122782, 6.412328859795624 ], [ -75.449562086961876, 6.412308215387077 ], [ -75.449448992471218, 6.412259123484794 ], [ -75.44938531228479, 6.412202833579297 ], [ -75.449279216906092, 6.412132550464201 ], [ -75.449166099524788, 6.412069335015721 ], [ -75.449024805780013, 6.412034433266395 ], [ -75.4488481630123, 6.411978444792262 ], [ -75.448685650239625, 6.41192948458126 ], [ -75.448630861790733, 6.411889543311063 ], [ -75.448473474475037, 6.41178890938334 ], [ -75.448284670222378, 6.411569135493603 ], [ -75.448158550803925, 6.41133619005349 ], [ -75.447680014725336, 6.412024615306146 ], [ -75.44728265630917, 6.412100188628005 ], [ -75.447050144801807, 6.411701957183427 ], [ -75.446956640131987, 6.411591576239065 ], [ -75.446840111314657, 6.411580241053464 ], [ -75.44671781152239, 6.411592212677918 ], [ -75.446769847194162, 6.411446506668725 ], [ -75.446841577715148, 6.411295655842027 ], [ -75.447593197175991, 6.410515439377655 ], [ -75.447526464953697, 6.410341760156952 ], [ -75.447169530025135, 6.41007573979712 ], [ -75.447028309691234, 6.409918817594703 ], [ -75.446986375409452, 6.409720234212472 ], [ -75.447010981976732, 6.409629096140863 ], [ -75.447267412346434, 6.40951251093908 ], [ -75.447515645338981, 6.409420776889359 ], [ -75.447565034691252, 6.409304743352504 ], [ -75.447548522656902, 6.40922226399128 ], [ -75.447543508785898, 6.409128272942314 ], [ -75.447530058639288, 6.408971951246407 ], [ -75.447471128729589, 6.408867869722529 ], [ -75.44737309714138, 6.408763892698918 ], [ -75.447287961069577, 6.408607761679727 ], [ -75.447352956747807, 6.40854243977587 ], [ -75.447528826821397, 6.408509396450123 ], [ -75.44758866189413, 6.408485806041194 ], [ -75.447649271903231, 6.408381750319829 ], [ -75.447663931579115, 6.408357090723427 ], [ -75.447706432553119, 6.408228618041726 ], [ -75.447717987317404, 6.408186695739717 ], [ -75.447719439371483, 6.408063467198187 ], [ -75.447715320724271, 6.408026929326668 ], [ -75.447696272755806, 6.407905310302932 ], [ -75.447687245931121, 6.407867045325592 ], [ -75.447890610317401, 6.407697799178835 ], [ -75.44812228650936, 6.407661535339927 ], [ -75.448538095339529, 6.407589134461979 ], [ -75.448704447629012, 6.407570867865603 ], [ -75.448656588136728, 6.407452175152762 ], [ -75.448489412781072, 6.407161511255538 ], [ -75.448349083565361, 6.40690939212185 ], [ -75.448671199756348, 6.406844786248609 ], [ -75.448735112992082, 6.406506656575592 ], [ -75.448912118483364, 6.406521661444042 ], [ -75.449077867360558, 6.406496813347205 ], [ -75.449237580931481, 6.406429447941968 ], [ -75.449444505730838, 6.406363090553992 ], [ -75.449548462075882, 6.406328140607418 ], [ -75.449663948158872, 6.406281602977012 ], [ -75.449746821869525, 6.406379409508217 ], [ -75.449803917275332, 6.406453628380998 ], [ -75.44987036769642, 6.406508017653048 ], [ -75.449901250443943, 6.406538726382089 ], [ -75.449974494272269, 6.406573170985208 ], [ -75.450066905930044, 6.406576773271515 ], [ -75.450236565513123, 6.406498591004994 ], [ -75.450307686752339, 6.406661589831246 ], [ -75.450317850893114, 6.406824912731753 ], [ -75.450342997873165, 6.406927858284313 ], [ -75.450384023147947, 6.407003966035133 ], [ -75.450407229748691, 6.407080420833035 ], [ -75.450476636332596, 6.407207979695328 ], [ -75.450507848394935, 6.407255368852082 ], [ -75.450539060463569, 6.407302758005625 ], [ -75.450559871583721, 6.407335501613086 ], [ -75.450573763786011, 6.407366537422801 ], [ -75.450752690024956, 6.407243162595354 ], [ -75.450934694468387, 6.407135481492491 ], [ -75.451051072812263, 6.407037472041194 ], [ -75.451261147634369, 6.406976868390906 ], [ -75.451445809571155, 6.406965509599574 ], [ -75.45158707377405, 6.40693485103019 ], [ -75.451675688267684, 6.406906621801007 ], [ -75.451819785666913, 6.406893518931157 ], [ -75.451913776389176, 6.406934867766098 ], [ -75.45192929135159, 6.406944501537064 ], [ -75.452175015824068, 6.406896311401476 ], [ -75.452250941348282, 6.406865153681495 ], [ -75.452301912345149, 6.406816470619564 ], [ -75.452447846055506, 6.406758411292927 ], [ -75.452447763951398, 6.406727681675117 ], [ -75.452447527382077, 6.406639138531403 ], [ -75.452451582590385, 6.406521084318693 ], [ -75.452503044882533, 6.406434823160644 ], [ -75.452570039321586, 6.406394853796254 ], [ -75.452583926940164, 6.406363530357227 ], [ -75.452692700682547, 6.4061181917359 ], [ -75.452868014629942, 6.406112985361139 ], [ -75.453058180007957, 6.406082644362141 ], [ -75.453243337899792, 6.406102262651204 ], [ -75.453361257298369, 6.406143669009923 ], [ -75.453537518133615, 6.406260461061819 ], [ -75.45363028286954, 6.406329495214809 ], [ -75.453671957792864, 6.406294616921694 ], [ -75.453748786557043, 6.406240091715539 ], [ -75.453866584387569, 6.406126962486675 ], [ -75.453869899136308, 6.406126555818747 ], [ -75.453710376380002, 6.405391512499032 ], [ -75.453784455794391, 6.405391314279075 ], [ -75.453963584267143, 6.405375030167654 ], [ -75.454099138898883, 6.405353810468218 ], [ -75.454240612404192, 6.405323584739178 ], [ -75.454295690395455, 6.405255445457358 ], [ -75.454351528115311, 6.405132791805833 ], [ -75.454506305598017, 6.405011931427682 ], [ -75.454571293578198, 6.404941171335937 ], [ -75.454690579495164, 6.404864834195132 ], [ -75.45482608768441, 6.404761306221722 ], [ -75.454891162754606, 6.404723123086685 ], [ -75.454998920616944, 6.404703845632415 ], [ -75.455099407433892, 6.404703032657543 ], [ -75.455099763430951, 6.404655268026499 ], [ -75.456149403663304, 6.40521250140529 ], [ -75.457090001175459, 6.405489611340824 ], [ -75.457550923070301, 6.405662738497326 ], [ -75.457741492220833, 6.405781096398409 ], [ -75.457881010207643, 6.405865629628228 ], [ -75.458069935610354, 6.40594726376507 ], [ -75.458248814770613, 6.405971530642733 ], [ -75.458424875712808, 6.405972850365028 ], [ -75.458700665882205, 6.405979498278378 ], [ -75.458982725984882, 6.406009306111326 ], [ -75.459166245117402, 6.406032588043613 ], [ -75.459458880886629, 6.406205013162603 ], [ -75.459646153343911, 6.406360738646066 ], [ -75.45984997273689, 6.406353398488844 ], [ -75.460208060745714, 6.406407169346013 ], [ -75.460320642682916, 6.406464880164053 ] ] ] ] } },
{ "type": "Feature", "properties": { "FID_": 0, "Name": "Mercedes Abrego" }, "geometry": { "type": "MultiPolygon", "coordinates": [ [ [ [ -75.447666692079338, 6.412340748458483 ], [ -75.447653369458195, 6.412656881610272 ], [ -75.44761925429637, 6.413016941021374 ], [ -75.447617512765476, 6.413112388493572 ], [ -75.447654401064867, 6.413297587412621 ], [ -75.447678374478116, 6.413553644429516 ], [ -75.447657321250617, 6.413568665724845 ], [ -75.447594161560161, 6.413613729607165 ], [ -75.447543109550509, 6.41363656766935 ], [ -75.447449435401495, 6.413639662708271 ], [ -75.447446116092621, 6.413460884462844 ], [ -75.447008012877305, 6.413121515451743 ], [ -75.446923109633417, 6.41322106796709 ], [ -75.446835423970413, 6.413343329800304 ], [ -75.446804483967242, 6.413451248475094 ], [ -75.446835366498149, 6.413565068731513 ], [ -75.446886827138755, 6.413701143001668 ], [ -75.446960732658056, 6.413733580505211 ], [ -75.446986364724921, 6.413764728360897 ], [ -75.446987892193107, 6.413807291432224 ], [ -75.446973828521266, 6.413855573682818 ], [ -75.446963965070466, 6.413882561163701 ], [ -75.447049647151061, 6.414075303201635 ], [ -75.447048955405464, 6.414141855722289 ], [ -75.446967726883372, 6.414155606288035 ], [ -75.44683466520172, 6.414192060226594 ], [ -75.44678509501675, 6.414223780237358 ], [ -75.446714264743221, 6.414280118829996 ], [ -75.446457199301435, 6.414160376301773 ], [ -75.446335980575427, 6.414086253825412 ], [ -75.446208659737763, 6.414049374610237 ], [ -75.445907539604661, 6.414006755308796 ], [ -75.445808212620747, 6.413994605196122 ], [ -75.445392352425088, 6.414488486326364 ], [ -75.445348409179488, 6.414534131087933 ], [ -75.445256818449337, 6.414489945190978 ], [ -75.44517882234237, 6.414492378645938 ], [ -75.445100826232149, 6.414494812089178 ], [ -75.445119242679027, 6.414474163000695 ], [ -75.445124315042619, 6.414448457103088 ], [ -75.445102610021053, 6.414401248413498 ], [ -75.44503912918411, 6.414292530219706 ], [ -75.44503269206696, 6.41414299832205 ], [ -75.445023453716999, 6.414081094595669 ], [ -75.444993168246043, 6.414058347402401 ], [ -75.445012565195654, 6.414007959645794 ], [ -75.445035062999366, 6.413948991801029 ], [ -75.445056600351336, 6.413887435867032 ], [ -75.445055988672976, 6.413858299275422 ], [ -75.445058919881703, 6.413825058827186 ], [ -75.445033149440263, 6.413794462320117 ], [ -75.445033069066668, 6.413764250261935 ], [ -75.445020934332703, 6.413743135685094 ], [ -75.444961927855402, 6.413716096594555 ], [ -75.444915333321774, 6.413691612873319 ], [ -75.44486515677049, 6.413701256601088 ], [ -75.444874075655036, 6.413643072523586 ], [ -75.444883078924093, 6.413616612818354 ], [ -75.444873928998661, 6.413587937222215 ], [ -75.444848147740814, 6.4135532651484 ], [ -75.444801205157134, 6.413515163365184 ], [ -75.444776982596082, 6.413501634021286 ], [ -75.444745255822525, 6.413467462046172 ], [ -75.444738330881293, 6.413439828556119 ], [ -75.444759671805855, 6.413328779751458 ], [ -75.44477759935846, 6.413251697569269 ], [ -75.444685328771172, 6.413205226731256 ], [ -75.444581709263588, 6.413178200518732 ], [ -75.444554433631524, 6.413150705250738 ], [ -75.444490419796523, 6.41308931892337 ], [ -75.444418828817746, 6.413021531781195 ], [ -75.444338169285388, 6.412842232503754 ], [ -75.444176687347991, 6.412919135099354 ], [ -75.444015745809324, 6.412997257740286 ], [ -75.443891028663444, 6.413144596672992 ], [ -75.443823299914868, 6.413227557279983 ], [ -75.443755571145317, 6.413310517882376 ], [ -75.443725187795764, 6.413533926967359 ], [ -75.443704858859519, 6.413611257848498 ], [ -75.443616536191342, 6.413909536975202 ], [ -75.443582940617105, 6.414021700587147 ], [ -75.443585838748845, 6.414131169708641 ], [ -75.443615002713599, 6.414313544979906 ], [ -75.443612589478576, 6.414386527405214 ], [ -75.443536393970973, 6.414464259194179 ], [ -75.44347709265142, 6.414559959077086 ], [ -75.443440917567102, 6.414682562021127 ], [ -75.443386484331953, 6.414807819502922 ], [ -75.443326781267942, 6.41491223460553 ], [ -75.44331392296823, 6.414970074160348 ], [ -75.443316636505912, 6.415019132440216 ], [ -75.443257806896369, 6.41501857374449 ], [ -75.443170782942531, 6.415042548561481 ], [ -75.443131260488514, 6.415066397376457 ], [ -75.443000682470554, 6.415086530636941 ], [ -75.4429479429797, 6.415072611759214 ], [ -75.442940501975002, 6.415050925881594 ], [ -75.442899076111473, 6.414965841781444 ], [ -75.44282411651146, 6.414905368679725 ], [ -75.442797267153622, 6.414895571500691 ], [ -75.442732311530079, 6.414885867069975 ], [ -75.442654587543672, 6.414849393405643 ], [ -75.44261592897773, 6.41484420696462 ], [ -75.442497406935729, 6.414745230120987 ], [ -75.442462069134976, 6.414728389424318 ], [ -75.442420878675634, 6.414698628354168 ], [ -75.442283025838663, 6.414722781740505 ], [ -75.442145172981085, 6.414746935092455 ], [ -75.442059271195546, 6.414714994392405 ], [ -75.441930314694844, 6.41462241875445 ], [ -75.441890881522184, 6.414583211618227 ], [ -75.442029280541206, 6.414193288023285 ], [ -75.442036599817641, 6.413593418394641 ], [ -75.44204143500113, 6.413395056101351 ], [ -75.442101660169385, 6.413187605170442 ], [ -75.442165739784571, 6.41308379375132 ], [ -75.44217270471664, 6.412905338076848 ], [ -75.442182986932494, 6.412739125980511 ], [ -75.441911987369394, 6.412825993818236 ], [ -75.44174982091377, 6.412832214614587 ], [ -75.441547173447503, 6.412861705280722 ], [ -75.441411079574195, 6.412870751825583 ], [ -75.44127498568848, 6.412879798335297 ], [ -75.44117359280537, 6.412868487165207 ], [ -75.441072199922559, 6.412857175974097 ], [ -75.44092158710211, 6.412851785538677 ], [ -75.440744497991631, 6.413019301437193 ], [ -75.440879667111233, 6.413342185343931 ], [ -75.440909714953307, 6.413512240305884 ], [ -75.440935799495406, 6.414075443719837 ], [ -75.440940000162939, 6.41426406064999 ], [ -75.440944200848207, 6.414452677578122 ], [ -75.440749339884164, 6.414450729502537 ], [ -75.440689986540022, 6.41439170894189 ], [ -75.440667591341892, 6.414317796681472 ], [ -75.44053125988647, 6.41406418902863 ], [ -75.440464558245822, 6.414024913956563 ], [ -75.440385590547677, 6.41401032987273 ], [ -75.440232727772838, 6.414019883363695 ], [ -75.440152434124883, 6.414059603304377 ], [ -75.440102246663258, 6.414148284130152 ], [ -75.440039919789086, 6.414283314748488 ], [ -75.440024857855661, 6.414391860695212 ], [ -75.439547151277253, 6.414206829450102 ], [ -75.439225541322884, 6.414098089783326 ], [ -75.438252994705351, 6.413711429662504 ], [ -75.4372155196763, 6.413367242835593 ], [ -75.437015952949096, 6.413181400471287 ], [ -75.436855425665385, 6.412942058138135 ], [ -75.436809976887716, 6.41276175309349 ], [ -75.436584256846444, 6.412876984893784 ], [ -75.436429544682326, 6.412962093470539 ], [ -75.436170659039092, 6.413035828417986 ], [ -75.435915182766522, 6.413142758634523 ], [ -75.435809890689015, 6.413181469767014 ], [ -75.43570459859167, 6.413220180881155 ], [ -75.435670756676799, 6.413097563340576 ], [ -75.43558825238452, 6.412959279402354 ], [ -75.435526427433885, 6.412865700731566 ], [ -75.435513010706217, 6.412830545479975 ], [ -75.435520437339108, 6.41276729282159 ], [ -75.435520375379426, 6.412743835077674 ], [ -75.435471975835654, 6.412681408268179 ], [ -75.435457536183577, 6.412643653136534 ], [ -75.435439147431495, 6.412591573052899 ], [ -75.435418106792241, 6.412522557837661 ], [ -75.435400767754729, 6.412488663492448 ], [ -75.435369697850589, 6.412431744931949 ], [ -75.435348744293563, 6.412387727657431 ], [ -75.435342089769065, 6.412330180688025 ], [ -75.435337170775512, 6.412261027494349 ], [ -75.435330724466894, 6.412206902122501 ], [ -75.435324278160849, 6.412152776750181 ], [ -75.435327868092799, 6.412104454755737 ], [ -75.435308627060195, 6.412031235551512 ], [ -75.435273911273029, 6.411939194532075 ], [ -75.435255834747977, 6.411921432398069 ], [ -75.435252333812898, 6.411889166773215 ], [ -75.435277701276434, 6.411865226728464 ], [ -75.435318439303643, 6.411830465295335 ], [ -75.435395414518609, 6.411797919571932 ], [ -75.435458482462394, 6.411777895727598 ], [ -75.435519358048936, 6.411759850190746 ], [ -75.435590357732522, 6.411722298657986 ], [ -75.435670911309586, 6.411673194342532 ], [ -75.435693940816449, 6.411637703111476 ], [ -75.435690056014124, 6.411548543618514 ], [ -75.4356891445142, 6.411494642176145 ], [ -75.435707559117006, 6.411465320973241 ], [ -75.435735876329304, 6.41143019825057 ], [ -75.435747477105849, 6.411411311615559 ], [ -75.435782886034104, 6.411397349203364 ], [ -75.435832192442902, 6.411391061045706 ], [ -75.43588436462781, 6.411395854336376 ], [ -75.435938504688252, 6.411381534142069 ], [ -75.435989602402799, 6.411371915641525 ], [ -75.436031397182262, 6.411364950199765 ], [ -75.436066599768566, 6.411353996909027 ], [ -75.436080454507405, 6.41134549098205 ], [ -75.436124281151564, 6.41131533514204 ], [ -75.436181988183662, 6.411286385130168 ], [ -75.436215837676045, 6.411264423465352 ], [ -75.436279056978506, 6.411234490428635 ], [ -75.436312571505184, 6.411234401812316 ], [ -75.436372115353123, 6.411219352288983 ], [ -75.436454325726118, 6.41114462295305 ], [ -75.436519130461008, 6.411075140783418 ], [ -75.436550482010148, 6.411012054342028 ], [ -75.436575011133584, 6.410931005816357 ], [ -75.436636022842322, 6.410773441988469 ], [ -75.436641106387015, 6.410742033127827 ], [ -75.43642329736312, 6.410787564624255 ], [ -75.43635840460702, 6.410758894411658 ], [ -75.436334132155793, 6.410743964926992 ], [ -75.436245746784365, 6.410662280774779 ], [ -75.436218246677029, 6.410639646607854 ], [ -75.436190746571995, 6.410617012438922 ], [ -75.436213340582071, 6.410515830654128 ], [ -75.436231369855477, 6.410250998586735 ], [ -75.43628611248181, 6.410151167651004 ], [ -75.43631624507249, 6.410099055655105 ], [ -75.436261164971285, 6.410023520183578 ], [ -75.436188934296865, 6.409915089801116 ], [ -75.436198037648794, 6.409717727147469 ], [ -75.436222022924625, 6.40955357614706 ], [ -75.436232913321419, 6.409375099861724 ], [ -75.436227693051265, 6.40921885698515 ], [ -75.436196096898655, 6.409055417213222 ], [ -75.436185421227393, 6.408854851086575 ], [ -75.436184167177913, 6.408379995655147 ], [ -75.436201324591266, 6.408209114188207 ], [ -75.436237738556684, 6.408058954039218 ], [ -75.436265557887964, 6.407924701232699 ], [ -75.436275093933048, 6.407995393174161 ], [ -75.436315027562216, 6.408042903336832 ], [ -75.436374923072535, 6.408079792086191 ], [ -75.436487624025347, 6.408110402305224 ], [ -75.436509909251072, 6.408119049397121 ], [ -75.436573756074736, 6.408116945962637 ], [ -75.436626592425327, 6.408041507056716 ], [ -75.436714268981376, 6.407966154238609 ], [ -75.436778365370699, 6.407931568101542 ], [ -75.436829426485318, 6.407965779584011 ], [ -75.436892161238291, 6.407919633793849 ], [ -75.436957702507684, 6.407884471054964 ], [ -75.437005830355531, 6.407875599620512 ], [ -75.437108524103223, 6.407882608525671 ], [ -75.437148588985593, 6.407892506836276 ], [ -75.437174876999819, 6.40790867832704 ], [ -75.437245828935545, 6.407946351850184 ], [ -75.437281868520401, 6.407939642771383 ], [ -75.437317379831143, 6.407900180957258 ], [ -75.437295769832104, 6.407758358400493 ], [ -75.437292973568063, 6.407652124659736 ], [ -75.437376492131961, 6.407621636447756 ], [ -75.437217064562873, 6.407325672400689 ], [ -75.437239392882105, 6.407287174607277 ], [ -75.437260153406754, 6.407258277918637 ], [ -75.437309431336715, 6.407231502797532 ], [ -75.437338915525672, 6.407192458124723 ], [ -75.437400219671744, 6.407160741485226 ], [ -75.43742992440373, 6.407137192380625 ], [ -75.437482724092803, 6.407111418424249 ], [ -75.437553184798119, 6.407089607091699 ], [ -75.437591600157475, 6.407070273385674 ], [ -75.437612291046548, 6.407022972096549 ], [ -75.437616135904221, 6.40695487952898 ], [ -75.437627223813536, 6.406906789043798 ], [ -75.437677550922672, 6.406841755546762 ], [ -75.4377257195829, 6.406792854209211 ], [ -75.437758446858751, 6.406739080682684 ], [ -75.437759747824714, 6.406628534037356 ], [ -75.437748749041063, 6.406585022131215 ], [ -75.437760326366828, 6.406546041947704 ], [ -75.437793848116527, 6.406491477181311 ], [ -75.437839477333853, 6.40645506300875 ], [ -75.437877316231223, 6.40643110638405 ], [ -75.43795162008179, 6.406394423204735 ], [ -75.437988085036565, 6.40638169664997 ], [ -75.438062478885968, 6.406181951377761 ], [ -75.437976991926249, 6.406096943624305 ], [ -75.437838742267019, 6.405991208145732 ], [ -75.437699453773021, 6.405748802998974 ], [ -75.437528157219802, 6.405482787739013 ], [ -75.437502783338587, 6.405294551965581 ], [ -75.437512854543499, 6.405070691418614 ], [ -75.43748758095505, 6.404921536236261 ], [ -75.437312893227642, 6.404715929648477 ], [ -75.437248639265675, 6.404609513645467 ], [ -75.437278932633575, 6.404503851002939 ], [ -75.437283849882604, 6.404490837412689 ], [ -75.437251583667205, 6.404384336848927 ], [ -75.437150762719227, 6.404261707933922 ], [ -75.437101603660679, 6.404114711476519 ], [ -75.437049944317593, 6.403853654094463 ], [ -75.436998285053946, 6.403592596693611 ], [ -75.437035566801228, 6.403605265142605 ], [ -75.437072848549803, 6.403617933588492 ], [ -75.437095234050048, 6.403631705375581 ], [ -75.437139255323586, 6.403660684703687 ], [ -75.437196502412007, 6.403694208902671 ], [ -75.437235954825979, 6.403722830339936 ], [ -75.437275407244044, 6.403751451773209 ], [ -75.437321503537859, 6.403868320613568 ], [ -75.437483694012627, 6.403862100630239 ], [ -75.437622660227831, 6.403864837817031 ], [ -75.437750189528614, 6.403867187361377 ], [ -75.437976975267432, 6.403820053232789 ], [ -75.438129139448733, 6.403776429325704 ], [ -75.438455805061864, 6.40369419415503 ], [ -75.438545495357459, 6.403702497349322 ], [ -75.438673191244121, 6.403702159520409 ], [ -75.438789216615305, 6.403678641915814 ], [ -75.438922686366951, 6.403666683437796 ], [ -75.439085054634916, 6.403608227838263 ], [ -75.439183605899203, 6.403561546092957 ], [ -75.439247319236728, 6.403591506442893 ], [ -75.43947556185546, 6.403613449362017 ], [ -75.439538092791267, 6.403620062797615 ], [ -75.439839475300644, 6.403663050599427 ], [ -75.439838892302262, 6.403558650810043 ], [ -75.439891742863807, 6.403544471343303 ], [ -75.44005710169877, 6.403550578741245 ], [ -75.440258786058834, 6.403561401922436 ], [ -75.440294308621077, 6.40387701279938 ], [ -75.440433422783229, 6.403905965349812 ], [ -75.440535176587929, 6.403936188713921 ], [ -75.440724450592327, 6.40399667277472 ], [ -75.440788826042663, 6.40400456787409 ], [ -75.440874931277236, 6.403968342125832 ], [ -75.441004746388998, 6.403862288800177 ], [ -75.441134561444812, 6.403756235452604 ], [ -75.441468510349367, 6.403505727231094 ], [ -75.441597538765976, 6.403346206018286 ], [ -75.441761892164251, 6.403113778672255 ], [ -75.441813842708072, 6.403411245284083 ], [ -75.441976209428532, 6.404211793504586 ], [ -75.442272044397839, 6.404211008763101 ], [ -75.442376802603818, 6.40420456955765 ], [ -75.442438565671651, 6.404253696555377 ], [ -75.442451316777394, 6.404287416831172 ], [ -75.442513182030837, 6.404371139025907 ], [ -75.442577195800766, 6.40447942266593 ], [ -75.442709931806277, 6.404716534484224 ], [ -75.442765731884705, 6.404821621622798 ], [ -75.442832958669555, 6.404931740848689 ], [ -75.44299485469088, 6.405147793180745 ], [ -75.443055872191252, 6.405240436344646 ], [ -75.443118826730185, 6.405341083837373 ], [ -75.443133329313113, 6.405367840038996 ], [ -75.443191748806115, 6.405448557208299 ], [ -75.443240646526007, 6.405496303471605 ], [ -75.443364140872575, 6.405577616216783 ], [ -75.443385176115783, 6.405590415303953 ], [ -75.443479273586988, 6.405647687231277 ], [ -75.443495111891949, 6.405653358477085 ], [ -75.443529368028663, 6.405659423767947 ], [ -75.443588785913391, 6.40565662625893 ], [ -75.44369029976076, 6.405637951083951 ], [ -75.443756385139153, 6.405610727718369 ], [ -75.443863342210349, 6.405586433224013 ], [ -75.443990057490225, 6.405556842988972 ], [ -75.444007693796721, 6.40555559380606 ], [ -75.444022790293957, 6.405557560586911 ], [ -75.444106084663972, 6.405585987181992 ], [ -75.444119538559718, 6.405588735768151 ], [ -75.444133462731969, 6.40558821964784 ], [ -75.444150635074138, 6.405589209103963 ], [ -75.44416780741625, 6.405590198559494 ], [ -75.444213807996874, 6.405601846464799 ], [ -75.444252664904752, 6.40562193867104 ], [ -75.444313581819571, 6.405662990354732 ], [ -75.444338326366534, 6.405687594878305 ], [ -75.444435089109973, 6.405778651207331 ], [ -75.444528726707929, 6.405839657670373 ], [ -75.444631622543668, 6.405902411349833 ], [ -75.444736938437558, 6.405978094871714 ], [ -75.444758168135778, 6.405999445255748 ], [ -75.444837209680458, 6.406093766847334 ], [ -75.444916423084067, 6.406194940315697 ], [ -75.444951009152902, 6.406223134647131 ], [ -75.444982761489243, 6.406239150533297 ], [ -75.445117992677723, 6.406292493433892 ], [ -75.445188971198817, 6.406311030986849 ], [ -75.445315786521093, 6.406349674367686 ], [ -75.445447836213845, 6.406378911187497 ], [ -75.44564484071627, 6.406373776698045 ], [ -75.445665829074173, 6.40636891155946 ], [ -75.445747050624149, 6.406341602471361 ], [ -75.445818136545753, 6.40632922736481 ], [ -75.445862431115131, 6.406332725630935 ], [ -75.445932161246645, 6.40635627912433 ], [ -75.445992385317226, 6.406391582940101 ], [ -75.446025368571327, 6.406418506803465 ], [ -75.4461412921885, 6.406530954695785 ], [ -75.446233004087802, 6.406605110114436 ], [ -75.446318929428841, 6.406671307600822 ], [ -75.446430799470207, 6.406741015856911 ], [ -75.446544492535295, 6.406809815224936 ], [ -75.446576965370696, 6.406824888912002 ], [ -75.446879658819142, 6.406964122122241 ], [ -75.44700041244711, 6.407020391154882 ], [ -75.447012381241791, 6.407025362937584 ], [ -75.447106205345335, 6.407064595395878 ], [ -75.447217951511178, 6.407125046774056 ], [ -75.447314853139986, 6.407186532071466 ], [ -75.447389905409182, 6.407255325662342 ], [ -75.447443682978943, 6.407330042901297 ], [ -75.447516360058771, 6.407440101502464 ], [ -75.447577126968014, 6.407557017047095 ], [ -75.447627055839305, 6.407662607178898 ], [ -75.447672463296925, 6.407804369478042 ], [ -75.447696272755806, 6.407905310302932 ], [ -75.447715320724271, 6.408026929326668 ], [ -75.447719439371483, 6.408063467198187 ], [ -75.447717987317404, 6.408186695739717 ], [ -75.447706432553119, 6.408228618041726 ], [ -75.447663931579115, 6.408357090723427 ], [ -75.447649271903231, 6.408381750319829 ], [ -75.44758866189413, 6.408485806041194 ], [ -75.447528826821397, 6.408509396450123 ], [ -75.447352956747807, 6.40854243977587 ], [ -75.447287961069577, 6.408607761679727 ], [ -75.44737309714138, 6.408763892698918 ], [ -75.447471128729589, 6.408867869722529 ], [ -75.447530058639288, 6.408971951246407 ], [ -75.447543508785898, 6.409128272942314 ], [ -75.447548522656902, 6.40922226399128 ], [ -75.447565034691252, 6.409304743352504 ], [ -75.447515645338981, 6.409420776889359 ], [ -75.447267412346434, 6.40951251093908 ], [ -75.447010981976732, 6.409629096140863 ], [ -75.446986375409452, 6.409720234212472 ], [ -75.447028309691234, 6.409918817594703 ], [ -75.447169530025135, 6.41007573979712 ], [ -75.447526464953697, 6.410341760156952 ], [ -75.447593197175991, 6.410515439377655 ], [ -75.446841577715148, 6.411295655842027 ], [ -75.446769847194162, 6.411446506668725 ], [ -75.44671781152239, 6.411592212677918 ], [ -75.446840111314657, 6.411580241053464 ], [ -75.446956640131987, 6.411591576239065 ], [ -75.447050144801807, 6.411701957183427 ], [ -75.44728265630917, 6.412100188628005 ], [ -75.447680014725336, 6.412024615306146 ], [ -75.447666692079338, 6.412340748458483 ] ] ] ] } },
{ "type": "Feature", "properties": { "FID_": 0, "Name": "San Andres" }, "geometry": { "type": "MultiPolygon", "coordinates": [ [ [ [ -75.45473729179534, 6.402911875531555 ], [ -75.454736472922718, 6.402919427638866 ], [ -75.454735263498804, 6.402930581631515 ], [ -75.454670044998437, 6.403039888781318 ], [ -75.454580653343953, 6.403233172188237 ], [ -75.454696671095448, 6.403375155617288 ], [ -75.454848651761111, 6.403650446981509 ], [ -75.454920681585705, 6.403970412588599 ], [ -75.455003917937077, 6.404210954896636 ], [ -75.455099763430951, 6.404655268026499 ], [ -75.455099407433892, 6.404703032657543 ], [ -75.454998920616944, 6.404703845632415 ], [ -75.454891162754606, 6.404723123086685 ], [ -75.45482608768441, 6.404761306221722 ], [ -75.454690579495164, 6.404864834195132 ], [ -75.454571293578198, 6.404941171335937 ], [ -75.454506305598017, 6.405011931427682 ], [ -75.454351528115311, 6.405132791805833 ], [ -75.454295690395455, 6.405255445457358 ], [ -75.454240612404192, 6.405323584739178 ], [ -75.454099138898883, 6.405353810468218 ], [ -75.453963584267143, 6.405375030167654 ], [ -75.453784455794391, 6.405391314279075 ], [ -75.453710376380002, 6.405391512499032 ], [ -75.453869899136308, 6.406126555818747 ], [ -75.453866584387569, 6.406126962486675 ], [ -75.453748786557043, 6.406240091715539 ], [ -75.453671957792864, 6.406294616921694 ], [ -75.45363028286954, 6.406329495214809 ], [ -75.453537518133615, 6.406260461061819 ], [ -75.453361257298369, 6.406143669009923 ], [ -75.453243337899792, 6.406102262651204 ], [ -75.453058180007957, 6.406082644362141 ], [ -75.452868014629942, 6.406112985361139 ], [ -75.452692700682547, 6.4061181917359 ], [ -75.452583926940164, 6.406363530357227 ], [ -75.452570039321586, 6.406394853796254 ], [ -75.452503044882533, 6.406434823160644 ], [ -75.452451582590385, 6.406521084318693 ], [ -75.452447645666339, 6.406683410103297 ], [ -75.452447846055506, 6.406758411292927 ], [ -75.452301912345149, 6.406816470619564 ], [ -75.452250941348282, 6.406865153681495 ], [ -75.452175015824068, 6.406896311401476 ], [ -75.45192929135159, 6.406944501537064 ], [ -75.451921533870319, 6.406939684651656 ], [ -75.451819785666913, 6.406893518931157 ], [ -75.451675688267684, 6.406906621801007 ], [ -75.45158707377405, 6.40693485103019 ], [ -75.451445809571155, 6.406965509599574 ], [ -75.451261147634369, 6.406976868390906 ], [ -75.451051072812263, 6.407037472041194 ], [ -75.450934694468387, 6.407135481492491 ], [ -75.450752690024956, 6.407243162595354 ], [ -75.450573763786011, 6.407366537422801 ], [ -75.450559871583721, 6.407335501613086 ], [ -75.450539060463569, 6.407302758005625 ], [ -75.450476636332596, 6.407207979695328 ], [ -75.450407229748691, 6.407080420833035 ], [ -75.450384068561931, 6.407004115652764 ], [ -75.450342997873165, 6.406927858284313 ], [ -75.450317850893114, 6.406824912731753 ], [ -75.450307686752339, 6.406661589831246 ], [ -75.450236565513123, 6.406498591004994 ], [ -75.450066905930044, 6.406576773271515 ], [ -75.449974494272269, 6.406573170985208 ], [ -75.449901250443943, 6.406538726382089 ], [ -75.449870367696434, 6.406508017653061 ], [ -75.449803917275332, 6.406453628380998 ], [ -75.449746821869525, 6.406379409508217 ], [ -75.449663948158872, 6.406281602977012 ], [ -75.449548462075882, 6.406328140607418 ], [ -75.449444505730838, 6.406363090553992 ], [ -75.449237580931481, 6.406429447941968 ], [ -75.449077867360558, 6.406496813347205 ], [ -75.448912118483364, 6.406521661444042 ], [ -75.448735112992082, 6.406506656575592 ], [ -75.448671199756348, 6.406844786248609 ], [ -75.448349083565361, 6.40690939212185 ], [ -75.448489412781072, 6.407161511255538 ], [ -75.448656588136728, 6.407452175152762 ], [ -75.448704447629012, 6.407570867865603 ], [ -75.448538095339529, 6.407589134461979 ], [ -75.44812228650936, 6.407661535339927 ], [ -75.447890610317401, 6.407697799178835 ], [ -75.447687245931121, 6.407867045325592 ], [ -75.447672463296925, 6.407804369478042 ], [ -75.447627055839305, 6.407662607178898 ], [ -75.447577126968014, 6.407557017047095 ], [ -75.447516360058771, 6.407440101502464 ], [ -75.447443682978943, 6.407330042901297 ], [ -75.447389905409182, 6.407255325662342 ], [ -75.447314853139986, 6.407186532071466 ], [ -75.447217951511178, 6.407125046774056 ], [ -75.447106205345335, 6.407064595395878 ], [ -75.447024350036685, 6.407030334719956 ], [ -75.44700041244711, 6.407020391154882 ], [ -75.446879658819142, 6.406964122122241 ], [ -75.446576965370696, 6.406824888912002 ], [ -75.446544492535295, 6.406809815224936 ], [ -75.446430799470207, 6.406741015856911 ], [ -75.446318929428841, 6.406671307600822 ], [ -75.446233004087802, 6.406605110114436 ], [ -75.4461412921885, 6.406530954695785 ], [ -75.446025368571327, 6.406418506803465 ], [ -75.445992385317226, 6.406391582940101 ], [ -75.445932161246645, 6.40635627912433 ], [ -75.445862431115131, 6.406332725630935 ], [ -75.445818136545753, 6.40632922736481 ], [ -75.445747050624149, 6.406341602471361 ], [ -75.445665829074173, 6.40636891155946 ], [ -75.44564484071627, 6.406373776698045 ], [ -75.445447836213845, 6.406378911187497 ], [ -75.445315786521093, 6.406349674367686 ], [ -75.445188971198817, 6.406311030986849 ], [ -75.445117992677723, 6.406292493433892 ], [ -75.444982761489243, 6.406239150533297 ], [ -75.444951009152902, 6.406223134647131 ], [ -75.444916423084067, 6.406194940315697 ], [ -75.444837209680458, 6.406093766847334 ], [ -75.444758168135778, 6.405999445255748 ], [ -75.444736938437558, 6.405978094871714 ], [ -75.444631622543668, 6.405902411349833 ], [ -75.444528726707929, 6.405839657670373 ], [ -75.444435089109973, 6.405778651207331 ], [ -75.444338326366534, 6.405687594878305 ], [ -75.444313581819571, 6.405662990354732 ], [ -75.444252664904752, 6.40562193867104 ], [ -75.444213807996874, 6.405601846464799 ], [ -75.44416780741625, 6.405590198559494 ], [ -75.444133462731969, 6.40558821964784 ], [ -75.444119538559718, 6.405588735768151 ], [ -75.444106084663972, 6.405585987181992 ], [ -75.444022790293957, 6.405557560586911 ], [ -75.444007693796721, 6.40555559380606 ], [ -75.443990057490225, 6.405556842988972 ], [ -75.443863342210349, 6.405586433224013 ], [ -75.443756385139153, 6.405610727718369 ], [ -75.44369029976076, 6.405637951083951 ], [ -75.443588785913391, 6.40565662625893 ], [ -75.443529368028663, 6.405659423767947 ], [ -75.443495111891949, 6.405653358477085 ], [ -75.443479273586988, 6.405647687231277 ], [ -75.443385176115783, 6.405590415303953 ], [ -75.443364140872575, 6.405577616216783 ], [ -75.443240646526007, 6.405496303471605 ], [ -75.443224985325941, 6.405482450501601 ], [ -75.443191748806115, 6.405448557208299 ], [ -75.443133329313113, 6.405367840038996 ], [ -75.443118826730185, 6.405341083837373 ], [ -75.443055872191252, 6.405240436344646 ], [ -75.44299485469088, 6.405147793180745 ], [ -75.442917960408124, 6.405045175774401 ], [ -75.442832958669555, 6.404931740848689 ], [ -75.442765731884705, 6.404821621622798 ], [ -75.442709931806277, 6.404716534484224 ], [ -75.442700837437869, 6.404701597335551 ], [ -75.442577195800766, 6.40447942266593 ], [ -75.442513182030837, 6.404371139025907 ], [ -75.442451316777394, 6.404287416831172 ], [ -75.442438565671651, 6.404253696555377 ], [ -75.442376802603818, 6.40420456955765 ], [ -75.442272044397839, 6.404211008763101 ], [ -75.441976209428532, 6.404211793504586 ], [ -75.441813842708072, 6.403411245284083 ], [ -75.441761892164251, 6.403113778672255 ], [ -75.441597538765976, 6.403346206018286 ], [ -75.441468510349367, 6.403505727231094 ], [ -75.441134561444812, 6.403756235452604 ], [ -75.440874931277236, 6.403968342125832 ], [ -75.440788826042663, 6.40400456787409 ], [ -75.440724450592327, 6.40399667277472 ], [ -75.440535176587929, 6.403936188713921 ], [ -75.440433422783229, 6.403905965349812 ], [ -75.440294308621077, 6.40387701279938 ], [ -75.440258786058834, 6.403561401922436 ], [ -75.44005710169877, 6.403550578741245 ], [ -75.439891742863807, 6.403544471343303 ], [ -75.439838892302262, 6.403558650810043 ], [ -75.439839475300644, 6.403663050599427 ], [ -75.439538092791267, 6.403620062797615 ], [ -75.43947556185546, 6.403613449362017 ], [ -75.439247319236728, 6.403591506442893 ], [ -75.439183605899203, 6.403561546092957 ], [ -75.439085054634916, 6.403608227838263 ], [ -75.438922686366951, 6.403666683437796 ], [ -75.438789216615305, 6.403678641915814 ], [ -75.438673191244121, 6.403702159520409 ], [ -75.438545495357459, 6.403702497349322 ], [ -75.438455805061864, 6.40369419415503 ], [ -75.438129139448733, 6.403776429325704 ], [ -75.437976975267432, 6.403820053232789 ], [ -75.437750189528614, 6.403867187361377 ], [ -75.437622660227831, 6.403864837817031 ], [ -75.437483694012627, 6.403862100630239 ], [ -75.437321503537859, 6.403868320613568 ], [ -75.437275407244044, 6.403751451773209 ], [ -75.437235954825979, 6.403722830339936 ], [ -75.437196502412007, 6.403694208902671 ], [ -75.437139255323586, 6.403660684703687 ], [ -75.437095234050048, 6.403631705375581 ], [ -75.437072848549803, 6.403617933588492 ], [ -75.437035566801228, 6.403605265142605 ], [ -75.436998285053946, 6.403592596693611 ], [ -75.436889904943698, 6.403573969306684 ], [ -75.436795984880263, 6.403556958117166 ], [ -75.436736763471842, 6.403508227018044 ], [ -75.436708473230766, 6.403463381629538 ], [ -75.436683994052856, 6.403424465499161 ], [ -75.436628843802666, 6.403369923259345 ], [ -75.43659245106636, 6.403340056066535 ], [ -75.436575355410227, 6.403316750712623 ], [ -75.436576024418287, 6.40328604885337 ], [ -75.436594546717146, 6.403243868661758 ], [ -75.436641016670023, 6.403186938085941 ], [ -75.43667899333451, 6.403144155059186 ], [ -75.436693155958025, 6.403114158842446 ], [ -75.436707719274281, 6.403030553929338 ], [ -75.43670163070847, 6.402964168510725 ], [ -75.436665443100424, 6.402935709046896 ], [ -75.4366187205964, 6.402897150005083 ], [ -75.436528489048698, 6.402805333147803 ], [ -75.4364573838604, 6.402721287379261 ], [ -75.436381120051138, 6.402648998932727 ], [ -75.436307950696715, 6.402575788605834 ], [ -75.436228647332456, 6.40252057413301 ], [ -75.436187415798273, 6.402495633381126 ], [ -75.436140876138367, 6.402493966911823 ], [ -75.436104996106167, 6.402489075224899 ], [ -75.436008614902448, 6.40256409755118 ], [ -75.435936909715878, 6.402521344369959 ], [ -75.4359192995001, 6.402487432323138 ], [ -75.43585681344733, 6.402436264981673 ], [ -75.435794424114363, 6.402421763207331 ], [ -75.435739302338149, 6.402381575937788 ], [ -75.435720876927221, 6.402348625351403 ], [ -75.435702451518964, 6.402315674763822 ], [ -75.435668161613506, 6.40230555784789 ], [ -75.435570089272403, 6.402340508499678 ], [ -75.435483937047366, 6.402359378553175 ], [ -75.435296038174926, 6.402365916738211 ], [ -75.435260799348939, 6.402348418741046 ], [ -75.435238089615126, 6.402315809749105 ], [ -75.43521788019396, 6.402278168075202 ], [ -75.43519018257652, 6.402260650174699 ], [ -75.435166245883792, 6.402239352945133 ], [ -75.435142309192983, 6.402218055714018 ], [ -75.435112038399538, 6.402177927535476 ], [ -75.435083089153153, 6.402135426690352 ], [ -75.435037186259919, 6.402107189512126 ], [ -75.43499335002565, 6.402081052733344 ], [ -75.434914446455579, 6.402034589902362 ], [ -75.434715912979243, 6.401988442568966 ], [ -75.434599116689327, 6.401956664290746 ], [ -75.434517371837572, 6.401939378235808 ], [ -75.434483817147992, 6.401939466714531 ], [ -75.434424705238555, 6.40195843856798 ], [ -75.434375916685113, 6.401930443886771 ], [ -75.434331256574623, 6.401891424357083 ], [ -75.434282455756275, 6.40189351321293 ], [ -75.434247382290778, 6.401942443519289 ], [ -75.434223489093057, 6.402104124651417 ], [ -75.434176078831783, 6.402112949189577 ], [ -75.434140554632634, 6.40209773203658 ], [ -75.43409015781738, 6.402080761032377 ], [ -75.434064955753115, 6.402081231699792 ], [ -75.434023709189105, 6.402098703366025 ], [ -75.433987497931682, 6.402128573608447 ], [ -75.433955864983432, 6.40216785724455 ], [ -75.43393638188769, 6.402189682347824 ], [ -75.433911861979269, 6.402202783197953 ], [ -75.43387932497707, 6.402211754046421 ], [ -75.433852752949022, 6.402200743052614 ], [ -75.433834432754182, 6.402180083228769 ], [ -75.433815192748796, 6.402167691053371 ], [ -75.433786783446379, 6.402167474218105 ], [ -75.433727891691319, 6.402194369281748 ], [ -75.433713916100018, 6.402194375581503 ], [ -75.433680487837478, 6.402141801847291 ], [ -75.433657591973684, 6.40210529854311 ], [ -75.43362553282698, 6.40206627326592 ], [ -75.43359645302921, 6.402024950189301 ], [ -75.433563702432053, 6.40199602961657 ], [ -75.433524539260233, 6.401961141147186 ], [ -75.4335014085719, 6.401938646309254 ], [ -75.433456934144729, 6.401896461135137 ], [ -75.433444886231854, 6.401883282189455 ], [ -75.4334064374696, 6.401880981605556 ], [ -75.433349301304844, 6.401888881707663 ], [ -75.433308524889995, 6.401877188133847 ], [ -75.433275082661325, 6.401858831539438 ], [ -75.433264549910461, 6.401843679676122 ], [ -75.433262722696796, 6.401829901770189 ], [ -75.433262497449633, 6.40182048640756 ], [ -75.433262274085877, 6.401806478134841 ], [ -75.433299870193594, 6.401751805606744 ], [ -75.433274689136269, 6.401701065284777 ], [ -75.433244947560937, 6.401659947759149 ], [ -75.433205419934424, 6.401609920891061 ], [ -75.433127374536625, 6.401665326424792 ], [ -75.432994841559974, 6.401751696324787 ], [ -75.432899623217779, 6.401743672597343 ], [ -75.43286262395111, 6.40172991324354 ], [ -75.432788609215081, 6.401696235431905 ], [ -75.432712524028759, 6.401663650601056 ], [ -75.432625146672152, 6.401616603710225 ], [ -75.432600407413915, 6.401579716864212 ], [ -75.432550282128403, 6.401510997591246 ], [ -75.432497328348006, 6.40146800209296 ], [ -75.432464528820972, 6.401468088445088 ], [ -75.432429021677009, 6.401477745261394 ], [ -75.432414021035925, 6.401490080923934 ], [ -75.432397650283008, 6.401501053934257 ], [ -75.432366261175815, 6.401517531200185 ], [ -75.432344402009022, 6.40152032126219 ], [ -75.432306107658377, 6.401509492314481 ], [ -75.432281048761922, 6.401496089902686 ], [ -75.432267770185547, 6.401482268685844 ], [ -75.432237791904612, 6.401451573690126 ], [ -75.432222598580481, 6.401422151315038 ], [ -75.432210170554498, 6.40140591138055 ], [ -75.432184136379533, 6.401380021617462 ], [ -75.432171811534843, 6.401370490560615 ], [ -75.432091167473772, 6.401377402901127 ], [ -75.432048974251316, 6.401345381043886 ], [ -75.431926928150844, 6.401257838653935 ], [ -75.431857451928408, 6.401256354748142 ], [ -75.431830773815378, 6.401254758216904 ], [ -75.431777443881657, 6.401261565157284 ], [ -75.431737315046789, 6.401237972312657 ], [ -75.431696768791284, 6.401241443802942 ], [ -75.431673562884853, 6.401247308264087 ], [ -75.431650356977656, 6.401253172724299 ], [ -75.431592376044378, 6.401280408561997 ], [ -75.43156528494336, 6.401280479835735 ], [ -75.431545903198028, 6.401268923700759 ], [ -75.431538111955646, 6.401249599304857 ], [ -75.431522397773847, 6.401160652999102 ], [ -75.431522275727033, 6.401114224818062 ], [ -75.431526003273902, 6.401060048741912 ], [ -75.43154133148721, 6.40100197279035 ], [ -75.431533418206726, 6.400936220212166 ], [ -75.431504198667042, 6.400862785597724 ], [ -75.431490561598338, 6.40082800009351 ], [ -75.431393487328322, 6.400678698269994 ], [ -75.430951447726258, 6.400924889004049 ], [ -75.430884649470912, 6.400951803968688 ], [ -75.430340860471702, 6.401177180922073 ], [ -75.430091163791403, 6.401344452798693 ], [ -75.429876889188151, 6.401507371725317 ], [ -75.429723026265094, 6.401672365140304 ], [ -75.429657097081943, 6.401741373586897 ], [ -75.429495870844633, 6.401307734653138 ], [ -75.429704290307569, 6.400960920941291 ], [ -75.430130338551535, 6.40001844667493 ], [ -75.430498408312687, 6.398958213500454 ], [ -75.430744390057527, 6.398480897647266 ], [ -75.430867636051602, 6.398339338285303 ], [ -75.43114972472155, 6.398162052350054 ], [ -75.431361639197775, 6.398161495226439 ], [ -75.431591398532063, 6.398231508789804 ], [ -75.432316274460774, 6.398547381796083 ], [ -75.432758040903991, 6.398652145560134 ], [ -75.433093154298021, 6.398492373742789 ], [ -75.433180094547424, 6.397940935216202 ], [ -75.433179165737045, 6.397587849382984 ], [ -75.433072279753574, 6.397235042452787 ], [ -75.433036032068557, 6.396882049553601 ], [ -75.433035707067617, 6.396758469421139 ], [ -75.433176426050906, 6.396546246067606 ], [ -75.433243116616907, 6.396456862260525 ], [ -75.433282011132178, 6.396404732835315 ], [ -75.433933784594927, 6.395785112700487 ], [ -75.434661388875924, 6.395216140716201 ], [ -75.435084377494405, 6.394897247124514 ], [ -75.435772349206118, 6.394612963407588 ], [ -75.436954781955336, 6.394327374503473 ], [ -75.437519229546709, 6.394078723322011 ], [ -75.438100984117867, 6.393492749030857 ], [ -75.438106135465247, 6.393485863804347 ], [ -75.438114833529909, 6.393480353328292 ], [ -75.43812307427909, 6.39347621850023 ], [ -75.438130398582771, 6.393470709600745 ], [ -75.438136806844227, 6.393464743378213 ], [ -75.438140924697962, 6.393456946286974 ], [ -75.438145499866835, 6.39344777354762 ], [ -75.438154651414095, 6.393432178313884 ], [ -75.438159685309373, 6.393424838545541 ], [ -75.438164718599523, 6.393416123654693 ], [ -75.438169751687838, 6.393406950389666 ], [ -75.438176159343101, 6.393399609044411 ], [ -75.438181651157919, 6.393392268750363 ], [ -75.438187600892718, 6.39338492793066 ], [ -75.438194466265884, 6.393377127685496 ], [ -75.438201332243906, 6.393370702562753 ], [ -75.438209114061962, 6.393364276388671 ], [ -75.438222846823933, 6.393353259639497 ], [ -75.438231545691835, 6.393349582658789 ], [ -75.438241157575703, 6.393339487388519 ], [ -75.438248023350894, 6.393332603891225 ], [ -75.43825626308778, 6.393326177190993 ], [ -75.43826450302619, 6.393320208864814 ], [ -75.438271827124325, 6.393314241589924 ], [ -75.438278693302237, 6.393308274840662 ], [ -75.438292426061082, 6.393297258090238 ], [ -75.438299750158521, 6.393291290815088 ], [ -75.438307074457555, 6.393285781913998 ], [ -75.438320806811589, 6.393273848414792 ], [ -75.438327215068355, 6.393267882190826 ], [ -75.438334538761382, 6.393260998167079 ], [ -75.438341404736036, 6.393254573043135 ], [ -75.438342774258359, 6.393244945609126 ], [ -75.438345975662287, 6.393235774446292 ], [ -75.438349634986082, 6.393226602757713 ], [ -75.438356042838393, 6.393219719785317 ], [ -75.43836290901406, 6.39321375303538 ], [ -75.438369775391365, 6.393208244659511 ], [ -75.438377099890261, 6.393203194131947 ], [ -75.438383965863636, 6.393196769007701 ], [ -75.43839083163499, 6.393189885509268 ], [ -75.438397239486292, 6.393183002536559 ], [ -75.438404105055483, 6.393175660663903 ], [ -75.438410512906415, 6.393168777691099 ], [ -75.438416004513755, 6.393160979021587 ], [ -75.438421496322789, 6.393153638726177 ], [ -75.438428362294928, 6.393147213601583 ], [ -75.438436144510334, 6.393141704173551 ], [ -75.438444842767097, 6.393136652067938 ], [ -75.438453541225556, 6.393132058336324 ], [ -75.43846178196587, 6.39312792350453 ], [ -75.438470480625867, 6.393123788146803 ], [ -75.438481927208443, 6.39312056638214 ], [ -75.438490626069978, 6.393116889398235 ], [ -75.438499325537066, 6.393114587536525 ], [ -75.438508024398331, 6.393110910552378 ], [ -75.43851672366327, 6.393108150316309 ], [ -75.438544194610955, 6.393098492907373 ], [ -75.438552893673446, 6.39309527429668 ], [ -75.43856159233188, 6.393091138937678 ], [ -75.43857074870796, 6.39308654467855 ], [ -75.43857898924432, 6.393081951471136 ], [ -75.438587229982474, 6.393077816637709 ], [ -75.438595012598725, 6.39307322395602 ], [ -75.43860187897134, 6.393067715577941 ], [ -75.438609660981299, 6.393061747773834 ], [ -75.438616985475335, 6.393056697243761 ], [ -75.438624767484939, 6.393050729439489 ], [ -75.43863117553316, 6.393044304838942 ], [ -75.438637125459465, 6.393037422390227 ], [ -75.438643991023042, 6.393030080515464 ], [ -75.438651772627864, 6.393023195962776 ], [ -75.438658638595086, 6.393016770836041 ], [ -75.438666421007653, 6.393011719779517 ], [ -75.438673745500338, 6.393006669248897 ], [ -75.438681527710514, 6.393001159818133 ], [ -75.438689767638138, 6.392995191487208 ], [ -75.438697092130326, 6.392990140956346 ], [ -75.43871265776184, 6.392981872338638 ], [ -75.438721814538425, 6.392978194825627 ], [ -75.438730513597278, 6.392974976212576 ], [ -75.438759358290852, 6.392965317216342 ], [ -75.438769431310149, 6.392962555398615 ], [ -75.438778588692173, 6.392960253006914 ], [ -75.438788203589453, 6.392957033340877 ], [ -75.438797360566937, 6.392953814200778 ], [ -75.438806975666054, 6.39295105290849 ], [ -75.438816132238941, 6.392946917020009 ], [ -75.438825746933432, 6.392943238979326 ], [ -75.43883444558638, 6.392939103616684 ], [ -75.438844060280545, 6.392935425575716 ], [ -75.438852759337522, 6.392932206960907 ], [ -75.43886191651616, 6.392929446193873 ], [ -75.438871073896848, 6.392927143800735 ], [ -75.438881604833966, 6.392924381454937 ], [ -75.438891219931776, 6.392921620161282 ], [ -75.438900835433884, 6.392919775615534 ], [ -75.438910450531438, 6.392917014321559 ], [ -75.438919608113778, 6.392915170301677 ], [ -75.438928765291507, 6.39291240953359 ], [ -75.438937464751803, 6.392910107665593 ], [ -75.438946621727041, 6.392906888523203 ], [ -75.438955778499846, 6.392903211006648 ], [ -75.43896539359659, 6.392900449711773 ], [ -75.438974092247264, 6.392896314347155 ], [ -75.438983706939126, 6.392892636303946 ], [ -75.439002020887926, 6.392886198017626 ], [ -75.439010262023075, 6.392882979926794 ], [ -75.43901941899712, 6.392879760783297 ], [ -75.439028576375691, 6.392877458387685 ], [ -75.439037275429968, 6.392874239770199 ], [ -75.43904551656459, 6.392871021678888 ], [ -75.439055589579425, 6.392868259856255 ], [ -75.439064746755136, 6.392865499086069 ], [ -75.439075735608668, 6.39286273621046 ], [ -75.439084435471742, 6.392861351088285 ], [ -75.43909359284946, 6.392859048691642 ], [ -75.439102292509972, 6.392857205195195 ], [ -75.439111907604556, 6.392854443897923 ], [ -75.439130222764007, 6.392850755851594 ], [ -75.439139837858221, 6.392847994553857 ], [ -75.439149910871734, 6.392845232729572 ], [ -75.43915906865351, 6.39284384707985 ], [ -75.439168226232766, 6.392842003056002 ], [ -75.439177841528917, 6.392839700131604 ], [ -75.439187456420015, 6.392836480459089 ], [ -75.439205771577761, 6.392832792410322 ], [ -75.439215387075905, 6.392830947859269 ], [ -75.439224544654536, 6.392829103834503 ], [ -75.439233701625554, 6.392825884687674 ], [ -75.439243316718347, 6.392823123388209 ], [ -75.439253389932929, 6.392820819936084 ], [ -75.439263005227986, 6.392818517010263 ], [ -75.439271704886636, 6.392816673511214 ], [ -75.439280403735026, 6.392812996516182 ], [ -75.439290018624604, 6.392809776841984 ], [ -75.439298717675243, 6.392806558220656 ], [ -75.439308332361961, 6.392802880172208 ], [ -75.439317489534275, 6.392800119398044 ], [ -75.439326646909024, 6.392797816997696 ], [ -75.439334888039753, 6.392794598902372 ], [ -75.439344503131053, 6.392791837601256 ], [ -75.439354118019608, 6.392788617926023 ], [ -75.439362817271899, 6.392785857677714 ], [ -75.439372432362802, 6.392783096376135 ], [ -75.439380673492849, 6.392779878280186 ], [ -75.4393902887861, 6.392777575352262 ], [ -75.439398988037894, 6.392774815103415 ], [ -75.43940860292561, 6.39277159542731 ], [ -75.439417759893828, 6.392768376277651 ], [ -75.439427374173221, 6.392763781479431 ], [ -75.439436073424474, 6.392761021230049 ], [ -75.43944477206756, 6.392756885858743 ], [ -75.439453928629788, 6.392752749960678 ], [ -75.43946125290654, 6.392747241047271 ], [ -75.439476817703536, 6.392737138914779 ], [ -75.439485057818359, 6.392731628947821 ], [ -75.439492382297146, 6.392726578408022 ], [ -75.439499706573031, 6.392721069494224 ], [ -75.439506572929488, 6.392715561107036 ], [ -75.439512980961069, 6.392709136498622 ], [ -75.439520762953009, 6.392703168684021 ], [ -75.439527171186995, 6.392697202449417 ], [ -75.439540903087476, 6.392684352178827 ], [ -75.439561501545199, 6.392666451894247 ], [ -75.439568367900222, 6.392660943506517 ], [ -75.439586218232478, 6.392641671259915 ], [ -75.439592167734588, 6.392633872055913 ], [ -75.439597201600947, 6.392626532279271 ], [ -75.440600167553271, 6.392883733005244 ], [ -75.440842748193219, 6.392850307742465 ], [ -75.441203243505782, 6.39276411608877 ], [ -75.44197827631173, 6.393422075529261 ], [ -75.441992864312411, 6.393494004159702 ], [ -75.44214949048326, 6.393483463664144 ], [ -75.442490401085038, 6.393431021697249 ], [ -75.442672716871499, 6.393390893016209 ], [ -75.44277345894541, 6.393769945299194 ], [ -75.442771858840644, 6.3937747594268 ], [ -75.442926438563603, 6.393883923773948 ], [ -75.442997936348149, 6.393951906591259 ], [ -75.443075035959268, 6.393970474131034 ], [ -75.443217054583457, 6.394010897376622 ], [ -75.443353492645713, 6.394059924512557 ], [ -75.443449358329232, 6.394091281847225 ], [ -75.443545693949034, 6.394136626328584 ], [ -75.44364365412757, 6.394178805423916 ], [ -75.443739601440896, 6.394240959482687 ], [ -75.443798091733342, 6.394280407797571 ], [ -75.443870022468033, 6.394331502958812 ], [ -75.443922293405919, 6.39436554645879 ], [ -75.443991843150542, 6.394413899089329 ], [ -75.44370599208068, 6.394743090662797 ], [ -75.443814160110335, 6.394828017327114 ], [ -75.44396786052809, 6.394918499001794 ], [ -75.44414987561936, 6.394991852622824 ], [ -75.44445125662952, 6.395069815888601 ], [ -75.44473476623277, 6.395051334712872 ], [ -75.444814930996472, 6.395082275268012 ], [ -75.444859536936505, 6.395131075727291 ], [ -75.444899764020377, 6.395193250133239 ], [ -75.444936167880684, 6.395301455815698 ], [ -75.444980436089651, 6.395415436049577 ], [ -75.444980601224756, 6.395477691337199 ], [ -75.44498963114205, 6.395522157557459 ], [ -75.445069913946185, 6.395597562478164 ], [ -75.445114437382756, 6.395615235257885 ], [ -75.445190199692533, 6.395650616076041 ], [ -75.445181464836196, 6.395717374549637 ], [ -75.445159415510162, 6.395788597032134 ], [ -75.445137277335959, 6.39584202876579 ], [ -75.445057222208533, 6.395962863729364 ], [ -75.445012589825637, 6.396030231686477 ], [ -75.444964541780237, 6.396127168594756 ], [ -75.444911808589211, 6.396216344210408 ], [ -75.445004683786038, 6.396242117196628 ], [ -75.445112195610619, 6.396324259048392 ], [ -75.445235680932853, 6.39641472794391 ], [ -75.445330611948037, 6.396461552810479 ], [ -75.445464271448699, 6.396532387211153 ], [ -75.445522304515066, 6.396603396998006 ], [ -75.44555266955949, 6.396642767711138 ], [ -75.445584814047251, 6.396689958810891 ], [ -75.445618339725897, 6.396745482477901 ], [ -75.445629730360707, 6.396847756721874 ], [ -75.445634274860438, 6.396881099556762 ], [ -75.445638819361179, 6.396914442391449 ], [ -75.445710013485851, 6.396923161474903 ], [ -75.445785681569731, 6.396922960445801 ], [ -75.445919293938871, 6.396975978383162 ], [ -75.446018420572628, 6.397021990132798 ], [ -75.446189337312163, 6.397110086145307 ], [ -75.446260565670201, 6.397150744188994 ], [ -75.446324048022348, 6.39718698069985 ], [ -75.446436462478232, 6.397197866409463 ], [ -75.4465281027977, 6.397234230682121 ], [ -75.446634005876732, 6.397266750501073 ], [ -75.446786657609081, 6.397305452630095 ], [ -75.446916554267119, 6.397343026403549 ], [ -75.447004536757206, 6.397379400305209 ], [ -75.447173022336941, 6.397393596341768 ], [ -75.447422166650256, 6.397444180721184 ], [ -75.447591823457984, 6.397440292636484 ], [ -75.447822557040311, 6.397454322835699 ], [ -75.448036993346832, 6.397559913485926 ], [ -75.448181980542572, 6.397717818430979 ], [ -75.448223694786094, 6.397869119858106 ], [ -75.448301948022049, 6.398022193670844 ], [ -75.448396586675273, 6.398164601229995 ], [ -75.448445791996562, 6.398298819109979 ], [ -75.448494997350011, 6.398433036979117 ], [ -75.448588881719445, 6.398543890101942 ], [ -75.448680782615213, 6.398652401182747 ], [ -75.448768095185727, 6.398754434247296 ], [ -75.448832658728975, 6.398818200252314 ], [ -75.448837594067029, 6.39883947938665 ], [ -75.448845128966127, 6.398890099581541 ], [ -75.448882914857492, 6.398930963946653 ], [ -75.448979468424355, 6.398970517147951 ], [ -75.449064038268119, 6.399020890286221 ], [ -75.449143228901434, 6.399038984080394 ], [ -75.449235827271067, 6.399066474805234 ], [ -75.449359716515872, 6.399084279139992 ], [ -75.449399087726903, 6.399089198185242 ], [ -75.449532263919764, 6.399097212815864 ], [ -75.449585010050058, 6.399092888884255 ], [ -75.449714818365365, 6.399095056297061 ], [ -75.449775160049242, 6.399113310097033 ], [ -75.449814615980017, 6.399150036997415 ], [ -75.44988932692938, 6.399216808046063 ], [ -75.449994877156669, 6.399229920146231 ], [ -75.45006440417923, 6.399236504377728 ], [ -75.450125527517685, 6.399228849520471 ], [ -75.450177449640606, 6.39923453019381 ], [ -75.450216880025437, 6.399232648602173 ], [ -75.450246234257378, 6.399219913775888 ], [ -75.450313182380796, 6.399201320629247 ], [ -75.450344139243469, 6.399218378961783 ], [ -75.450388610813263, 6.399223720282081 ], [ -75.45044725185528, 6.399232774017179 ], [ -75.450516736286858, 6.399223378593688 ], [ -75.450563629483909, 6.399223253529683 ], [ -75.450651623946214, 6.399246460221145 ], [ -75.450707769178777, 6.399259703941306 ], [ -75.45078992635122, 6.399292968480372 ], [ -75.450862846382449, 6.399295057912633 ], [ -75.450929928547879, 6.399313133568119 ], [ -75.451025185116194, 6.399317934173356 ], [ -75.451091005716222, 6.399305999774334 ], [ -75.451168359361759, 6.399307504260943 ], [ -75.45124221047007, 6.39930339447114 ], [ -75.451345377584403, 6.399290657120793 ], [ -75.451551446880671, 6.399270591364874 ], [ -75.451700609298157, 6.399263233109751 ], [ -75.451783299348506, 6.39925515038277 ], [ -75.451911595831234, 6.399246768644272 ], [ -75.452037178523156, 6.399233034291812 ], [ -75.452054769979128, 6.399236335690715 ], [ -75.452105643112645, 6.399244183184606 ], [ -75.452158740292248, 6.399276476654138 ], [ -75.452261360020401, 6.399320501396818 ], [ -75.452406261648292, 6.399380264333482 ], [ -75.452568486477915, 6.399413879007229 ], [ -75.452783934516702, 6.399452273093134 ], [ -75.452908498234535, 6.399476685349207 ], [ -75.453020695212686, 6.399497027006372 ], [ -75.45306620638712, 6.399510005070914 ], [ -75.453121244218096, 6.399518524111802 ], [ -75.453183252822399, 6.39953509743676 ], [ -75.453226533510843, 6.399569957318448 ], [ -75.453295632784062, 6.399595067687806 ], [ -75.453463917636853, 6.399672311190752 ], [ -75.453519466184559, 6.399713032714719 ], [ -75.453526219401141, 6.399769698361277 ], [ -75.45353819794731, 6.399863420557017 ], [ -75.453556808791006, 6.399933689270513 ], [ -75.45356207834152, 6.400025759418214 ], [ -75.453569023665835, 6.400119495064779 ], [ -75.45358591401731, 6.400171348164228 ], [ -75.453644741113663, 6.400248206085675 ], [ -75.453688434141128, 6.400305014271516 ], [ -75.453833321379335, 6.400481011834952 ], [ -75.453900530575069, 6.400588164302193 ], [ -75.453952644980006, 6.400658343389485 ], [ -75.453991556074783, 6.400696913720411 ], [ -75.454058522652346, 6.400747914036449 ], [ -75.454145940445429, 6.400832557792556 ], [ -75.454217719613936, 6.400915427638193 ], [ -75.454316197230526, 6.401058210791987 ], [ -75.454356334551264, 6.401150408292211 ], [ -75.454399420047693, 6.401222520292157 ], [ -75.454465483014033, 6.401310090281497 ], [ -75.454545620212144, 6.401382464558951 ], [ -75.454639571603934, 6.401511759873904 ], [ -75.454721770150002, 6.401708811748449 ], [ -75.454768924872127, 6.401896272925375 ], [ -75.454802795530014, 6.402043990207688 ], [ -75.454836666215968, 6.402191707482792 ], [ -75.454763678451457, 6.402668522834308 ], [ -75.454737672231218, 6.402908366936323 ], [ -75.45473729179534, 6.402911875531555 ] ] ] ] } }
]
}
